path,line,category,action,suspected_value
data/drip_morpho_scope_reproducibility_manifest.json,11,absolute_local_path,exclude_pending_sanitized_derivative,[not exported]
data/drip_morpho_scope_reproducibility_manifest.json,25,absolute_local_path,exclude_pending_sanitized_derivative,[not exported]
data/drip_morpho_scope_reproducibility_manifest.json,29,absolute_local_path,exclude_pending_sanitized_derivative,[not exported]
data/drip_morpho_scope_reproducibility_manifest.json,31,absolute_local_path,exclude_pending_sanitized_derivative,[not exported]
data/drip_morpho_scope_reproducibility_manifest.json,35,absolute_local_path,exclude_pending_sanitized_derivative,[not exported]
data/drip_morpho_scope_reproducibility_manifest.json,37,absolute_local_path,exclude_pending_sanitized_derivative,[not exported]
data/drip_morpho_scope_reproducibility_manifest.json,41,absolute_local_path,exclude_pending_sanitized_derivative,[not exported]
data/morpho_market_day_full_build_checkpoint.json,10,absolute_local_path,exclude_pending_sanitized_derivative,[not exported]
data/morpho_market_day_full_build_checkpoint.json,12,absolute_local_path,exclude_pending_sanitized_derivative,[not exported]
data/morpho_market_day_full_qa.json,30,absolute_local_path,exclude_pending_sanitized_derivative,[not exported]
data/morpho_market_day_full_qa.json,32,absolute_local_path,exclude_pending_sanitized_derivative,[not exported]
data/morpho_market_day_full_qa.json,34,absolute_local_path,exclude_pending_sanitized_derivative,[not exported]
data/morpho_market_day_full_qa.json,36,absolute_local_path,exclude_pending_sanitized_derivative,[not exported]
data/morpho_market_day_full_qa.json,532,absolute_local_path,exclude_pending_sanitized_derivative,[not exported]
data/morpho_market_day_full_qa.json,858,absolute_local_path,exclude_pending_sanitized_derivative,[not exported]
data/morpho_market_day_full_qa.json,860,absolute_local_path,exclude_pending_sanitized_derivative,[not exported]
data/morpho_market_day_full_qa.json,862,absolute_local_path,exclude_pending_sanitized_derivative,[not exported]
data/morpho_market_day_prototype_qa.json,7,absolute_local_path,exclude_pending_sanitized_derivative,[not exported]
data/morpho_market_day_prototype_qa.json,9,absolute_local_path,exclude_pending_sanitized_derivative,[not exported]
data/morpho_market_day_prototype_qa.json,81,absolute_local_path,exclude_pending_sanitized_derivative,[not exported]
data/morpho_market_day_prototype_qa.json,1010,absolute_local_path,exclude_pending_sanitized_derivative,[not exported]
data/morpho_market_day_prototype_qa.json,1011,absolute_local_path,exclude_pending_sanitized_derivative,[not exported]
data/morpho_one_position_reconstruction_qa.json,171,absolute_local_path,exclude_pending_sanitized_derivative,[not exported]
data/morpho_one_position_reconstruction_qa.json,343,absolute_local_path,exclude_pending_sanitized_derivative,[not exported]
data/morpho_one_position_reconstruction_qa.json,344,absolute_local_path,exclude_pending_sanitized_derivative,[not exported]
data/morpho_one_position_selection.json,6,absolute_local_path,exclude_pending_sanitized_derivative,[not exported]
data/morpho_phase3_rpc_cache_stop.json,8,absolute_local_path,exclude_pending_sanitized_derivative,[not exported]
data/morpho_phase4_rpc_checkpoint_evidence.json,10,absolute_local_path,exclude_pending_sanitized_derivative,[not exported]
data/morpho_phase6_rpc_checkpoint_evidence.json,11,absolute_local_path,exclude_pending_sanitized_derivative,[not exported]
data/phase6_preflight_qa.json,96,absolute_local_path,exclude_pending_sanitized_derivative,[not exported]
data/phase6_preflight_qa.json,102,absolute_local_path,exclude_pending_sanitized_derivative,[not exported]
data/phase6_preflight_qa.json,108,absolute_local_path,exclude_pending_sanitized_derivative,[not exported]
data/phase6_preflight_qa.json,114,absolute_local_path,exclude_pending_sanitized_derivative,[not exported]
data/phase6_preflight_qa.json,120,absolute_local_path,exclude_pending_sanitized_derivative,[not exported]
data/phase6_preflight_qa.json,126,absolute_local_path,exclude_pending_sanitized_derivative,[not exported]
data/phase6_preflight_qa.json,132,absolute_local_path,exclude_pending_sanitized_derivative,[not exported]
data/phase6_preflight_qa.json,138,absolute_local_path,exclude_pending_sanitized_derivative,[not exported]
data/phase6_preflight_qa.json,144,absolute_local_path,exclude_pending_sanitized_derivative,[not exported]
FULL_WINDOW_CHECKPOINT.md,15,absolute_local_path,exclude_pending_sanitized_derivative,[not exported]
scripts/analyze_phase7_metrics.py,10,absolute_local_path,exclude_pending_sanitized_derivative,[not exported]
scripts/analyze_phase7_metrics.py,1025,system_font_path,document_platform_dependency,[not exported]
scripts/analyze_phase7_metrics.py,1026,system_font_path,document_platform_dependency,[not exported]
