metric_version,loan_symbol,loan_address,checkpoint,timestamp_utc,market_population,rank,market_id,collateral_symbol,collateral_address,archetype,borrowed_assets_base_units,borrowed_assets_native,share_of_exact_loan_total,cumulative_share,hhi
v1.0,USDC,0xaf88d065e77c8cc2239327c5edb3a432268e5831,campaign_end,2026-02-18T13:00:00Z,32,1,0x8147c63f3f6f5a0825c84bf2cb11443c72b609fa39cf9a362e3d4dc2c5ca76c4,PT-USDai-19FEB2026,0x5b2c615e22272234aacf187632a0531ca1243279,full_scope_other,28230035330835,28230035.330835,0.399591451579,0.399591451579,0.219693606948
v1.0,USDC,0xaf88d065e77c8cc2239327c5edb3a432268e5831,campaign_end,2026-02-18T13:00:00Z,32,2,0xf86f3edd6f16cd8211f4d206866dc4ecd41be6211063ac11f8508e1b7112ef40,syrupUSDC,0x41ca7586cc1311807b4605fbb748a3b8862b42b5,dedicated_syrupusdc,9575307714444,9575307.714444,0.13553688701,0.535128338589,0.219693606948
v1.0,USDC,0xaf88d065e77c8cc2239327c5edb3a432268e5831,campaign_end,2026-02-18T13:00:00Z,32,3,0x7717f1e04510390518811b3133ea47c298094ddd1d806ed8f8867d88c727bad7,PT-sUSDai-19FEB2026,0x1bf1311fcf914a69dd5805c9b06b72f80539cb3f,full_scope_other,8706982212113,8706982.212113,0.123245884046,0.658374222636,0.219693606948
v1.0,USDC,0xaf88d065e77c8cc2239327c5edb3a432268e5831,campaign_end,2026-02-18T13:00:00Z,32,4,0x551dbcdcceaf9322986e0cddde993d49840522a9532dc441359acd98af8badff,thBILL,0xfdd22ce6d1f66bc0ec89b20bf16ccb6670f55a5a,full_scope_other,7460896505929,7460896.505929,0.10560774827,0.763981970906,0.219693606948
v1.0,USDC,0xaf88d065e77c8cc2239327c5edb3a432268e5831,campaign_end,2026-02-18T13:00:00Z,32,5,0x33e0c8ab132390822b07e5dc95033cf250c963153320b7ffca73220664da2ea0,wstETH,0x5979d7b546e38e414f7e9822514be443a4800529,full_scope_other,7037902258114,7037902.258114,0.099620335095,0.863602306001,0.219693606948
v1.0,USDC,0xaf88d065e77c8cc2239327c5edb3a432268e5831,campaign_end,2026-02-18T13:00:00Z,32,6,0x6c831dcc45a7c0af00b751da651bd874b96653c587615d11aafade7b357c4b43,PT-thBILL-19FEB2026,0x9b3924f9652cabf3db48b7b4c92e474c571b3ab4,full_scope_other,4307016200735,4307016.200735,0.060965097474,0.924567403474,0.219693606948
v1.0,USDC,0xaf88d065e77c8cc2239327c5edb3a432268e5831,campaign_end,2026-02-18T13:00:00Z,32,7,0x9e90aec7d768403dacc9dd0d8320307fda3f980eed4df43e3e52168a1c667709,xUSD,0x6eaf19b2fc24552925db245f9ff613157a7dbb4c,full_scope_other,2567774995100,2567774.9951,0.036346427682,0.960913831156,0.219693606948
v1.0,USDC,0xaf88d065e77c8cc2239327c5edb3a432268e5831,campaign_end,2026-02-18T13:00:00Z,32,8,0x11d3bca0d1a9af8bf2982ef802f2971cf86043df1b31a044cacb35a8048156c6,wsrUSD,0x4809010926aec940b550d34a46a52739f996d75d,full_scope_other,1178873897014,1178873.897014,0.016686763804,0.97760059496,0.219693606948
v1.0,USDC,0xaf88d065e77c8cc2239327c5edb3a432268e5831,campaign_end,2026-02-18T13:00:00Z,32,9,0x14982da64b67967ef3a70c2f3b7d05518f7dd4ba98d850c40c46618c75059a64,GLV [WETH-USDC],0x528a5bac7e746c9a509a1f4f6df58a03d44279f9,full_scope_other,348205047869,348205.047869,0.004928784498,0.982529379458,0.219693606948
v1.0,USDC,0xaf88d065e77c8cc2239327c5edb3a432268e5831,campaign_end,2026-02-18T13:00:00Z,32,10,0x77fe2f7c2dd6f4da6bc5f445b06052ff8df55cb70cfce9afc16ec3c69a5fd3a3,sUSDS,0xddb46999f8891663a8f2828d25298f70416d7610,full_scope_other,244814853180,244814.85318,0.0034653135,0.985994692959,0.219693606948
v1.0,USDC,0xaf88d065e77c8cc2239327c5edb3a432268e5831,campaign_end,2026-02-18T13:00:00Z,32,11,0xd09404e9512e1341321c8ae3bd663fab7087582142ac61486635a6c072c2af12,weETH,0x35751007a407ca6feffe80b3cb397736d2cf4dbe,early_shared_usdc,238082266863,238082.266863,0.003370014862,0.989364707821,0.219693606948
v1.0,USDC,0xaf88d065e77c8cc2239327c5edb3a432268e5831,campaign_end,2026-02-18T13:00:00Z,32,12,0x71c2954e00c8f72864600c9d1d1cd70fa15202c4294cd938d80add3be2eced26,sUSDai,0x0b2b2b2076d95dda7817e785989fe353fe955ef9,full_scope_other,178139441342,178139.441342,0.002521534143,0.991886241964,0.219693606948
v1.0,USDC,0xaf88d065e77c8cc2239327c5edb3a432268e5831,campaign_end,2026-02-18T13:00:00Z,32,13,0xf4ab212f6fcc943e2669cb6307fa4b608b0418ac5255c100e58394822157785c,PT-USDai-20NOV2025,0x8b4ca42bb3b1d789859f106222cf7dc5eed48ccb,full_scope_other,166934847358,166934.847358,0.00236293498,0.994249176944,0.219693606948
v1.0,USDC,0xaf88d065e77c8cc2239327c5edb3a432268e5831,campaign_end,2026-02-18T13:00:00Z,32,14,0xa35d91efb3e284a0ab7098e8c5a65caf58ea0451073e36a544a821fd8f350953,GLV [WBTC-USDC],0xdf03eed325b82bc1d4db8b49c30ecc9e05104b96,full_scope_other,123915592766,123915.592766,0.001754004591,0.996003181535,0.219693606948
v1.0,USDC,0xaf88d065e77c8cc2239327c5edb3a432268e5831,campaign_end,2026-02-18T13:00:00Z,32,15,0xc7670063349ac19dfa324ead7bd7da2985ae931e1b09fb0e31b62c6486b730bd,RLP,0x35e5db674d8e93a03d814fa0ada70731efe8a4b9,full_scope_other,96519914087,96519.914087,0.001366223319,0.997369404855,0.219693606948
v1.0,USDC,0xaf88d065e77c8cc2239327c5edb3a432268e5831,campaign_end,2026-02-18T13:00:00Z,32,16,0x1a926ab8add08dca634f8d6cecd8c866e166a4affc65801beda9f239d21b622a,GM,0x70d95587d40a2caf56bd97485ab3eec10bee6336,full_scope_other,93213104925,93213.104925,0.001319415986,0.998688820841,0.219693606948
v1.0,USDC,0xaf88d065e77c8cc2239327c5edb3a432268e5831,campaign_end,2026-02-18T13:00:00Z,32,17,0x7d4799e15dcaad9da49ab8edf46d647db2da2ff419db52e8ec0984d0c49e8b9b,PT-USDai-19FEB2026,0x5b2c615e22272234aacf187632a0531ca1243279,full_scope_other,54852798459,54852.798459,0.000776432233,0.999465253074,0.219693606948
v1.0,USDC,0xaf88d065e77c8cc2239327c5edb3a432268e5831,campaign_end,2026-02-18T13:00:00Z,32,18,0x7e7c08f2d8bb6821408ac6b4e2f322d73ba1fb8ce20b3b65087f440ef3b2f8f1,sUSDe,0x211cc4dd073734da055fbf44a2b4667d5e5fe5d2,full_scope_other,22782310832,22782.310832,0.000322479818,0.999787732892,0.219693606948
v1.0,USDC,0xaf88d065e77c8cc2239327c5edb3a432268e5831,campaign_end,2026-02-18T13:00:00Z,32,19,0x30c505b1ce479157e1035bdc5de3d4c811cf3e427c31db0b81b5c27a09054e97,PT-thBILL-27NOV2025,0x5a791652f3b140d357df072d355a98ab754877d1,full_scope_other,12247052694,12247.052694,0.000173354993,0.999961087884,0.219693606948
v1.0,USDC,0xaf88d065e77c8cc2239327c5edb3a432268e5831,campaign_end,2026-02-18T13:00:00Z,32,20,0x06a5954e8222a1f4719934d370ac558b657c6a5321d6cae615127b6596d10d32,wstUSR,0x66cfbd79257dc5217903a36293120282548e2254,full_scope_other,1660767921,1660.767921,0.000023507894,0.999984595778,0.219693606948
v1.0,USDC,0xaf88d065e77c8cc2239327c5edb3a432268e5831,campaign_end,2026-02-18T13:00:00Z,32,21,0x58df3ad9cf719b1ca97365db634a11b770785517f409ecbe85eefdb34803de1f,PT-sUSDai-20NOV2025,0x936f210d277bf489a3211cef9ab4bc47a7b69c96,full_scope_other,701175301,701.175301,0.00000992502,0.999994520797,0.219693606948
v1.0,USDC,0xaf88d065e77c8cc2239327c5edb3a432268e5831,campaign_end,2026-02-18T13:00:00Z,32,22,0x582c92d5ea0ab48eba3a1ee88c8884e34f7fc61c57fb821f3f6d9e474574c6e3,wstUSR,0x66cfbd79257dc5217903a36293120282548e2254,full_scope_other,369226861,369.226861,0.000005226345,0.999999747142,0.219693606948
v1.0,USDC,0xaf88d065e77c8cc2239327c5edb3a432268e5831,campaign_end,2026-02-18T13:00:00Z,32,23,0xe0de6b571ec913ada63d5327f70c8849ea2363d47f44a190e8fb489db07fee1e,USDe,0x5d3a1ff2b6bab83b63cd9ad0787074081a52ef34,full_scope_other,11364916,11.364916,0.000000160868,0.99999990801,0.219693606948
v1.0,USDC,0xaf88d065e77c8cc2239327c5edb3a432268e5831,campaign_end,2026-02-18T13:00:00Z,32,24,0x678b525f162b499b17d8fd71f3129bd3a5a10d4c728e6af02ee7c644ae262d01,RLP,0x35e5db674d8e93a03d814fa0ada70731efe8a4b9,full_scope_other,3466008,3.466008,0.000000049061,0.999999957071,0.219693606948
v1.0,USDC,0xaf88d065e77c8cc2239327c5edb3a432268e5831,campaign_end,2026-02-18T13:00:00Z,32,25,0x84367e5bc5df26437618f749d5beb793746e620560721fec15518d684191ebc6,PT-syrupUSDC-29JAN2026,0x1ef58a7af39883cc95c59a2c106b726c64c2ecc6,full_scope_other,1022283,1.022283,0.00000001447,0.999999971542,0.219693606948
v1.0,USDC,0xaf88d065e77c8cc2239327c5edb3a432268e5831,campaign_end,2026-02-18T13:00:00Z,32,26,0xe23e15ddd552eb148045e3f4b74e71f4923bc6bea6e5bda0a4cf89a0cecd1a3b,siUSD,0x51b0f6aed4a421f09d28a5ede1dcf460bcb54d30,full_scope_other,1006085,1.006085,0.000000014241,0.999999985782,0.219693606948
v1.0,USDC,0xaf88d065e77c8cc2239327c5edb3a432268e5831,campaign_end,2026-02-18T13:00:00Z,32,27,0x989ddb4f5b09e6d02e7f5f2f8efb846fd2de1f3f3dfd96e1939455abe7dd5a48,sUSDC,0x940098b108fb7d0a7e374f6eded7760787464609,full_scope_other,525744,0.525744,0.000000007442,0.999999993224,0.219693606948
v1.0,USDC,0xaf88d065e77c8cc2239327c5edb3a432268e5831,campaign_end,2026-02-18T13:00:00Z,32,28,0x6a2b0c23c79dde84628314d21797f7bd5b06ae36e6bde6924ece64ef4821d2df,PT-sUSDai-19FEB2026,0x1bf1311fcf914a69dd5805c9b06b72f80539cb3f,full_scope_other,451815,0.451815,0.000000006395,0.99999999962,0.219693606948
v1.0,USDC,0xaf88d065e77c8cc2239327c5edb3a432268e5831,campaign_end,2026-02-18T13:00:00Z,32,29,0x729e4ab1f1613a55f4dc6444cb073a2f9ba4c402f8c59e93e1d725f9ce45f23a,PT-USDe-11DEC2025,0xf9921bc1837a97b8f853c83521122c3fbf3f365f,full_scope_other,10150,0.01015,0.000000000144,0.999999999763,0.219693606948
v1.0,USDC,0xaf88d065e77c8cc2239327c5edb3a432268e5831,campaign_end,2026-02-18T13:00:00Z,32,30,0xb7b5729ad332f57a02f4d9f87aa50910ee955d859e2b2ad9b0b8e15ca44d8b7f,ezETH,0x2416092f143378750bb29b79ed961ab195cceea5,full_scope_other,9481,0.009481,0.000000000134,0.999999999898,0.219693606948
v1.0,USDC,0xaf88d065e77c8cc2239327c5edb3a432268e5831,campaign_end,2026-02-18T13:00:00Z,32,31,0xd478de9c069f12759d3baed9ddd16fe8902128937821af3a3cf77eca1885c7fc,rsETH,0x4186bfc76e2e237523cbc30fd220fe055156b41f,full_scope_other,7239,0.007239,0.000000000102,1,0.219693606948
v1.0,USDC,0xaf88d065e77c8cc2239327c5edb3a432268e5831,campaign_end,2026-02-18T13:00:00Z,32,32,0x52f4d5038749565658a51f43d214e811c328c00c8b58c544accfb8924e8be8f8,PT-sUSDai-20NOV2025,0x936f210d277bf489a3211cef9ab4bc47a7b69c96,full_scope_other,0,0,0,1,0.219693606948
v1.0,USDC,0xaf88d065e77c8cc2239327c5edb3a432268e5831,p180,2026-08-17T13:00:00Z,32,1,0x9e90aec7d768403dacc9dd0d8320307fda3f980eed4df43e3e52168a1c667709,xUSD,0x6eaf19b2fc24552925db245f9ff613157a7dbb4c,full_scope_other,2567774995100,2567774.9951,0.45482825454,0.45482825454,0.313845816507
v1.0,USDC,0xaf88d065e77c8cc2239327c5edb3a432268e5831,p180,2026-08-17T13:00:00Z,32,2,0xd09404e9512e1341321c8ae3bd663fab7087582142ac61486635a6c072c2af12,weETH,0x35751007a407ca6feffe80b3cb397736d2cf4dbe,early_shared_usdc,1412705954688,1412705.954688,0.250231653776,0.705059908316,0.313845816507
v1.0,USDC,0xaf88d065e77c8cc2239327c5edb3a432268e5831,p180,2026-08-17T13:00:00Z,32,3,0x33e0c8ab132390822b07e5dc95033cf250c963153320b7ffca73220664da2ea0,wstETH,0x5979d7b546e38e414f7e9822514be443a4800529,full_scope_other,1166255043355,1166255.043355,0.206577969927,0.911637878243,0.313845816507
v1.0,USDC,0xaf88d065e77c8cc2239327c5edb3a432268e5831,p180,2026-08-17T13:00:00Z,32,4,0xc7670063349ac19dfa324ead7bd7da2985ae931e1b09fb0e31b62c6486b730bd,RLP,0x35e5db674d8e93a03d814fa0ada70731efe8a4b9,full_scope_other,155600627290,155600.62729,0.027561434258,0.9391993125,0.313845816507
v1.0,USDC,0xaf88d065e77c8cc2239327c5edb3a432268e5831,p180,2026-08-17T13:00:00Z,32,5,0x71c2954e00c8f72864600c9d1d1cd70fa15202c4294cd938d80add3be2eced26,sUSDai,0x0b2b2b2076d95dda7817e785989fe353fe955ef9,full_scope_other,141580246078,141580.246078,0.025078013581,0.964277326082,0.313845816507
v1.0,USDC,0xaf88d065e77c8cc2239327c5edb3a432268e5831,p180,2026-08-17T13:00:00Z,32,6,0x77fe2f7c2dd6f4da6bc5f445b06052ff8df55cb70cfce9afc16ec3c69a5fd3a3,sUSDS,0xddb46999f8891663a8f2828d25298f70416d7610,full_scope_other,79242415730,79242.41573,0.014036155699,0.978313481781,0.313845816507
v1.0,USDC,0xaf88d065e77c8cc2239327c5edb3a432268e5831,p180,2026-08-17T13:00:00Z,32,7,0xf86f3edd6f16cd8211f4d206866dc4ecd41be6211063ac11f8508e1b7112ef40,syrupUSDC,0x41ca7586cc1311807b4605fbb748a3b8862b42b5,dedicated_syrupusdc,43456249315,43456.249315,0.007697376157,0.986010857938,0.313845816507
v1.0,USDC,0xaf88d065e77c8cc2239327c5edb3a432268e5831,p180,2026-08-17T13:00:00Z,32,8,0x7e7c08f2d8bb6821408ac6b4e2f322d73ba1fb8ce20b3b65087f440ef3b2f8f1,sUSDe,0x211cc4dd073734da055fbf44a2b4667d5e5fe5d2,full_scope_other,24663588131,24663.588131,0.004368644746,0.990379502684,0.313845816507
v1.0,USDC,0xaf88d065e77c8cc2239327c5edb3a432268e5831,p180,2026-08-17T13:00:00Z,32,9,0x14982da64b67967ef3a70c2f3b7d05518f7dd4ba98d850c40c46618c75059a64,GLV [WETH-USDC],0x528a5bac7e746c9a509a1f4f6df58a03d44279f9,full_scope_other,18538828390,18538.82839,0.00328377018,0.993663272864,0.313845816507
v1.0,USDC,0xaf88d065e77c8cc2239327c5edb3a432268e5831,p180,2026-08-17T13:00:00Z,32,10,0x551dbcdcceaf9322986e0cddde993d49840522a9532dc441359acd98af8badff,thBILL,0xfdd22ce6d1f66bc0ec89b20bf16ccb6670f55a5a,full_scope_other,15412862606,15412.862606,0.002730069967,0.996393342831,0.313845816507
v1.0,USDC,0xaf88d065e77c8cc2239327c5edb3a432268e5831,p180,2026-08-17T13:00:00Z,32,11,0x1a926ab8add08dca634f8d6cecd8c866e166a4affc65801beda9f239d21b622a,GM,0x70d95587d40a2caf56bd97485ab3eec10bee6336,full_scope_other,10019832881,10019.832881,0.001774806246,0.998168149077,0.313845816507
v1.0,USDC,0xaf88d065e77c8cc2239327c5edb3a432268e5831,p180,2026-08-17T13:00:00Z,32,12,0xa35d91efb3e284a0ab7098e8c5a65caf58ea0451073e36a544a821fd8f350953,GLV [WBTC-USDC],0xdf03eed325b82bc1d4db8b49c30ecc9e05104b96,full_scope_other,6165910845,6165.910845,0.001092163633,0.99926031271,0.313845816507
v1.0,USDC,0xaf88d065e77c8cc2239327c5edb3a432268e5831,p180,2026-08-17T13:00:00Z,32,13,0xf4ab212f6fcc943e2669cb6307fa4b608b0418ac5255c100e58394822157785c,PT-USDai-20NOV2025,0x8b4ca42bb3b1d789859f106222cf7dc5eed48ccb,full_scope_other,2230163723,2230.163723,0.000395027397,0.999655340108,0.313845816507
v1.0,USDC,0xaf88d065e77c8cc2239327c5edb3a432268e5831,p180,2026-08-17T13:00:00Z,32,14,0x06a5954e8222a1f4719934d370ac558b657c6a5321d6cae615127b6596d10d32,wstUSR,0x66cfbd79257dc5217903a36293120282548e2254,full_scope_other,1907649814,1907.649814,0.000337900726,0.999993240834,0.313845816507
v1.0,USDC,0xaf88d065e77c8cc2239327c5edb3a432268e5831,p180,2026-08-17T13:00:00Z,32,15,0x30c505b1ce479157e1035bdc5de3d4c811cf3e427c31db0b81b5c27a09054e97,PT-thBILL-27NOV2025,0x5a791652f3b140d357df072d355a98ab754877d1,full_scope_other,13002662,13.002662,0.000002303153,0.999995543986,0.313845816507
v1.0,USDC,0xaf88d065e77c8cc2239327c5edb3a432268e5831,p180,2026-08-17T13:00:00Z,32,16,0xe0de6b571ec913ada63d5327f70c8849ea2363d47f44a190e8fb489db07fee1e,USDe,0x5d3a1ff2b6bab83b63cd9ad0787074081a52ef34,full_scope_other,11382584,11.382584,0.000002016189,0.999997560176,0.313845816507
v1.0,USDC,0xaf88d065e77c8cc2239327c5edb3a432268e5831,p180,2026-08-17T13:00:00Z,32,17,0x582c92d5ea0ab48eba3a1ee88c8884e34f7fc61c57fb821f3f6d9e474574c6e3,wstUSR,0x66cfbd79257dc5217903a36293120282548e2254,full_scope_other,7043778,7.043778,0.00000124766,0.999998807835,0.313845816507
v1.0,USDC,0xaf88d065e77c8cc2239327c5edb3a432268e5831,p180,2026-08-17T13:00:00Z,32,18,0x678b525f162b499b17d8fd71f3129bd3a5a10d4c728e6af02ee7c644ae262d01,RLP,0x35e5db674d8e93a03d814fa0ada70731efe8a4b9,full_scope_other,3466008,3.466008,0.000000613932,0.999999421767,0.313845816507
v1.0,USDC,0xaf88d065e77c8cc2239327c5edb3a432268e5831,p180,2026-08-17T13:00:00Z,32,19,0x84367e5bc5df26437618f749d5beb793746e620560721fec15518d684191ebc6,PT-syrupUSDC-29JAN2026,0x1ef58a7af39883cc95c59a2c106b726c64c2ecc6,full_scope_other,1050890,1.05089,0.000000186143,0.999999607911,0.313845816507
v1.0,USDC,0xaf88d065e77c8cc2239327c5edb3a432268e5831,p180,2026-08-17T13:00:00Z,32,20,0x8147c63f3f6f5a0825c84bf2cb11443c72b609fa39cf9a362e3d4dc2c5ca76c4,PT-USDai-19FEB2026,0x5b2c615e22272234aacf187632a0531ca1243279,full_scope_other,570096,0.570096,0.000000100981,0.999999708891,0.313845816507
v1.0,USDC,0xaf88d065e77c8cc2239327c5edb3a432268e5831,p180,2026-08-17T13:00:00Z,32,21,0x989ddb4f5b09e6d02e7f5f2f8efb846fd2de1f3f3dfd96e1939455abe7dd5a48,sUSDC,0x940098b108fb7d0a7e374f6eded7760787464609,full_scope_other,525744,0.525744,0.000000093125,0.999999802016,0.313845816507
v1.0,USDC,0xaf88d065e77c8cc2239327c5edb3a432268e5831,p180,2026-08-17T13:00:00Z,32,22,0x6a2b0c23c79dde84628314d21797f7bd5b06ae36e6bde6924ece64ef4821d2df,PT-sUSDai-19FEB2026,0x1bf1311fcf914a69dd5805c9b06b72f80539cb3f,full_scope_other,451815,0.451815,0.00000008003,0.999999882046,0.313845816507
v1.0,USDC,0xaf88d065e77c8cc2239327c5edb3a432268e5831,p180,2026-08-17T13:00:00Z,32,23,0x7717f1e04510390518811b3133ea47c298094ddd1d806ed8f8867d88c727bad7,PT-sUSDai-19FEB2026,0x1bf1311fcf914a69dd5805c9b06b72f80539cb3f,full_scope_other,431920,0.43192,0.000000076506,0.999999958551,0.313845816507
v1.0,USDC,0xaf88d065e77c8cc2239327c5edb3a432268e5831,p180,2026-08-17T13:00:00Z,32,24,0x7d4799e15dcaad9da49ab8edf46d647db2da2ff419db52e8ec0984d0c49e8b9b,PT-USDai-19FEB2026,0x5b2c615e22272234aacf187632a0531ca1243279,full_scope_other,150259,0.150259,0.000000026615,0.999999985167,0.313845816507
v1.0,USDC,0xaf88d065e77c8cc2239327c5edb3a432268e5831,p180,2026-08-17T13:00:00Z,32,25,0x58df3ad9cf719b1ca97365db634a11b770785517f409ecbe85eefdb34803de1f,PT-sUSDai-20NOV2025,0x936f210d277bf489a3211cef9ab4bc47a7b69c96,full_scope_other,51495,0.051495,0.000000009121,0.999999994288,0.313845816507
v1.0,USDC,0xaf88d065e77c8cc2239327c5edb3a432268e5831,p180,2026-08-17T13:00:00Z,32,26,0x729e4ab1f1613a55f4dc6444cb073a2f9ba4c402f8c59e93e1d725f9ce45f23a,PT-USDe-11DEC2025,0xf9921bc1837a97b8f853c83521122c3fbf3f365f,full_scope_other,10150,0.01015,0.000000001798,0.999999996086,0.313845816507
v1.0,USDC,0xaf88d065e77c8cc2239327c5edb3a432268e5831,p180,2026-08-17T13:00:00Z,32,27,0xb7b5729ad332f57a02f4d9f87aa50910ee955d859e2b2ad9b0b8e15ca44d8b7f,ezETH,0x2416092f143378750bb29b79ed961ab195cceea5,full_scope_other,9481,0.009481,0.000000001679,0.999999997765,0.313845816507
v1.0,USDC,0xaf88d065e77c8cc2239327c5edb3a432268e5831,p180,2026-08-17T13:00:00Z,32,28,0xd478de9c069f12759d3baed9ddd16fe8902128937821af3a3cf77eca1885c7fc,rsETH,0x4186bfc76e2e237523cbc30fd220fe055156b41f,full_scope_other,7239,0.007239,0.000000001282,0.999999999047,0.313845816507
v1.0,USDC,0xaf88d065e77c8cc2239327c5edb3a432268e5831,p180,2026-08-17T13:00:00Z,32,29,0x11d3bca0d1a9af8bf2982ef802f2971cf86043df1b31a044cacb35a8048156c6,wsrUSD,0x4809010926aec940b550d34a46a52739f996d75d,full_scope_other,2696,0.002696,0.000000000478,0.999999999525,0.313845816507
v1.0,USDC,0xaf88d065e77c8cc2239327c5edb3a432268e5831,p180,2026-08-17T13:00:00Z,32,30,0x6c831dcc45a7c0af00b751da651bd874b96653c587615d11aafade7b357c4b43,PT-thBILL-19FEB2026,0x9b3924f9652cabf3db48b7b4c92e474c571b3ab4,full_scope_other,2682,0.002682,0.000000000475,1,0.313845816507
v1.0,USDC,0xaf88d065e77c8cc2239327c5edb3a432268e5831,p180,2026-08-17T13:00:00Z,32,31,0x52f4d5038749565658a51f43d214e811c328c00c8b58c544accfb8924e8be8f8,PT-sUSDai-20NOV2025,0x936f210d277bf489a3211cef9ab4bc47a7b69c96,full_scope_other,0,0,0,1,0.313845816507
v1.0,USDC,0xaf88d065e77c8cc2239327c5edb3a432268e5831,p180,2026-08-17T13:00:00Z,32,32,0xe23e15ddd552eb148045e3f4b74e71f4923bc6bea6e5bda0a4cf89a0cecd1a3b,siUSD,0x51b0f6aed4a421f09d28a5ede1dcf460bcb54d30,full_scope_other,0,0,0,1,0.313845816507
v1.0,USD₮0,0xfd086bc7cd5c481dcc9c85ebe478a1c0b69fcbb9,campaign_end,2026-02-18T13:00:00Z,13,1,0x090ff0cd57a258b342c870691a180bb79691e97b31ddda2b7cdd4b5a362c3cca,PT-USDai-19FEB2026,0x5b2c615e22272234aacf187632a0531ca1243279,full_scope_other,18179569738144,18179569.738144,0.494675449516,0.494675449516,0.444238396154
v1.0,USD₮0,0xfd086bc7cd5c481dcc9c85ebe478a1c0b69fcbb9,campaign_end,2026-02-18T13:00:00Z,13,2,0x571cb3ac535d61d92026c071ef1df4794d0bbbe1755f916ff640746f81b52af4,syrupUSDC,0x41ca7586cc1311807b4605fbb748a3b8862b42b5,late_usdt0,16357636033723,16357636.033723,0.445099695678,0.939775145193,0.444238396154
v1.0,USD₮0,0xfd086bc7cd5c481dcc9c85ebe478a1c0b69fcbb9,campaign_end,2026-02-18T13:00:00Z,13,3,0xed06d9e82d7c35ca80d3983194e15462a96202bd875800af18183321f4611868,WBTC,0x2f2a2543b76a4166549f7aab2e75bef0aefc5b0f,full_scope_other,1242174630325,1242174.630325,0.033800211033,0.973575356226,0.444238396154
v1.0,USD₮0,0xfd086bc7cd5c481dcc9c85ebe478a1c0b69fcbb9,campaign_end,2026-02-18T13:00:00Z,13,4,0xadc6897d644a005149d1aa42de72bcb1ff1c9f7c4a8b00db3e2356752995f80e,wstUSR,0x66cfbd79257dc5217903a36293120282548e2254,full_scope_other,488298188939,488298.188939,0.013286845046,0.986862201272,0.444238396154
v1.0,USD₮0,0xfd086bc7cd5c481dcc9c85ebe478a1c0b69fcbb9,campaign_end,2026-02-18T13:00:00Z,13,5,0x209fa1520640f664f59f7c1f955d52e8b81ead826edf439b48254d21d24b97a9,wstETH,0x5979d7b546e38e414f7e9822514be443a4800529,full_scope_other,356585441547,356585.441547,0.009702873397,0.996565074669,0.444238396154
v1.0,USD₮0,0xfd086bc7cd5c481dcc9c85ebe478a1c0b69fcbb9,campaign_end,2026-02-18T13:00:00Z,13,6,0xac6a118134cc4208a22534b041a83f4ac5ca42e2ab9ea732ee53c44b7deebc62,WETH,0x82af49447d8a07e3bd95bd0d56f35241523fbab1,full_scope_other,99127100406,99127.100406,0.002697299422,0.999262374092,0.444238396154
v1.0,USD₮0,0xfd086bc7cd5c481dcc9c85ebe478a1c0b69fcbb9,campaign_end,2026-02-18T13:00:00Z,13,7,0xd91052003758145cc53615895c0ce2081c7080b661dbab5652c2b8433b248c2d,siUSD,0x51b0f6aed4a421f09d28a5ede1dcf460bcb54d30,full_scope_other,24241347834,24241.347834,0.000659619551,0.999921993643,0.444238396154
v1.0,USD₮0,0xfd086bc7cd5c481dcc9c85ebe478a1c0b69fcbb9,campaign_end,2026-02-18T13:00:00Z,13,8,0xde895fd4a9d1ca693485fcfc2ee47d8c3b47f810bbce3c965c60d97b855d4ed2,sUSDS,0xddb46999f8891663a8f2828d25298f70416d7610,full_scope_other,2826633898,2826.633898,0.000076914163,0.999998907806,0.444238396154
v1.0,USD₮0,0xfd086bc7cd5c481dcc9c85ebe478a1c0b69fcbb9,campaign_end,2026-02-18T13:00:00Z,13,9,0x8e58f0dea27f877db258ecbbe16e57c9bb3541448ac0d578ef08c5b93ea9b84b,sUSDe,0x211cc4dd073734da055fbf44a2b4667d5e5fe5d2,full_scope_other,36068919,36.068919,0.000000981454,0.99999988926,0.444238396154
v1.0,USD₮0,0xfd086bc7cd5c481dcc9c85ebe478a1c0b69fcbb9,campaign_end,2026-02-18T13:00:00Z,13,10,0x1d094624063756fc61aaf061c7da056aebe3b3ad0ae0395b22e00db6c074de7c,XAUt0,0x40461291347e1ecbb09499f3371d3f17f10d7159,full_scope_other,1160042,1.160042,0.000000031565,0.999999920826,0.444238396154
v1.0,USD₮0,0xfd086bc7cd5c481dcc9c85ebe478a1c0b69fcbb9,campaign_end,2026-02-18T13:00:00Z,13,11,0xff608e5881ccba3859006b3c01e377314384c3d661d684c3e8b6354146e62155,PT-syrupUSDC-29JAN2026,0x1ef58a7af39883cc95c59a2c106b726c64c2ecc6,full_scope_other,1009462,1.009462,0.000000027468,0.999999948293,0.444238396154
v1.0,USD₮0,0xfd086bc7cd5c481dcc9c85ebe478a1c0b69fcbb9,campaign_end,2026-02-18T13:00:00Z,13,12,0xef62d07c7e29c3864feb6de8945edd82688a2ea558de5a44dc795ad1eb1d9853,wsrUSD,0x4809010926aec940b550d34a46a52739f996d75d,full_scope_other,1007552,1.007552,0.000000027416,0.99999997571,0.444238396154
v1.0,USD₮0,0xfd086bc7cd5c481dcc9c85ebe478a1c0b69fcbb9,campaign_end,2026-02-18T13:00:00Z,13,13,0xe0432ceb599fbe41defbd62fe8e914824af9d891a0a92c39de7063176c8e480b,weETH,0x35751007a407ca6feffe80b3cb397736d2cf4dbe,full_scope_other,892688,0.892688,0.00000002429,1,0.444238396154
v1.0,USD₮0,0xfd086bc7cd5c481dcc9c85ebe478a1c0b69fcbb9,p180,2026-08-17T13:00:00Z,13,1,0xe0432ceb599fbe41defbd62fe8e914824af9d891a0a92c39de7063176c8e480b,weETH,0x35751007a407ca6feffe80b3cb397736d2cf4dbe,full_scope_other,1567656765311,1567656.765311,0.379088300315,0.379088300315,0.227693247948
v1.0,USD₮0,0xfd086bc7cd5c481dcc9c85ebe478a1c0b69fcbb9,p180,2026-08-17T13:00:00Z,13,2,0xed06d9e82d7c35ca80d3983194e15462a96202bd875800af18183321f4611868,WBTC,0x2f2a2543b76a4166549f7aab2e75bef0aefc5b0f,full_scope_other,666777980999,666777.980999,0.161239205608,0.540327505923,0.227693247948
v1.0,USD₮0,0xfd086bc7cd5c481dcc9c85ebe478a1c0b69fcbb9,p180,2026-08-17T13:00:00Z,13,3,0x209fa1520640f664f59f7c1f955d52e8b81ead826edf439b48254d21d24b97a9,wstETH,0x5979d7b546e38e414f7e9822514be443a4800529,full_scope_other,637121934864,637121.934864,0.154067827043,0.694395332967,0.227693247948
v1.0,USD₮0,0xfd086bc7cd5c481dcc9c85ebe478a1c0b69fcbb9,p180,2026-08-17T13:00:00Z,13,4,0xac6a118134cc4208a22534b041a83f4ac5ca42e2ab9ea732ee53c44b7deebc62,WETH,0x82af49447d8a07e3bd95bd0d56f35241523fbab1,full_scope_other,572360179528,572360.179528,0.138407240939,0.832802573905,0.227693247948
v1.0,USD₮0,0xfd086bc7cd5c481dcc9c85ebe478a1c0b69fcbb9,p180,2026-08-17T13:00:00Z,13,5,0xef62d07c7e29c3864feb6de8945edd82688a2ea558de5a44dc795ad1eb1d9853,wsrUSD,0x4809010926aec940b550d34a46a52739f996d75d,full_scope_other,483124751449,483124.751449,0.116828469675,0.949631043581,0.227693247948
v1.0,USD₮0,0xfd086bc7cd5c481dcc9c85ebe478a1c0b69fcbb9,p180,2026-08-17T13:00:00Z,13,6,0xde895fd4a9d1ca693485fcfc2ee47d8c3b47f810bbce3c965c60d97b855d4ed2,sUSDS,0xddb46999f8891663a8f2828d25298f70416d7610,full_scope_other,150611360061,150611.360061,0.036420602875,0.986051646456,0.227693247948
v1.0,USD₮0,0xfd086bc7cd5c481dcc9c85ebe478a1c0b69fcbb9,p180,2026-08-17T13:00:00Z,13,7,0x571cb3ac535d61d92026c071ef1df4794d0bbbe1755f916ff640746f81b52af4,syrupUSDC,0x41ca7586cc1311807b4605fbb748a3b8862b42b5,late_usdt0,42740965473,42740.965473,0.010335553237,0.996387199692,0.227693247948
v1.0,USD₮0,0xfd086bc7cd5c481dcc9c85ebe478a1c0b69fcbb9,p180,2026-08-17T13:00:00Z,13,8,0x1d094624063756fc61aaf061c7da056aebe3b3ad0ae0395b22e00db6c074de7c,XAUt0,0x40461291347e1ecbb09499f3371d3f17f10d7159,full_scope_other,14055054209,14055.054209,0.003398771165,0.999785970858,0.227693247948
v1.0,USD₮0,0xfd086bc7cd5c481dcc9c85ebe478a1c0b69fcbb9,p180,2026-08-17T13:00:00Z,13,9,0xd91052003758145cc53615895c0ce2081c7080b661dbab5652c2b8433b248c2d,siUSD,0x51b0f6aed4a421f09d28a5ede1dcf460bcb54d30,full_scope_other,831136814,831.136814,0.000200984201,0.999986955059,0.227693247948
v1.0,USD₮0,0xfd086bc7cd5c481dcc9c85ebe478a1c0b69fcbb9,p180,2026-08-17T13:00:00Z,13,10,0x8e58f0dea27f877db258ecbbe16e57c9bb3541448ac0d578ef08c5b93ea9b84b,sUSDe,0x211cc4dd073734da055fbf44a2b4667d5e5fe5d2,full_scope_other,31990072,31.990072,0.000007735789,0.999994690848,0.227693247948
v1.0,USD₮0,0xfd086bc7cd5c481dcc9c85ebe478a1c0b69fcbb9,p180,2026-08-17T13:00:00Z,13,11,0x090ff0cd57a258b342c870691a180bb79691e97b31ddda2b7cdd4b5a362c3cca,PT-USDai-19FEB2026,0x5b2c615e22272234aacf187632a0531ca1243279,full_scope_other,12262704,12.262704,0.000002965348,0.999997656195,0.227693247948
v1.0,USD₮0,0xfd086bc7cd5c481dcc9c85ebe478a1c0b69fcbb9,p180,2026-08-17T13:00:00Z,13,12,0xadc6897d644a005149d1aa42de72bcb1ff1c9f7c4a8b00db3e2356752995f80e,wstUSR,0x66cfbd79257dc5217903a36293120282548e2254,full_scope_other,7042867,7.042867,0.000001703095,0.99999935929,0.227693247948
v1.0,USD₮0,0xfd086bc7cd5c481dcc9c85ebe478a1c0b69fcbb9,p180,2026-08-17T13:00:00Z,13,13,0xff608e5881ccba3859006b3c01e377314384c3d661d684c3e8b6354146e62155,PT-syrupUSDC-29JAN2026,0x1ef58a7af39883cc95c59a2c106b726c64c2ecc6,full_scope_other,2649548,2.649548,0.00000064071,1,0.227693247948
