ordinal,target_timestamp_utc,roles,day_utc,bracket_start_block,bracket_end_block_exclusive,predecessor_block,predecessor_hash,predecessor_timestamp_utc,chosen_block,chosen_hash,chosen_timestamp_utc,predecessor_lt_target,chosen_gte_target,parent_hash_match,chosen_minus_target_seconds,target_minus_predecessor_seconds
0,2025-07-10T13:00:00Z,baseline_close_01,2025-07-10,356045737,356391637,356233092,0xb688036aa7aacf15a61973a56cd1b0a8431116b00391ddee4336c2cf307769dd,2025-07-10T12:59:59Z,356233093,0xa6e8caa31665b53eb3fc720b37d25fdfd9c2eff93334069cef3253a77f007ff2,2025-07-10T13:00:00Z,True,True,True,0,1
1,2025-07-11T13:00:00Z,baseline_close_02,2025-07-11,356391637,356737548,356578998,0xfdc9ac0393db2dca9e3cf27946c68d689b5ca301426c0adbe81e79d524492545,2025-07-11T12:59:59Z,356578999,0xa888d233feda97b0cffd63240904a3455cf332bc5ac6c6b9f9e52f71e7bee45f,2025-07-11T13:00:00Z,True,True,True,0,1
2,2025-07-12T13:00:00Z,baseline_close_03,2025-07-12,356737548,357083239,356924807,0x34133ea267711038c2b05d49b69b6348c4fec33049f53783ba3f74e9efcfbcef,2025-07-12T12:59:59Z,356924808,0x52a97cd2e20d563464c11de0aaf6b9f3f465d9b17d938b925cc469bd07381635,2025-07-12T13:00:00Z,True,True,True,0,1
3,2025-07-13T13:00:00Z,baseline_close_04,2025-07-13,357083239,357428711,357270333,0x9d7e8d3cfddb297f317a2e03adda904d9e31033ff4f3f24bd520aa0e7c5adc2b,2025-07-13T12:59:59Z,357270334,0x90a54d856933178e226aa1fe519cd4d49db88527c4ad04f7de97fddd83aefb3b,2025-07-13T13:00:00Z,True,True,True,0,1
4,2025-07-14T13:00:00Z,baseline_close_05,2025-07-14,357428711,357774563,357616046,0x8c2fad7de64e9a0ab8041e0f9e464748b0e35e7ae70d0d17358aea6c6b0cab87,2025-07-14T12:59:59Z,357616047,0xd3aae4fd58afd01c29309f80d4c1af336df3793ce8b38bdc50340fcc8880844f,2025-07-14T13:00:00Z,True,True,True,0,1
5,2025-07-15T13:00:00Z,baseline_close_06,2025-07-15,357774563,358120703,357962016,0xb13f01544eb862fdcc9ba9b7462f88eada6f73681a1d462af66e2333353d937a,2025-07-15T12:59:59Z,357962017,0x8ae88674a32242d886d105d7072873bbce30926bced64a03644c9d4924a23593,2025-07-15T13:00:00Z,True,True,True,0,1
6,2025-07-16T13:00:00Z,baseline_close_07,2025-07-16,358120703,358466906,358308227,0x991021fc10ee03609c85047dd828600c47febc3fcc7cb1c5ebd6af252f96a1b3,2025-07-16T12:59:59Z,358308228,0x80cb30e35c31898601f06a62d05bc72b58017bccacbe027ad2498e5d4ab0e208,2025-07-16T13:00:00Z,True,True,True,0,1
7,2025-07-17T13:00:00Z,baseline_close_08,2025-07-17,358466906,358813157,358654497,0x6f990db434c9bf8f9b2c9ca2a98f99badfeb134b6e68d53d3bcfa68c6d2c9938,2025-07-17T12:59:59Z,358654498,0x83b4e1d7240ea1d58107ae286643c550e22d3c328fccfdc5cd2751df05f7d035,2025-07-17T13:00:00Z,True,True,True,0,1
8,2025-07-18T13:00:00Z,baseline_close_09,2025-07-18,358813157,359159396,359000766,0x0dfc564dd7c6314316fb885cd90efaf9e367921e44a725f8c4cd064b9ef9efc5,2025-07-18T12:59:59Z,359000767,0xfcf673a40a2296c27a70bc75a0a0f69313e590dea7178b3045d2b88a973601d3,2025-07-18T13:00:00Z,True,True,True,0,1
9,2025-07-19T13:00:00Z,baseline_close_10,2025-07-19,359159396,359505268,359346737,0x033d82707633678ffc4206680a4916b21fa292260c16b288b95fb86b7298bd9f,2025-07-19T12:59:59Z,359346738,0x2f7231c101592547d5ab9767d48e5be0322309c96d0261ba8b8dcffe07ea0cce,2025-07-19T13:00:00Z,True,True,True,0,1
10,2025-07-20T13:00:00Z,baseline_close_11,2025-07-20,359505268,359851362,359692705,0x96753f6408eaec5e377257affab6707a984bdf8f2482d077043755bd256c5b42,2025-07-20T12:59:59Z,359692706,0x5a317156b383a7ed21ccbbb54a93c334f3e9f93dc68d7d938229a5dafed08724,2025-07-20T13:00:00Z,True,True,True,0,1
11,2025-07-21T13:00:00Z,baseline_close_12,2025-07-21,359851362,360197467,360038824,0x1a5ff1e33d489173f198be972bc381b85e92a2e91ccbe72778a29f225293ac5a,2025-07-21T12:59:59Z,360038825,0xd0d008c13e8268c17c99bd387c2f464a353336f67c4b25a6c7061cb337fccb46,2025-07-21T13:00:00Z,True,True,True,0,1
12,2025-07-22T13:00:00Z,baseline_close_13,2025-07-22,360197467,360543613,360384978,0x7808bd8b8c68d6c2bfa6f5059c2e4d25d77ba09feb845149c1abc545b489fd83,2025-07-22T12:59:59Z,360384979,0x9e4a1f8a908cba2405730e11bb0d7499d5991a5f5c208baf98b25de2d7b57a7f,2025-07-22T13:00:00Z,True,True,True,0,1
13,2025-07-23T13:00:00Z,baseline_close_14,2025-07-23,360543613,360889715,360731012,0x075cfe9fb41f966096fd41fc7c7a700c3fd9779d9dedf8830d88ab71d6686d1b,2025-07-23T12:59:59Z,360731013,0x9fe7524d3f5912338335ecddb5afbfe8e351b2aeec7c3b0f7bf01d9ab8cead52,2025-07-23T13:00:00Z,True,True,True,0,1
14,2025-07-24T13:00:00Z,baseline_close_15,2025-07-24,360889715,361235913,361077214,0x6e26908f71cad59c82d15f70245faa68be155183f2e2bb78ecf953631d31b9bd,2025-07-24T12:59:59Z,361077215,0x5d2ae763e3640686137362c803ada7fd1a54b9a301f4ca7b0f8e87951620b7c1,2025-07-24T13:00:00Z,True,True,True,0,1
15,2025-07-25T13:00:00Z,baseline_close_16,2025-07-25,361235913,361582107,361423485,0x861269962a856bd815ca11e5108dc92b11e324a47bc843857bb0f1a1eda371e0,2025-07-25T12:59:59Z,361423486,0x76ac756e20d89cbd617a56560c52ab4e989033b80525c62cfea956d660824ecb,2025-07-25T13:00:00Z,True,True,True,0,1
16,2025-07-26T13:00:00Z,baseline_close_17,2025-07-26,361582107,361927936,361769448,0x95ee0906e25b456b4bdefc0740faf6242ac92618fa617db070ff28df58f40591,2025-07-26T12:59:59Z,361769449,0xa4ecb2d46315a0b53d877607902825176d0622badcd9ab353266ac9a52b7edba,2025-07-26T13:00:00Z,True,True,True,0,1
17,2025-07-27T13:00:00Z,baseline_close_18,2025-07-27,361927936,362273851,362115291,0xeca00ea48dc5b59876a011d55abf011cafb4983bb0ef0072d909184d930d5adb,2025-07-27T12:59:59Z,362115292,0x49ec3913725d9c1846aa56660b889f62f14578d52917f70f1d23a936a4b2d571,2025-07-27T13:00:00Z,True,True,True,0,1
18,2025-07-28T13:00:00Z,baseline_close_19,2025-07-28,362273851,362619997,362461302,0x9fb66d96d08118dbd996a881d78f7cad65c8d347ff057834b6473a7f68119f70,2025-07-28T12:59:59Z,362461303,0x283dc3e78b17ed5a68a13132bcee52e589a5c244e4b120f79fbcbe5f80f374ba,2025-07-28T13:00:00Z,True,True,True,0,1
19,2025-07-29T13:00:00Z,baseline_close_20,2025-07-29,362619997,362966013,362807425,0xc043836a79133d352113fcbfe9ef948be03370937eed1494d8aa24ecb74ed4f0,2025-07-29T12:59:59Z,362807426,0x96524b942f8337b95370bd77df798a0955298d720f0bb033a63387edc676e5ae,2025-07-29T13:00:00Z,True,True,True,0,1
20,2025-07-30T13:00:00Z,baseline_close_21,2025-07-30,362966013,363311991,363153404,0xe713614b7710a1c15774e3f223827a189178e896f262b7488e517b37e940402c,2025-07-30T12:59:59Z,363153405,0xaefd3aa0c567607fd8bc72c70cec305d14fc5f633da32abcbe772fa014033764,2025-07-30T13:00:00Z,True,True,True,0,1
21,2025-07-31T13:00:00Z,baseline_close_22,2025-07-31,363311991,363657956,363499365,0x343bfcf724cfb14677b5fc2394971b1046544667bcb8bd8a016505f4f6cc9d43,2025-07-31T12:59:59Z,363499366,0x816c6abf664661707fd574925defacab21de2ad386efbcd72030acbd5afd8e74,2025-07-31T13:00:00Z,True,True,True,0,1
22,2025-08-01T13:00:00Z,baseline_close_23,2025-08-01,363657956,364004153,363845455,0xcd0b6dfc61a7c7990966d27ef262b228dd1aaa2da94019c5510ce08bc8225bd2,2025-08-01T12:59:59Z,363845456,0x65edea66b332d89fa7d3ba1d886e5bacc4b528ecac0079d93d628ea0c36b82ec,2025-08-01T13:00:00Z,True,True,True,0,1
23,2025-08-02T13:00:00Z,baseline_close_24,2025-08-02,364004153,364349999,364191473,0x278f7421da52ed90fb892c710ad749faa003886a5a130172a6c1043838f5d449,2025-08-02T12:59:59Z,364191474,0x7e1920f3e71ce4ac1797ed7ddf5a80468c28c7f5ba80eed9273b5f52e7c6477f,2025-08-02T13:00:00Z,True,True,True,0,1
24,2025-08-03T13:00:00Z,baseline_close_25,2025-08-03,364349999,364695729,364537247,0x8bdc901383722520e3a0ebac78fc0cfac84f6b20d2e9554aad41cc39d2a6e457,2025-08-03T12:59:59Z,364537248,0xf4618908521c46fb21c2babe8976bf1e22d104c13c786ad657ff160c2d2facb1,2025-08-03T13:00:00Z,True,True,True,0,1
25,2025-08-04T13:00:00Z,baseline_close_26,2025-08-04,364695729,365041664,364883104,0xc07f2202e4fb3786708ea39370385b6cf2c19fff967b5c488e10b2c5bb1068e6,2025-08-04T12:59:59Z,364883105,0xfa12b8e83a7868eddad03b68be58d524692e4d8a16ae9b820bba6d3df18137ad,2025-08-04T13:00:00Z,True,True,True,0,1
26,2025-08-05T13:00:00Z,baseline_close_27,2025-08-05,365041664,365386229,365228376,0x0077643a5188c89af6279ccfb17602bbb4a7ff62d3d7a41967f48ce565b59885,2025-08-05T12:59:59Z,365228377,0x212236b31697b37375a5afb113d911567b98faf84a58a666393016aa2c523634,2025-08-05T13:00:00Z,True,True,True,0,1
27,2025-08-06T13:00:00Z,baseline_close_28,2025-08-06,365386229,365731022,365573101,0x0a8f752aa3d4d80d12de86b22527fc50c91c9934c222f115b588b42a6ba1141a,2025-08-06T12:59:59Z,365573102,0x86ffac1361217be7fc3ce54b736be60d593f16ab98da82aac03f7c81e2f3ec53,2025-08-06T13:00:00Z,True,True,True,0,1
28,2025-08-07T13:00:00Z,baseline_close_29,2025-08-07,365731022,366077343,365918768,0xfe2e5182c0492a9d2649f79f8427a4691fed35b547014108eb47be07516f7e90,2025-08-07T12:59:59Z,365918769,0x2537eb2fd4d7b8323883add535e8ba736a67cf1600b01771c9179ee4b57c736b,2025-08-07T13:00:00Z,True,True,True,0,1
29,2025-08-08T13:00:00Z,baseline_close_30,2025-08-08,366077343,366423714,366265128,0x25199acad63f44fbfa66938885e0c82c1eee2d7da05357c4f2709b597d2ad675,2025-08-08T12:59:59Z,366265129,0xe561a83147cc937444d707703685eab5f35285c28b9fec5d97a0a611032cc854,2025-08-08T13:00:00Z,True,True,True,0,1
30,2025-08-09T13:00:00Z,baseline_close_31,2025-08-09,366423714,366769921,366611278,0xfd45d268ab63fe5289ddec1a42b95f4bbf47346f987512ba940af162041d450b,2025-08-09T12:59:59Z,366611279,0x8baecc22de6e49521353457f454f6ebd7b7c86a9c0fc23320ea559ae70e29555,2025-08-09T13:00:00Z,True,True,True,0,1
31,2025-08-10T13:00:00Z,baseline_close_32,2025-08-10,366769921,367116113,366957507,0x75783c16b2e2923341820100a60026c2c0d8a00b7ddfcddb5c528a510e5216b1,2025-08-10T12:59:59Z,366957508,0x7de24e8bb09f3b06f3ffdc35d19c9acc57b86a32d9a25d1efce9a64be8f51437,2025-08-10T13:00:00Z,True,True,True,0,1
32,2025-08-11T13:00:00Z,baseline_close_33,2025-08-11,367116113,367462279,367303618,0xd6852062163c18b6314d1c65350d18936545256328c852f8708820358287a174,2025-08-11T12:59:59Z,367303619,0x0e1d0f4935c87cc9fd2cc391c5c0c7c0481cec1be340b326ffad85f957455766,2025-08-11T13:00:00Z,True,True,True,0,1
33,2025-08-12T13:00:00Z,baseline_close_34,2025-08-12,367462279,367808426,367649757,0x3f6344314b2a510bb00bfc755d077ab123072c47bad8333a2720a9927d30a552,2025-08-12T12:59:59Z,367649758,0x6e4698efe25cfbb84a3ebf4625aad1bb80e1e9204a8f58cffb0cd46ab5418ff1,2025-08-12T13:00:00Z,True,True,True,0,1
34,2025-08-13T13:00:00Z,baseline_close_35,2025-08-13,367808426,368154693,367995934,0xae25e5154a33df13f17127e08b70bca551a42c1bc2aaf5bd4ac62d3f8adc8cde,2025-08-13T12:59:59Z,367995935,0xbdbb396394d7b3672ff79aa08e9149993f38e1e2d4dd9fe9b4f07bb2d37ee594,2025-08-13T13:00:00Z,True,True,True,0,1
35,2025-08-14T13:00:00Z,baseline_close_36,2025-08-14,368154693,368500938,368342249,0xa7ff0a79d515e9f8a723541481a928bd20214db25e77e9f6b5c7cde43ca2a572,2025-08-14T12:59:59Z,368342250,0x68c099e83dd58f079ae5cea86ccebdef68f49e612d74b689102fea91442ff6ef,2025-08-14T13:00:00Z,True,True,True,0,1
36,2025-08-15T13:00:00Z,baseline_close_37,2025-08-15,368500938,368847079,368688421,0x70346254bb21ae8d4c82271d94112439fe7645ad9df5b6f46304084896dd0c91,2025-08-15T12:59:59Z,368688422,0x7faf4920bf03d9d2c50a18bbcf14083b8f6d644aad70668e8ff91abe4f5702aa,2025-08-15T13:00:00Z,True,True,True,0,1
37,2025-08-16T13:00:00Z,baseline_close_38,2025-08-16,368847079,369192930,369034505,0x745ba2323e61c042acc977fe55b082c8d30a6e72032c66d20f7001665a1ad544,2025-08-16T12:59:59Z,369034506,0xb038213a4452d28bc7ffdf972145bdc7bf7b3f7f07f0df55bcd8503b535bace8,2025-08-16T13:00:00Z,True,True,True,0,1
38,2025-08-17T13:00:00Z,baseline_close_39,2025-08-17,369192930,369538759,369380277,0xd768bda2c61ad65e5bfa386bd11b1400b67b00e89458d2b6ebd909d3b6c24daf,2025-08-17T12:59:59Z,369380278,0x619508e62f54453e7a973d5cb31714911e371aa1f3b6e5f5beb6ecf073c959e6,2025-08-17T13:00:00Z,True,True,True,0,1
39,2025-08-18T13:00:00Z,baseline_close_40,2025-08-18,369538759,369884732,369726292,0x977494d0143ab6c4ddbf1faab00462e203f08bf95519a1e1c433e5262c424f66,2025-08-18T12:59:59Z,369726293,0xf4d7471c32fce7a5fee732ddff5c429c79f9852ce009fddefe1aaef400baafeb,2025-08-18T13:00:00Z,True,True,True,0,1
40,2025-08-19T13:00:00Z,baseline_close_41,2025-08-19,369884732,370230808,370072193,0xb918a47da84866ba2a04242ed0e121f69193c8225cb5110f62b428c7f5f65995,2025-08-19T12:59:59Z,370072194,0x20b3d375959a8aae4ce8d8a70afd66376560e195589e203fbf5bd61be2bc009a,2025-08-19T13:00:00Z,True,True,True,0,1
41,2025-08-20T13:00:00Z,baseline_close_42,2025-08-20,370230808,370576898,370418254,0x171c1a2adaa6d0e7d4c9bf2bc0ab6527203418eb7e198cd5e39eed52fc746fa9,2025-08-20T12:59:59Z,370418255,0x094af50c18284fd3feb003156ced224d7aee37e0dffd84aad858b0c9e3bc9b52,2025-08-20T13:00:00Z,True,True,True,0,1
42,2025-08-21T13:00:00Z,baseline_close_43,2025-08-21,370576898,370923014,370764488,0x40167e9e0e47a27a8f2a4173ec2e506ddd88e3f0efda90c3822481f196c53fdb,2025-08-21T12:59:59Z,370764489,0x176c111112f49a2d52383e6b44771ba61bdfa62fabd2a0ca9aa5e27a2e6886a2,2025-08-21T13:00:00Z,True,True,True,0,1
43,2025-08-22T13:00:00Z,baseline_close_44,2025-08-22,370923014,371269165,371110537,0xa4ebb9748cd8faad4bcae7a61346302fafab73af361988f6c58843feec628ebd,2025-08-22T12:59:59Z,371110538,0x4b28f61c61dbf663cc4fb09da90e682571cab7685b816d94be6c6c5b0157b9dc,2025-08-22T13:00:00Z,True,True,True,0,1
44,2025-08-23T13:00:00Z,baseline_close_45,2025-08-23,371269165,371615100,371456630,0xb5b47f5c2bce50da4dc6596b244f11ccb807b5006c0d1c4e8e1e81bdf582c03b,2025-08-23T12:59:59Z,371456631,0xdbe0160c7017fa2d181d0d8b0173b7ecce7efdc272a5eea47aad9b6f2fd3e58e,2025-08-23T13:00:00Z,True,True,True,0,1
45,2025-08-24T13:00:00Z,baseline_close_46,2025-08-24,371615100,371961116,371802488,0xfdd7837a7bdad8b03ca6de1cc3497a924ed0649cae54235c9202c726cf9dd85a,2025-08-24T12:59:59Z,371802489,0xb641772fa99301115e39f9b4536da547ad70fa04cdc2e7e364d24472bb5f9027,2025-08-24T13:00:00Z,True,True,True,0,1
46,2025-08-25T13:00:00Z,baseline_close_47,2025-08-25,371961116,372307422,372148678,0xeb6e19ad0a89eac6eefce30745984160f60d28a75df57a9770154d23d8607792,2025-08-25T12:59:59Z,372148679,0x06fe293a16d9f5ee7eb9b2d26fb9a3b5e9ac2b4bd4ea08260b2604da699bb6e6,2025-08-25T13:00:00Z,True,True,True,0,1
47,2025-08-26T13:00:00Z,baseline_close_48,2025-08-26,372307422,372653657,372494986,0x4714d94427dac635dbcb28df4886145dbb4bba3b93cf20fbc833e107b4f3a999,2025-08-26T12:59:59Z,372494987,0x2637dd5f4f33a76f058740c48b3c7764144eaebf9eb220e0c2bd5f969bc57575,2025-08-26T13:00:00Z,True,True,True,0,1
48,2025-08-27T13:00:00Z,baseline_close_49,2025-08-27,372653657,372999830,372841193,0x9e4e0724b08ba2cb35c124a748901bea9181616ed62e9e14c54de8382a1e3bfa,2025-08-27T12:59:59Z,372841194,0x807f4f20ad15e0e67f31df8611f6ac147b078ff0aaae94352bac3a22ebebfce9,2025-08-27T13:00:00Z,True,True,True,0,1
49,2025-08-28T13:00:00Z,baseline_close_50,2025-08-28,372999830,373346016,373187377,0x0676801fbfa2cd20bc90129cc980bbc8ddcc784589e622b75e11342111567ddc,2025-08-28T12:59:59Z,373187378,0xff0e32b725540a82e18f95d036b86b0d34331f3cbdfa09a30e4bfc580000d893,2025-08-28T13:00:00Z,True,True,True,0,1
50,2025-08-29T13:00:00Z,baseline_close_51,2025-08-29,373346016,373692235,373533568,0xf7c7a1341698b7086c0365707ee35fe6ed2d8675209492e465b5a45aca376fc9,2025-08-29T12:59:59Z,373533569,0xc11bed2cb7b141bee6ff11bc5ca5274190052320b195594e45841e57e2408700,2025-08-29T13:00:00Z,True,True,True,0,1
51,2025-08-30T13:00:00Z,baseline_close_52,2025-08-30,373692235,374038160,373879730,0xed0c71e00bda5e270f305a345ca4651d48d81b4ca5eed6c4ebe807f57a5adbb0,2025-08-30T12:59:59Z,373879731,0x208b1f072108e5ddd7057e5b5a2d14f8a304030a15b1b8caed11708a24ee1f2d,2025-08-30T13:00:00Z,True,True,True,0,1
52,2025-08-31T13:00:00Z,baseline_close_53,2025-08-31,374038160,374383983,374225636,0xad7a18282e0275208d07a8e4ebda25cec9fec3f86d72c468043840c8b45d986a,2025-08-31T12:59:59Z,374225637,0x3c75a2c04bf0debfa48187a8f24982dcbf9ab783129fb466cdc02c68c7bbf039,2025-08-31T13:00:00Z,True,True,True,0,1
53,2025-09-01T13:00:00Z,baseline_close_54,2025-09-01,374383983,374730012,374571459,0xc980d827823d077a45709a72f539891a64e000af94e78188b91e1e5b293465e3,2025-09-01T12:59:59Z,374571460,0xb5a1d2d959c8d83570e5248f74e873b1b21653557183d3f76f4ce1f4f3d87d55,2025-09-01T13:00:00Z,True,True,True,0,1
54,2025-09-02T13:00:00Z,baseline_close_55,2025-09-02,374730012,375075967,374917434,0x20260f0ab89ee451149efec8174b13d2e7e722190af5af9f03b8232253cbc2f6,2025-09-02T12:59:59Z,374917435,0xe2d957c21efc06d773904e8a294601e9330233486440e52416827c235944b5b4,2025-09-02T13:00:00Z,True,True,True,0,1
55,2025-09-03T13:00:00Z,baseline_close_56;campaign_snapshot_000,2025-09-03,375075967,375421942,375263391,0x774650aca6424cd07cee566e0acc67f392ad67810f84a8358fceb53ea9734c5b,2025-09-03T12:59:59Z,375263392,0x3d9036c78b0ec31dcd23905b390541de05f1e3a7cc153ef6e8e10e1563f3d56e,2025-09-03T13:00:00Z,True,True,True,0,1
56,2025-09-04T13:00:00Z,campaign_snapshot_001,2025-09-04,375421942,375767966,375609473,0x21866a996c84d8b1838589b56cbfec2390fc1c7b8e3e73cc30703bfd6368ef1d,2025-09-04T12:59:59Z,375609474,0x765f9dc6f29bdabc3fdd6ddeac890bcf54d94bfab85715538aa94f5740f4c726,2025-09-04T13:00:00Z,True,True,True,0,1
57,2025-09-05T13:00:00Z,campaign_snapshot_002,2025-09-05,375767966,376113943,375955403,0x9dcdd0476e4665a7040f00f45f089a714d85a45e9c4994dc81ca1b87c575ed9f,2025-09-05T12:59:59Z,375955404,0xb4dc91c532786c29d5365a928f5e29cde9884810ae6d7447a69091968ba43edf,2025-09-05T13:00:00Z,True,True,True,0,1
58,2025-09-06T13:00:00Z,campaign_snapshot_003,2025-09-06,376113943,376459500,376301175,0xae05c9af7c5446e5965d10fb8cda0a807476d202262f705c313205e4a8ca4aa1,2025-09-06T12:59:59Z,376301176,0x27db85334af34d530388cdd03c9ef64dead2a5f5c888291b204020c647e65912,2025-09-06T13:00:00Z,True,True,True,0,1
59,2025-09-07T13:00:00Z,campaign_snapshot_004,2025-09-07,376459500,376805343,376646848,0xb3de5a8ae2f8877efae1154319f25014b80967a29fe9c9e231bfaf17d49e2618,2025-09-07T12:59:59Z,376646849,0x5b0aca9f6889fe4d51c464f02d160c9a05c65b52f6817594c09424fca10e6c40,2025-09-07T13:00:00Z,True,True,True,0,1
60,2025-09-08T13:00:00Z,campaign_snapshot_005,2025-09-08,376805343,377151398,376992821,0x9a08ee69f863f8e458c782f4ddf48099a29d12d0ca28901ba0888454df6473db,2025-09-08T12:59:59Z,376992822,0x4316db3936de58cacc302abb503b086d75ac5ed8093a27603159590367b3f5e0,2025-09-08T13:00:00Z,True,True,True,0,1
61,2025-09-09T13:00:00Z,campaign_snapshot_006,2025-09-09,377151398,377497272,377338837,0x17f9b322805a7dfbb118a872397e4e3acf2c36a83bd4a69dfa08f3e996d47d75,2025-09-09T12:59:59Z,377338838,0x736d69b8694ba1395a35234855ed202e5139e0479747f5aea4e1b1c0a7487843,2025-09-09T13:00:00Z,True,True,True,0,1
62,2025-09-10T13:00:00Z,campaign_snapshot_007,2025-09-10,377497272,377843094,377684596,0x8d60fea947b81e8974f6de94fe059fa8531e55aa593daae3322d092b5f7df69f,2025-09-10T12:59:59Z,377684597,0x3496c8b5da3471ccbc6423ab1c49174d76f2cd2747d8259d431db3975dd9ce27,2025-09-10T13:00:00Z,True,True,True,0,1
63,2025-09-11T13:00:00Z,campaign_snapshot_008,2025-09-11,377843094,378188849,378030512,0x619e69c1f409b1ce2632567230a94cfb97469982d87a54f3f1a1048866044a71,2025-09-11T12:59:59Z,378030513,0x6d5b21a15324f9dede0c2a882682d7e82d139b9948ef7097e60b76bc18fdb2cf,2025-09-11T13:00:00Z,True,True,True,0,1
64,2025-09-12T13:00:00Z,campaign_snapshot_009,2025-09-12,378188849,378534625,378376189,0x2c7767fde4896063b90162616d28fa34791e6a94553710a536fbe909d7bb0c53,2025-09-12T12:59:59Z,378376190,0x732db94052b7ab3a7b7f4c1840bf2f9827092c2ed018ad21282afa6d37c02f8f,2025-09-12T13:00:00Z,True,True,True,0,1
65,2025-09-13T13:00:00Z,campaign_snapshot_010,2025-09-13,378534625,378879826,378721852,0xe6882810d3e72232ee35bad7b15c5b7cbe858b1b2c6877100f009755fab4f6fc,2025-09-13T12:59:59Z,378721853,0xd81a11eb2fd83c9703d71b499080fca603bfab5956a01be0d58f4372e19110fa,2025-09-13T13:00:00Z,True,True,True,0,1
66,2025-09-14T13:00:00Z,campaign_snapshot_011,2025-09-14,378879826,379225098,379066706,0x2c3220d579f1faf2c5142eb01c5e6578794f1f53fd33c56def5e6731adaa06c6,2025-09-14T12:59:59Z,379066707,0x1097ae4c97d9408696a21e518646bf7a0545b71d507a6795fe09d3c43deeba27,2025-09-14T13:00:00Z,True,True,True,0,1
67,2025-09-15T13:00:00Z,campaign_snapshot_012,2025-09-15,379225098,379570726,379412368,0xfc38bed27bf2b1686864ba5535cc561092b45c01920a8308eed959b9de7f19f4,2025-09-15T12:59:59Z,379412369,0x852e528dcf9fc2ecda40756280030d3630153ce6e1691d586c8d951c3b7113bb,2025-09-15T13:00:00Z,True,True,True,0,1
68,2025-09-16T13:00:00Z,campaign_snapshot_013,2025-09-16,379570726,379916165,379757880,0xa32dcf531cf57052968e88d6b76f92cbc75f045e83d0259c994fbdc129652dea,2025-09-16T12:59:59Z,379757881,0xa89f596e92e226e9cad9abd173ef2fddc5537e8b265606ec878a24e3d2be3a58,2025-09-16T13:00:00Z,True,True,True,0,1
69,2025-09-17T13:00:00Z,campaign_snapshot_014,2025-09-17,379916165,380261881,380103382,0x65c271d5e1b547630d251ae1072fa6e5f91289828480a1f05e22532510565667,2025-09-17T12:59:59Z,380103383,0x1e5908d90f39e5947bca2d56259f4d957b3cf4b83590868a259d7b1cf0712891,2025-09-17T13:00:00Z,True,True,True,0,1
70,2025-09-18T13:00:00Z,campaign_snapshot_015,2025-09-18,380261881,380607651,380449199,0x1ea69b40b3f8ff2e6e5a7aab02a925e33e49804f7260d101e39db6f11606b987,2025-09-18T12:59:59Z,380449200,0x16b267891ab31f299b444db2626aabb8e50b8e046f6beba3c41c6ec14ef0ae62,2025-09-18T13:00:00Z,True,True,True,0,1
71,2025-09-19T13:00:00Z,campaign_snapshot_016,2025-09-19,380607651,380953332,380794935,0x6957619692589025222943edb1d82cbbb8d604393e685f15c668677434465a0b,2025-09-19T12:59:59Z,380794936,0xf6c2e3c00fb6d08b923be59b0fbab4272b4f8462e41682833723e8f1ee021686,2025-09-19T13:00:00Z,True,True,True,0,1
72,2025-09-20T13:00:00Z,campaign_snapshot_017,2025-09-20,380953332,381299134,381140691,0xe813ceb2e8f25bfd3cd4b553ea748b10558eb2c98455916c658d5ac90fb00106,2025-09-20T12:59:59Z,381140692,0x922608ab9a87726f47b309d0e37931fe324cc5c4f540f414ad9c7dfd310d9e3d,2025-09-20T13:00:00Z,True,True,True,0,1
73,2025-09-21T13:00:00Z,campaign_snapshot_018,2025-09-21,381299134,381644747,381486377,0xe906252188573ca4ff2642c30f20393e6dc95a986cc4b24450f5b0acd5d0b84d,2025-09-21T12:59:59Z,381486378,0xa70de07c76fff8aa1fcb1b925e12e9c6883edffffbfe91238950bca60c3908f1,2025-09-21T13:00:00Z,True,True,True,0,1
74,2025-09-22T13:00:00Z,campaign_snapshot_019,2025-09-22,381644747,381990792,381832176,0x981a9614d7f2ec037dab6b10c22139964542136b2659a9613df0e40b20b479cc,2025-09-22T12:59:59Z,381832177,0xe8b52674f159da4bc7115e4f2963163a25d73eaf3fc8c9d2a28d7df995e1ec7c,2025-09-22T13:00:00Z,True,True,True,0,1
75,2025-09-23T13:00:00Z,campaign_snapshot_020,2025-09-23,381990792,382337055,382178443,0x5cfa8fe0f46be2eacb4c303d7c7aa3b2c3171f31cb0e31826aa5fb6307e45d94,2025-09-23T12:59:59Z,382178444,0xeebdb7aa122068ec2769db72e96a2cb6a5ee999b677437e71b285cc81345f24e,2025-09-23T13:00:00Z,True,True,True,0,1
76,2025-09-24T13:00:00Z,campaign_snapshot_021,2025-09-24,382337055,382683506,382524780,0x0fd5897d65a066a468a5d3de31481b94bfb2cb4c98aba38e1261a35566f4c98e,2025-09-24T12:59:59Z,382524781,0xd7f28387f5eb923fa0ae07867cc1fe77249d7c261308602ad4e0d7033bff10f1,2025-09-24T13:00:00Z,True,True,True,0,1
77,2025-09-25T13:00:00Z,campaign_snapshot_022,2025-09-25,382683506,383030432,382871453,0x918197a225c0d217b843fd36fae762b64d72aa807af01e493f88eb0e449d6076,2025-09-25T12:59:59Z,382871454,0x884f86c6f75d6752a0470674a643eb24b3ccace247596945bbb19096e2c8f3d1,2025-09-25T13:00:00Z,True,True,True,0,1
78,2025-09-26T13:00:00Z,campaign_snapshot_023,2025-09-26,383030432,383376865,383218186,0x31cd5b1692adf25efb62a9a26d732a3712e5a458a43197e78abbda0d489983fd,2025-09-26T12:59:59Z,383218187,0x580c888aaea39ec60c9a56a7cff3c5392679004fa708b292266ed230d64cb2e4,2025-09-26T13:00:00Z,True,True,True,0,1
79,2025-09-27T13:00:00Z,campaign_snapshot_024,2025-09-27,383376865,383723284,383564513,0x4998daed47bea5cce1031a39474c14c54003659ed7923312b0efbfd882210c64,2025-09-27T12:59:59Z,383564514,0x1861b4a1f5409872b9cc8f84e9d390aa066785255bfbd17e151bcf43080084b5,2025-09-27T13:00:00Z,True,True,True,0,1
80,2025-09-28T13:00:00Z,campaign_snapshot_025,2025-09-28,383723284,384069217,383910646,0x4d51e6eea50756d77b029d990bf80536b795051d1544bc952172e5a68454d9ea,2025-09-28T12:59:59Z,383910647,0xb7ab2acaa39c49977372b13a333f532bd4941a1a059f06fad5d037b5da0c5a5c,2025-09-28T13:00:00Z,True,True,True,0,1
81,2025-09-29T13:00:00Z,campaign_snapshot_026,2025-09-29,384069217,384415208,384256637,0xcfdb4e43c90c4bcd69d62b0f7d29cf3f663504e8547c5af86fd71d9779c03e1b,2025-09-29T12:59:59Z,384256638,0xc8e719e6b06e40a443f25f9282464be3319668ef20b5432224fc66c23dc68d71,2025-09-29T13:00:00Z,True,True,True,0,1
82,2025-09-30T13:00:00Z,campaign_snapshot_027,2025-09-30,384415208,384761330,384602702,0xfa2782dfa73ca896099d228fa89abcef699f34a386364104c60dfddd193f139b,2025-09-30T12:59:59Z,384602703,0xf0377cefb78737aad8499fc1f94c0a90724ba3d637b333c4717942e4230aedcf,2025-09-30T13:00:00Z,True,True,True,0,1
83,2025-10-01T13:00:00Z,campaign_snapshot_028,2025-10-01,384761330,385107521,384948831,0x7ba579e34f68cd2fe6d3d30f83d481b3607014fa75c85d0446828d4175f22ff9,2025-10-01T12:59:59Z,384948832,0x471b2ea5d4f2868b9fb0591b7f3f51f791c37de8571bff61bd49e82fb8450d11,2025-10-01T13:00:00Z,True,True,True,0,1
84,2025-10-02T13:00:00Z,campaign_snapshot_029,2025-10-02,385107521,385453505,385294975,0x127f50d5add4b7eaafd93d3f71a578f08f52fb55754ef2290dd61a311cf27842,2025-10-02T12:59:59Z,385294976,0x82c28d8e802a2d49586c6480a8c2c86f9e6b7e7d894b32f9bcf81d3c622d6204,2025-10-02T13:00:00Z,True,True,True,0,1
85,2025-10-03T13:00:00Z,campaign_snapshot_030,2025-10-03,385453505,385799265,385640829,0x6ba16aaf854b016a33f4cb8e7fe3e64ea8f8989548f8942aa9783f820ee7e29c,2025-10-03T12:59:59Z,385640830,0x66b06ac3ed467af694c1aad8208172bad16082ae520f6c5900545f3a13a2b6e2,2025-10-03T13:00:00Z,True,True,True,0,1
86,2025-10-04T13:00:00Z,campaign_snapshot_031,2025-10-04,385799265,386145223,385986530,0x5864f4514b0a6844fa0f75fb8eaa7ab2e245d9c7a07846c0db3af8a5e929fc43,2025-10-04T12:59:59Z,385986531,0xe0479e41f7ac508c6b0513ce28976040fc9df9773901abb8fdeec5bf329d3560,2025-10-04T13:00:00Z,True,True,True,0,1
87,2025-10-05T13:00:00Z,campaign_snapshot_032,2025-10-05,386145223,386491322,386332928,0x7a236d4dbd1ca23b8513e4370265baad040e0c62466bc48950c943f8782b303e,2025-10-05T12:59:59Z,386332929,0x654d7653558f34eee2664a37ccbc5a5f19c346b1f6d28cf590f73fe7b5a11422,2025-10-05T13:00:00Z,True,True,True,0,1
88,2025-10-06T13:00:00Z,campaign_snapshot_033,2025-10-06,386491322,386837514,386678710,0xc5163656143610c78fc0d41ec640af9655faa077b80e341a10e30b1c93dccec9,2025-10-06T12:59:59Z,386678711,0xd8313e8431c547909c354d92614bd754e23f2956bcbe1be74e5223557a7bf901,2025-10-06T13:00:00Z,True,True,True,0,1
89,2025-10-07T13:00:00Z,campaign_snapshot_034,2025-10-07,386837514,387184021,387025199,0xf4e62c70132630d9876345148fec3d1287f579ff186e00034ec3ea8dcb320924,2025-10-07T12:59:59Z,387025200,0x8046d92b0f2803c2ec6b78d80faebf6d450bdae5713b39f6464afa6928e05734,2025-10-07T13:00:00Z,True,True,True,0,1
90,2025-10-08T13:00:00Z,campaign_snapshot_035,2025-10-08,387184021,387530359,387371581,0x5e97603e3a5c0aa64f5881f13ea7efdf6b6509c9a96afb6dd1b1c526df38be2c,2025-10-08T12:59:59Z,387371582,0xab44f7388efc3e7e1d4ddee5b42f41235b14579932584254f987d1cd9bec5f35,2025-10-08T13:00:00Z,True,True,True,0,1
91,2025-10-09T13:00:00Z,campaign_snapshot_036,2025-10-09,387530359,387876437,387717903,0xbd312e98d7389dbf71932b907c97f861da194973d5f2fb3e15c5d96b8f34738a,2025-10-09T12:59:59Z,387717904,0xe92395bba59a21ee21745a35a1dbde4deb771ed1e66284e5f516271fdc510358,2025-10-09T13:00:00Z,True,True,True,0,1
92,2025-10-10T13:00:00Z,campaign_snapshot_037,2025-10-10,387876437,388222719,388064026,0x9a00cc5eadecf769b26f8555462fc583f949fbeced20d00f01368af6d72375c5,2025-10-10T12:59:59Z,388064027,0x92985491777f5e87bb3b6af30f8f8dec843e1219b2342bdff061abd872033f8a,2025-10-10T13:00:00Z,True,True,True,0,1
93,2025-10-11T13:00:00Z,campaign_snapshot_038,2025-10-11,388222719,388569087,388410397,0x74d2915eb414e5b3ba77f3168b7755cdcfddeaab31376ff21cb0626a645de0fa,2025-10-11T12:59:59Z,388410398,0xf5578e098268faa68f2dfb0d5b50daae2ad3dd7e9568333859bc527544ca0b0c,2025-10-11T13:00:00Z,True,True,True,0,1
94,2025-10-12T13:00:00Z,campaign_snapshot_039,2025-10-12,388569087,388915310,388756678,0x66b1b49aa897b097644a3544a032c50f6b5de5afb68e66e8859906cd250eb381,2025-10-12T12:59:59Z,388756679,0xca5a880da7e99f41d0810d895388e24d497d05a4eb5e008b7fb196647955d450,2025-10-12T13:00:00Z,True,True,True,0,1
95,2025-10-13T13:00:00Z,campaign_snapshot_040,2025-10-13,388915310,389261472,389102781,0xbcde4d7eaba25f6c6d457948704158711f465c0cf0ef9679c66037c490463ff6,2025-10-13T12:59:59Z,389102782,0x007cd982e3a9e50e22d248001a7adddb5f2a04ec386ee160a65c56338104cf55,2025-10-13T13:00:00Z,True,True,True,0,1
96,2025-10-14T13:00:00Z,campaign_snapshot_041,2025-10-14,389261472,389607741,389449079,0xea609d0e2d7bb4d1cebbf605c4f820d7efa645d0e788d8b817a29b222ad6c469,2025-10-14T12:59:59Z,389449080,0xa519bbb718be5544f7972ffdb79064deb33827a5d9d5e8485b7921d9c4b9dd52,2025-10-14T13:00:00Z,True,True,True,0,1
97,2025-10-15T13:00:00Z,campaign_snapshot_042,2025-10-15,389607741,389953872,389795232,0x7341a68b36b64391c3662b7e6b9af3ada305da1832ad67f4f7476bdd101af22d,2025-10-15T12:59:59Z,389795233,0x6277b9a7df9378d597781f2fdd60600c7cdafa26d65946791e188c4d4d34e73e,2025-10-15T13:00:00Z,True,True,True,0,1
98,2025-10-16T13:00:00Z,campaign_snapshot_043,2025-10-16,389953872,390299843,390141345,0x981b775651d13a25e8a72fe4d449b75b77f36932949de4eb702e5b4f98f964a9,2025-10-16T12:59:59Z,390141346,0x9a0df0c55c22689527d771462357cf9839ff77ac61ca51acaa06266742412c2a,2025-10-16T13:00:00Z,True,True,True,0,1
99,2025-10-17T13:00:00Z,campaign_snapshot_044,2025-10-17,390299843,390645840,390487357,0x4f0bba1ff6ca3787ea8c617b04c966c4a16f313e26bc92f3c68e0ff03535e6aa,2025-10-17T12:59:59Z,390487358,0x9a25e937c34659f95bc24dfb0cdfd86254779738ccc01705d13703fa35122c85,2025-10-17T13:00:00Z,True,True,True,0,1
100,2025-10-18T13:00:00Z,campaign_snapshot_045,2025-10-18,390645840,390991280,390833088,0xaab138ab4715be707f0db1b51990567fcaa51401fdc7efa01970fb038a3b4a10,2025-10-18T12:59:59Z,390833089,0x53906a1a2e54c8e3de6c4c4e5a0aab2a7e22232f5414d35724cac20cfde3f79d,2025-10-18T13:00:00Z,True,True,True,0,1
101,2025-10-19T13:00:00Z,campaign_snapshot_046,2025-10-19,390991280,391336660,391178802,0xb33e173b42887d1a3ca393ba11440f41aee7ae7b897c058d6e964344f44f8d6f,2025-10-19T12:59:59Z,391178803,0x7391bb9651bea3b6a50cfd3c653a53d4235cbecc0a9d9fc2ebcec819d4e9b3ad,2025-10-19T13:00:00Z,True,True,True,0,1
102,2025-10-20T13:00:00Z,campaign_snapshot_047,2025-10-20,391336660,391681911,391523909,0x9ee1b698d21db90369eff9f401350b85532396054aef207fab763848c9e7744b,2025-10-20T12:59:59Z,391523910,0x5b98643343e55ff9e59c40b303baa715aa87881260b1c83b975be207d2a60e69,2025-10-20T13:00:00Z,True,True,True,0,1
103,2025-10-21T13:00:00Z,campaign_snapshot_048,2025-10-21,391681911,392027688,391869162,0x360f3e13ba1fba61583ae7561b2f2c6805315f99171519c6daf956ec5861d754,2025-10-21T12:59:59Z,391869163,0x9884fb8fe14bcacd5aefc2d41c0ba6435e5129a6ee062dac835111f9771c7a4f,2025-10-21T13:00:00Z,True,True,True,0,1
104,2025-10-22T13:00:00Z,campaign_snapshot_049,2025-10-22,392027688,392373715,392215013,0x98dbc5a92b2caed85378b5555c05448b2d54fd0e670a904ab85bd2eabf751da9,2025-10-22T12:59:59Z,392215014,0xb1754d61325c0a49ba2d693cc54bb597ad0219d58061f218b70877c923b47f2f,2025-10-22T13:00:00Z,True,True,True,0,1
105,2025-10-23T13:00:00Z,campaign_snapshot_050,2025-10-23,392373715,392719870,392561155,0x36c7fd9f05492029bba0a0cd1ee736b160070ed59a985bb3b153829a788fe840,2025-10-23T12:59:59Z,392561156,0xbe52df6d97bcf4a8238e031d95b709746dd33dc5cd7d063bb2024918969da6b2,2025-10-23T13:00:00Z,True,True,True,0,1
106,2025-10-24T13:00:00Z,campaign_snapshot_051,2025-10-24,392719870,393066003,392907425,0x467df2a24535315fed2c4b05c9cc49da42bdea61ee9625d6e2b78fd217d077f4,2025-10-24T12:59:59Z,392907426,0x677d53c3a88a86a82b6578cface0c926cffc79788c359420de27211651d21987,2025-10-24T13:00:00Z,True,True,True,0,1
107,2025-10-25T13:00:00Z,campaign_snapshot_052,2025-10-25,393066003,393411708,393253311,0x166ad5af97afc9a7dc5d8f62789159f20895db426bf3952f3baf4fe2719725e2,2025-10-25T12:59:59Z,393253312,0xa8c8acd0a6e8a0bad93aa4a55cc7c2d77b6a47218af39bbba261f0110ec8c1ec,2025-10-25T13:00:00Z,True,True,True,0,1
108,2025-10-26T13:00:00Z,campaign_snapshot_053,2025-10-26,393411708,393757548,393599044,0xeaad7b1f9cfdb9ead6de105879187fb351d9892062694764fef5b8572027841f,2025-10-26T12:59:59Z,393599045,0x5911c71da3fca8c228aa862be4341670c53eed4d2ca6905d7f435b9ecdbb2c85,2025-10-26T13:00:00Z,True,True,True,0,1
109,2025-10-27T13:00:00Z,campaign_snapshot_054,2025-10-27,393757548,394103704,393945025,0x952f960bf22ec30fa2c2b670c14ea05dab213d71607841c6438dfdcda3054738,2025-10-27T12:59:59Z,393945026,0x3277992d83c920625b6a19be8248e5e2b07cb87db747b3249bbb88edde1e59ce,2025-10-27T13:00:00Z,True,True,True,0,1
110,2025-10-28T13:00:00Z,campaign_snapshot_055,2025-10-28,394103704,394449851,394291210,0x4a09d9155fa9d66cfb63e54efe624d35e3b7b01ab98eac04391ef899532312f3,2025-10-28T12:59:59Z,394291211,0x0d628f88c4e8e5d214c35fe66fa52a41c0424b76f553b5f8cfc24c5d0110e496,2025-10-28T13:00:00Z,True,True,True,0,1
111,2025-10-29T13:00:00Z,campaign_snapshot_056,2025-10-29,394449851,394795983,394637361,0x118dec628b0b42dfacee3facf7a7a746276d1b6e0ce9d27109795cc3336ac69c,2025-10-29T12:59:59Z,394637362,0x4e9d4519f33cbef2b82ef3b8fddcf476dae78c44322af3943be662feae2e1bb0,2025-10-29T13:00:00Z,True,True,True,0,1
112,2025-10-30T13:00:00Z,campaign_snapshot_057,2025-10-30,394795983,395142187,394983571,0x664a124bcd6d8931bfefa74271250738fb069e289b3e2495c285e466e09881e3,2025-10-30T12:59:59Z,394983572,0x78ffda191327bf283942be7c2b15bd4cfcf4bdb54eb6ca8c6beb1e7effbfba75,2025-10-30T13:00:00Z,True,True,True,0,1
113,2025-10-31T13:00:00Z,campaign_snapshot_058,2025-10-31,395142187,395488345,395329657,0x606e90e0dafa85733758150bad46b6571da770e6fbadd0d6147778d4b5e78aae,2025-10-31T12:59:59Z,395329658,0x8d4390a6e06ef8466e1165f09035abcad6a5dbeae8ed60bb5d6f87fe14078500,2025-10-31T13:00:00Z,True,True,True,0,1
114,2025-11-01T13:00:00Z,campaign_snapshot_059,2025-11-01,395488345,395834395,395675845,0xb1fad337ec2007db75d97b9bd74f86f3e17967e9bcc5393308c3e2bb7d8512e2,2025-11-01T12:59:59Z,395675846,0x662f4b08b68f68edc926c2c3cc90916a1c1ca6d889074a6a0ebadd4282e96f56,2025-11-01T13:00:00Z,True,True,True,0,1
115,2025-11-02T13:00:00Z,campaign_snapshot_060,2025-11-02,395834395,396180357,396021792,0xbac183ff8e84150ff19cd4d41e17ec63eff16b7fc0773484d6fb00f76a34910f,2025-11-02T12:59:59Z,396021793,0xe404c6a9a8962637ce7657b0edbcc09813713e85867f218b4d918928e23ebc30,2025-11-02T13:00:00Z,True,True,True,0,1
116,2025-11-03T13:00:00Z,campaign_snapshot_061,2025-11-03,396180357,396526517,396367918,0x18dacd43e035f0b9e3c80c4e0865394901f9a686f46bcbc97a1f927a13667047,2025-11-03T12:59:59Z,396367919,0x5dac1638532675e5ea14d8b8506eead35ad706cf36619044f6350ec2b162a0c0,2025-11-03T13:00:00Z,True,True,True,0,1
117,2025-11-04T13:00:00Z,campaign_snapshot_062,2025-11-04,396526517,396872725,396714015,0xfb80eaf697f3640a8fda14e4649a4f0b7b98b7b8732f97afb490ddd158d8fe58,2025-11-04T12:59:59Z,396714016,0xb1b044bd021bf37e0c68fe4dff7c65be21893338c069223dc951e29d953e87cc,2025-11-04T13:00:00Z,True,True,True,0,1
118,2025-11-05T13:00:00Z,campaign_snapshot_063,2025-11-05,396872725,397218821,397060271,0x15ff040577e1d22010b1c771ac8eaedbafb8b5f804fde317782fea757a408908,2025-11-05T12:59:59Z,397060272,0x280689783c0f285a55d77ee8a08358723b5a27cfdeebf6ed5add5cdfd73d5db3,2025-11-05T13:00:00Z,True,True,True,0,1
119,2025-11-06T13:00:00Z,campaign_snapshot_064,2025-11-06,397218821,397564877,397406279,0xf118c0527acc03fd352e9737a37778af89f04e3483df8d957b7ae2d9fa247004,2025-11-06T12:59:59Z,397406280,0x90cf1a438352eede5025dcbd8c871d9649857d08a02335a9d00073eef73a9759,2025-11-06T13:00:00Z,True,True,True,0,1
120,2025-11-07T13:00:00Z,campaign_snapshot_065,2025-11-07,397564877,397911035,397752345,0x5c39cea36a885342df13a775f1b7eb166e8c1f8caacd54768b52ecd93300c085,2025-11-07T12:59:59Z,397752346,0x2199fe14aa0ef12fb2082d24e06e537ff3a540b399fdc0c192ff6cea4ba3a815,2025-11-07T13:00:00Z,True,True,True,0,1
121,2025-11-08T13:00:00Z,campaign_snapshot_066,2025-11-08,397911035,398257000,398098516,0xd62869385367b91c39756ef22fb83b11a24c215a8a2736d0ba874c3bf89ec191,2025-11-08T12:59:59Z,398098517,0x105fa29d37d28ff39dcb69ea25bf9a9e23166b9b7e672df1ab9100c27a524f64,2025-11-08T13:00:00Z,True,True,True,0,1
122,2025-11-09T13:00:00Z,campaign_snapshot_067,2025-11-09,398257000,398602845,398444332,0xe20fcc7d945f56d293a23ba87a67e14e10f07a86713d3bd60a491d29a8403595,2025-11-09T12:59:59Z,398444333,0x96680a4c2c55229295a64d46b32cc88bc8040deab3f334720336b53fc6c1990a,2025-11-09T13:00:00Z,True,True,True,0,1
123,2025-11-10T13:00:00Z,campaign_snapshot_068,2025-11-10,398602845,398949022,398790345,0xde7952c9a9576d06d7762e8426708b55200b502ff36def3081b07fa4b2805ba1,2025-11-10T12:59:59Z,398790346,0xb546a8e5d666acf58883e095e5419d34e96555a5f3bc879e5679bc3178b5ec90,2025-11-10T13:00:00Z,True,True,True,0,1
124,2025-11-11T13:00:00Z,campaign_snapshot_069,2025-11-11,398949022,399294999,399136481,0xca9c16fa995dcc320c4ab08130d16f205b7ba5b095361d2132e1e6ddad33368e,2025-11-11T12:59:59Z,399136482,0xf9ee45485133e95ef01dece4c60c70953a3083a944b4caacb8d19d6f31185610,2025-11-11T13:00:00Z,True,True,True,0,1
125,2025-11-12T13:00:00Z,campaign_snapshot_070,2025-11-12,399294999,399640945,399482380,0xed8f138aaef1db1a8012e4486d41d2180d6c324d456eb9805bd77a83e0478f81,2025-11-12T12:59:59Z,399482381,0xea85fa1917eb4170d0e849d0bab23d648f8bf97bb2706806ac0ff823782f1ac7,2025-11-12T13:00:00Z,True,True,True,0,1
126,2025-11-13T13:00:00Z,campaign_snapshot_071,2025-11-13,399640945,399987060,399828445,0x01a92aafa4ddd62770a425edb030bcadbb0109ced4c4a19709f348eac6e2d6dc,2025-11-13T12:59:59Z,399828446,0xd5d1a73169f650e87dd462e9dd6379d64a357b28f2b423bba572adba7c9efa1d,2025-11-13T13:00:00Z,True,True,True,0,1
127,2025-11-14T13:00:00Z,campaign_snapshot_072,2025-11-14,399987060,400333080,400174581,0x33b14e33a5aca8f7204b17ecbd12f6fa103ae2c0e5f35810260f921d97c5e6c3,2025-11-14T12:59:59Z,400174582,0x080fe2100ca0779fc4286a5fa8048973037bc2ffd7b122d03098fea65ac6e54e,2025-11-14T13:00:00Z,True,True,True,0,1
128,2025-11-15T13:00:00Z,campaign_snapshot_073,2025-11-15,400333080,400677953,400520277,0x4bce6dd230263d51eeb4c29570ad90d5f0e70f25e60b0d548735935799671ed4,2025-11-15T12:59:59Z,400520278,0x97222ce7802ae574c4edb81bbae1aff0a50ab924ec8579904fba6818416959fd,2025-11-15T13:00:00Z,True,True,True,0,1
129,2025-11-16T13:00:00Z,campaign_snapshot_074,2025-11-16,400677953,401023368,400865068,0x5463acc8b1442b6ae1cbe2fdb6a0206a44f3260713b643b0d9866f1c2b5e302d,2025-11-16T12:59:59Z,400865069,0x53832974cd2b4afa92954763654f3fd1d4751cd11d580087a815ae23dc39dc27,2025-11-16T13:00:00Z,True,True,True,0,1
130,2025-11-17T13:00:00Z,campaign_snapshot_075,2025-11-17,401023368,401369178,401210611,0x8aabc2ef80c9309bbddbfa935548359c5d2cba7b035aee05eea7e614a0a10d99,2025-11-17T12:59:59Z,401210612,0x38caa3bfe3ed8af94c27b3934a55d15263ff1851b4e9c34bff24183cc52056ec,2025-11-17T13:00:00Z,True,True,True,0,1
131,2025-11-18T13:00:00Z,campaign_snapshot_076,2025-11-18,401369178,401714881,401556561,0xd4f0bee822a7a0225f919d7c536a07fdc725ce373057bfd035772363e4c1ad3c,2025-11-18T12:59:59Z,401556562,0x9fa5a59286dfe4e95e40faccbf050fc9f163ebe92ed206b47d7d91f6d44ea1f2,2025-11-18T13:00:00Z,True,True,True,0,1
132,2025-11-19T13:00:00Z,campaign_snapshot_077,2025-11-19,401714881,402060763,401902245,0x28cb1f3872cbc23671bd014a9feacc217e755bcb392e11eecbf0fbea6d3e75d4,2025-11-19T12:59:59Z,401902246,0x741d6873a2d9dbeb1bbf81a2798ac4d71e8ca9ebdab4049751092e72a3a124ab,2025-11-19T13:00:00Z,True,True,True,0,1
133,2025-11-20T13:00:00Z,campaign_snapshot_078,2025-11-20,402060763,402406626,402248059,0x6a866cbebdbfd3147000285600757051af5838705ca57f23705d6ef2f815c2c1,2025-11-20T12:59:59Z,402248060,0x7b11970385c488ea5ad026f825388ab5db267437dbde2bdcae2c019b01a664ba,2025-11-20T13:00:00Z,True,True,True,0,1
134,2025-11-21T13:00:00Z,campaign_snapshot_079,2025-11-21,402406626,402752730,402594217,0xb65d570889ee65a5cfdfbbc5c003a445b4fb0ef1ba6787c2a9e65e2a7781eccb,2025-11-21T12:59:59Z,402594218,0x20bc562a83eaeb35b5122b5d9f0d739fdca8cf4f5fef3568cf73149cb1eb9f76,2025-11-21T13:00:00Z,True,True,True,0,1
135,2025-11-22T13:00:00Z,campaign_snapshot_080,2025-11-22,402752730,403097589,402939909,0x3379ab302d4c8f6eb6bbc3f40d0cba463a87650cea1e4f01e52cf286ccbd9b51,2025-11-22T12:59:59Z,402939910,0xbdad3368f76201378f0ee8409e0b5c082c823a5d630a9eaa8c251de31a60290f,2025-11-22T13:00:00Z,True,True,True,0,1
136,2025-11-23T13:00:00Z,campaign_snapshot_081,2025-11-23,403097589,403441737,403284442,0xa1cfc18c7150553d66ce1c354be87daa57713594e3b55f9196f00bd4812ead22,2025-11-23T12:59:59Z,403284443,0x26ff0a1304d9cb9761a4cd61a6714ca1254df3b71f0ec3b52176bfb75b7d0186,2025-11-23T13:00:00Z,True,True,True,0,1
137,2025-11-24T13:00:00Z,campaign_snapshot_082,2025-11-24,403441737,403787376,403628883,0x6831dc8b767600cd5e6619afd763efabf3f012ac797fd665ff8e23dede40c97f,2025-11-24T12:59:59Z,403628884,0x6ab0a18d6800d37e23835df3d6155b37d479145823fff853526c9dc6cc547504,2025-11-24T13:00:00Z,True,True,True,0,1
138,2025-11-25T13:00:00Z,campaign_snapshot_083,2025-11-25,403787376,404133629,403974974,0xaca0917930db46ea447d4fd08f9e5d4fbffbccf86df7f4e989a645e2d6cf5af9,2025-11-25T12:59:59Z,403974975,0x1a8c765b633cb1dbbc782fd4cadb687f111fa147bec78600026852111e697308,2025-11-25T13:00:00Z,True,True,True,0,1
139,2025-11-26T13:00:00Z,campaign_snapshot_084,2025-11-26,404133629,404479803,404321079,0x56d0161214580fd46de73bc6760671d4d34295a118accb97e6dd02a7c77009c1,2025-11-26T12:59:59Z,404321080,0x390c87e3ebc7ca6d299fbd5e88de4ef347f8fa627a81f203554155eb7c8f73dd,2025-11-26T13:00:00Z,True,True,True,0,1
140,2025-11-27T13:00:00Z,campaign_snapshot_085,2025-11-27,404479803,404825905,404667406,0x1a7dfda0531cc1d43fc51294f1006052136c8267f281d90699e68a02a2ab6235,2025-11-27T12:59:59Z,404667407,0xbe3eedea6f3d64c943f3da874d2cd8d1518f4f67d966558112fd2cbbef91a4ef,2025-11-27T13:00:00Z,True,True,True,0,1
141,2025-11-28T13:00:00Z,campaign_snapshot_086,2025-11-28,404825905,405171747,405013347,0x318bd0c72f373cfb13112553fe306baed096d22987732b6ed3c9ce2339755f8d,2025-11-28T12:59:59Z,405013348,0xfa84aaf3effa5bdd08689833ade855ca9bed6451466f774f616a2b38ce5c94c5,2025-11-28T13:00:00Z,True,True,True,0,1
142,2025-11-29T13:00:00Z,campaign_snapshot_087,2025-11-29,405171747,405517394,405359089,0xa3a419f6fbadd9c075abe4dfebfd673d58259aa1cb951505bb7017fb4f7ba191,2025-11-29T12:59:59Z,405359090,0xf4370638eebce4d0282dc814311fe21b317a389f9baa3419422e4d4505604c97,2025-11-29T13:00:00Z,True,True,True,0,1
143,2025-11-30T13:00:00Z,campaign_snapshot_088,2025-11-30,405517394,405863596,405704827,0xf00e3a8968b9044ebbaf8aa625bd2318a4247569527046e9752c088fac722c5e,2025-11-30T12:59:59Z,405704828,0xd5153db42d7c19442403f8bfd4f50f2e571eb8cc938c71b084a07d6ed495558f,2025-11-30T13:00:00Z,True,True,True,0,1
144,2025-12-01T13:00:00Z,campaign_snapshot_089,2025-12-01,405863596,406210383,406051446,0x97bfc4205afdc20b80e41b4f76f0ab290f029f962357c85848642844f6df716d,2025-12-01T12:59:59Z,406051447,0x6be13e9fdb629bde8ad3dd190107f3351b4e2ac8f780baca662177ea8982e596,2025-12-01T13:00:00Z,True,True,True,0,1
145,2025-12-02T13:00:00Z,campaign_snapshot_090,2025-12-02,406210383,406557036,406398164,0x1b9b8b02cdc8a99b54521c02a50e884abb04b4b10ab21d5d3ed792357d8c3081,2025-12-02T12:59:59Z,406398165,0xc49162967d99a89430d846fe5556066ebacd72b67f4d80c91ba1bfcf99cf3d1b,2025-12-02T13:00:00Z,True,True,True,0,1
146,2025-12-03T13:00:00Z,campaign_snapshot_091,2025-12-03,406557036,406903362,406744675,0x1ebe32576d50b07c1573076eba225ef79064acf5c07fc42cdde09c44fd940969,2025-12-03T12:59:59Z,406744676,0xafc47b7dcdb93638a5bc8dab350d8d5715ab16fd546b50ea3f4253a3def1d23a,2025-12-03T13:00:00Z,True,True,True,0,1
147,2025-12-04T13:00:00Z,campaign_snapshot_092,2025-12-04,406903362,407249365,407090576,0x35dc5829573272f40e57cbd620176757fe67f1962ca743ab971c556d3c357b0d,2025-12-04T12:59:59Z,407090577,0x531e0b909b21493530490cc6b8454faf8f3c513e05c3a2b8cb1fd7b9936e3acd,2025-12-04T13:00:00Z,True,True,True,0,1
148,2025-12-05T13:00:00Z,campaign_snapshot_093,2025-12-05,407249365,407596119,407437241,0xce528d93b7fc85715982b3e4720a2540a9deb0700a705363c063eec250c459fa,2025-12-05T12:59:59Z,407437242,0x98cf0ec674edb04b905fa06682bfb792b9ad6a33db2adb0fbabd9111c025cfa3,2025-12-05T13:00:00Z,True,True,True,0,1
149,2025-12-06T13:00:00Z,campaign_snapshot_094,2025-12-06,407596119,407942726,407783908,0xac147b025ede07ee272e0fba237d0bda7f3df1245e70a15f16b33629fd64974e,2025-12-06T12:59:59Z,407783909,0xbdfb8bb0a86b87c6f4421aaa7cb8b8c51923fba6e16cff10aefef2e7ce064e17,2025-12-06T13:00:00Z,True,True,True,0,1
150,2025-12-07T13:00:00Z,campaign_snapshot_095,2025-12-07,407942726,408289245,408130476,0x28b1068fd00565f7e9bdcb6b3097d20923ae8b0e399f8471ae58edfe545448b8,2025-12-07T12:59:59Z,408130477,0x6f611ba54a8d5e6e429cecfa6fe5a9c5c9ec8749dd55fd924c080ef0b3637bc5,2025-12-07T13:00:00Z,True,True,True,0,1
151,2025-12-08T13:00:00Z,campaign_snapshot_096,2025-12-08,408289245,408635723,408476894,0x6b45aaa8a4061a790746a04ad91a92fc2c01d25dab59a6bb7d42510a33c2d91b,2025-12-08T12:59:59Z,408476895,0x8c308cc4f9534c3b4618da791f3a9a24e1d198ec03584d962951e71cec2f871a,2025-12-08T13:00:00Z,True,True,True,0,1
152,2025-12-09T13:00:00Z,campaign_snapshot_097,2025-12-09,408635723,408982122,408823315,0x7809ca16a0b4ead37030cacda25c82d923b586d034f2adba5b1f5fda8e7cd5c7,2025-12-09T12:59:59Z,408823316,0x7c863cf068c413d248cd0fd10194ba8bad0c7b3a2f17b871f36cd332b92e4dd9,2025-12-09T13:00:00Z,True,True,True,0,1
153,2025-12-10T13:00:00Z,campaign_snapshot_098,2025-12-10,408982122,409328472,409169719,0xf62897130c257e214c884b64894f6ff72d6938107cd3e1607194644484b42572,2025-12-10T12:59:59Z,409169720,0x01c0571a1572c1e7b1fc21ea12d014ce6941bdc30f76ecd765923a943b99c4b6,2025-12-10T13:00:00Z,True,True,True,0,1
154,2025-12-11T13:00:00Z,campaign_snapshot_099,2025-12-11,409328472,409674990,409516135,0x97b4d0be8215538b6b1742bf4ff4e7c1247b604bffc605d816f48dceee5eef0b,2025-12-11T12:59:59Z,409516136,0xeecaf80a47b5496f01bb9b44dd9094fea35b413829cdca94d7216ba28ba7cd1a,2025-12-11T13:00:00Z,True,True,True,0,1
155,2025-12-12T13:00:00Z,campaign_snapshot_100,2025-12-12,409674990,410021112,409862484,0xa8699ca3ec5611cc110d07ae7a4ba4ae75de8193d8cd58e02cc3c31125c5c199,2025-12-12T12:59:59Z,409862485,0x823b49176445a4652df1877d2da64f1dd2295d9c47867f67c9e8358b2cfe63f4,2025-12-12T13:00:00Z,True,True,True,0,1
156,2025-12-13T13:00:00Z,campaign_snapshot_101,2025-12-13,410021112,410366999,410208451,0x811abfd83c56a3536b5166a2e306db1d74cd17ac117d06d464ec9f3e4f6024cf,2025-12-13T12:59:59Z,410208452,0x8e9312ff61599a345e469a7e23f9cb84e11a10849afebbe21d70e704fb502d76,2025-12-13T13:00:00Z,True,True,True,0,1
157,2025-12-14T13:00:00Z,campaign_snapshot_102,2025-12-14,410366999,410712470,410554159,0x06446863d4bc0b5738c2e432d26aa1e8c1daf8461e0082eb6538609347c5aac3,2025-12-14T12:59:59Z,410554160,0x90be1fe1136799c161054f717011271250a2738429e06c7b3feca18c730359fb,2025-12-14T13:00:00Z,True,True,True,0,1
158,2025-12-15T13:00:00Z,campaign_snapshot_103,2025-12-15,410712470,411058751,410899991,0x5d7900c4ee4eb441aa051bafb176701dda01578da850b36342c10414b25af9c3,2025-12-15T12:59:59Z,410899992,0x628d756e55f9dc9453d486f568990a954702765c8acfc15d11171a19f030cb94,2025-12-15T13:00:00Z,True,True,True,0,1
159,2025-12-16T13:00:00Z,campaign_snapshot_104,2025-12-16,411058751,411405053,411246310,0x2b3bdfa6c61a4d77b9e055d9a8b59381cf41b874bbf73afdc07340dbf962367e,2025-12-16T12:59:59Z,411246311,0x423ac714b655e6ab5a03450733afe80c19499952a402a818d64915316f2c758f,2025-12-16T13:00:00Z,True,True,True,0,1
160,2025-12-17T13:00:00Z,campaign_snapshot_105,2025-12-17,411405053,411751136,411592471,0xfb8ed234f3a603556c6ed57ae54f19dcd111da1b68ad670bafcf79658d819e4c,2025-12-17T12:59:59Z,411592472,0x277766963de627cfa5ac5f5b7961f60789e64ed52f225338a187f7bb598b806d,2025-12-17T13:00:00Z,True,True,True,0,1
161,2025-12-18T13:00:00Z,campaign_snapshot_106,2025-12-18,411751136,412097368,411938611,0xf8be3b1deb2c65bf859d6017f3406756d6253946fda89eaa473f8a305fc33d03,2025-12-18T12:59:59Z,411938612,0x0156058a91a6fb0056d73e8cee6d8cfe8d2cf5f6a69c9ea2590ea567c991266d,2025-12-18T13:00:00Z,True,True,True,0,1
162,2025-12-19T13:00:00Z,campaign_snapshot_107,2025-12-19,412097368,412443223,412284838,0xcfc0aba0e478c6084e681ed8133bb300426c982d408f295978874729208d15e8,2025-12-19T12:59:59Z,412284839,0xb9813bad0e560704ff502bf2d91fcbeb9917a7787adae390baf0c7c7f982760b,2025-12-19T13:00:00Z,True,True,True,0,1
163,2025-12-20T13:00:00Z,campaign_snapshot_108,2025-12-20,412443223,412788855,412630488,0x12039f7cd4b47d91b5e096afa2c2a685946fe5b2f3482dba17bed07b17f6ac6b,2025-12-20T12:59:59Z,412630489,0xc56e4e8ddb2859ae8116083bfba45eefcd9f65e3b58d652d497d06c39da1776b,2025-12-20T13:00:00Z,True,True,True,0,1
164,2025-12-21T13:00:00Z,campaign_snapshot_109,2025-12-21,412788855,413134558,412976211,0x654ea97afabb7643f068695ca1063996aebd6d81cc1e369a22a63d62d4c9097b,2025-12-21T12:59:59Z,412976212,0x5d533bbc024422474b47c229af263d854c03f9062641ac53aa3614a7bc735ee3,2025-12-21T13:00:00Z,True,True,True,0,1
165,2025-12-22T13:00:00Z,campaign_snapshot_110,2025-12-22,413134558,413480920,413322131,0x0614b59a681368be6ff24ce2f6e89ae917b045abf7e802926c55a797fc6c5431,2025-12-22T12:59:59Z,413322132,0xd18909f682978fe972299adb1dd27427ecdb50ddffa1958326e9c291772bdf16,2025-12-22T13:00:00Z,True,True,True,0,1
166,2025-12-23T13:00:00Z,campaign_snapshot_111,2025-12-23,413480920,413827466,413668685,0x4915569d5b665132165669923274f3f430a1a73369aabd185eb56ad69c6e3c07,2025-12-23T12:59:59Z,413668686,0xc19efbb07e0cdb3c8997f194da7e56580fa73bf543b0a9836ff1623f7716d549,2025-12-23T13:00:00Z,True,True,True,0,1
167,2025-12-24T13:00:00Z,campaign_snapshot_112,2025-12-24,413827466,414173971,414015131,0xc7ff1b5ab9a51882bcdb5feaec69699261a39d48445fd8acb9ac3ab6aba51c0a,2025-12-24T12:59:59Z,414015132,0xf7fa37eff4e9045694c914870601c933dc304d8e685d0de214f5d4baf3d948e1,2025-12-24T13:00:00Z,True,True,True,0,1
168,2025-12-25T13:00:00Z,campaign_snapshot_113,2025-12-25,414173971,414519424,414361558,0xaad50f19bda871a65af36efe7d5184b7c5d3de26e186ebdcb8ea3f4ff35f4d39,2025-12-25T12:59:59Z,414361559,0xceabc9f8217b09796300d28ced3c2eef7059f1ae52c15acd1713503184314ffc,2025-12-25T13:00:00Z,True,True,True,0,1
169,2025-12-26T13:00:00Z,campaign_snapshot_114,2025-12-26,414519424,414865085,414706792,0xfe23ed508e634db311b08352eda638d1c0b9ba4257903b96dbda5d35a303896f,2025-12-26T12:59:59Z,414706793,0x9cd02811bb401534601b2d5564e47ac735569979dd93abc9764e306957b78c9b,2025-12-26T13:00:00Z,True,True,True,0,1
170,2025-12-27T13:00:00Z,campaign_snapshot_115,2025-12-27,414865085,415210433,415052365,0x5af177c31879cadf34f4b8975b9d32cdc5b9b14520c4558e23ad19452d9eda66,2025-12-27T12:59:59Z,415052366,0x2f9c0b1793354fd55336387b070e9a012234d6f77ba768b0927f446074cab69c,2025-12-27T13:00:00Z,True,True,True,0,1
171,2025-12-28T13:00:00Z,campaign_snapshot_116,2025-12-28,415210433,415555875,415397492,0x27c28c2c83695574e422e47c79eb947315f45aa806fbd288d83f49b3a6e5c0ba,2025-12-28T12:59:59Z,415397493,0x0b00ed0aca99dd6c3114dec10a05486ec67e41259653a68bbfb6aa826d2ab388,2025-12-28T13:00:00Z,True,True,True,0,1
172,2025-12-29T13:00:00Z,campaign_snapshot_117,2025-12-29,415555875,415901817,415743325,0x4095070f96912afc25e023182e3c3b8b17fd59ded2e55d9e1eae341b1365df09,2025-12-29T12:59:59Z,415743326,0x2d6a9379344b16a4cda1fcf037f24e4f1c5c48f50c1ef2bb62f759b8370c2f8c,2025-12-29T13:00:00Z,True,True,True,0,1
173,2025-12-30T13:00:00Z,campaign_snapshot_118,2025-12-30,415901817,416247974,416089261,0x2449c9a76ea0e92147cd2583bf6c7062052232f33dec37d00490bba00e5b1350,2025-12-30T12:59:59Z,416089262,0x366b315fec49f493d4a029af30eacef5c40f7ded9631b78b62ec9552f9ed9229,2025-12-30T13:00:00Z,True,True,True,0,1
174,2025-12-31T13:00:00Z,campaign_snapshot_119,2025-12-31,416247974,416593974,416435357,0x4aaeeff3456120d1bcba38c2c38d12d4bd8de24defe569ddbdfbc24d6e358af3,2025-12-31T12:59:59Z,416435358,0xe2ca7d5042dd7272765f6fdabc9cf78a76a453f446a1816ae9f5715283bc8f99,2025-12-31T13:00:00Z,True,True,True,0,1
175,2026-01-01T13:00:00Z,campaign_snapshot_120,2026-01-01,416593974,416939526,416781176,0x8ec0e7dd76b79135fa40c2da9c12f513e330f6636dd02b1e3dfd53a9e3640225,2026-01-01T12:59:59Z,416781177,0x8ddda7d1f51348f45c6df6dbc62d551a10b30c646c3fbe5afc9a7cfac2fd538f,2026-01-01T13:00:00Z,True,True,True,0,1
176,2026-01-02T13:00:00Z,campaign_snapshot_121,2026-01-02,416939526,417285393,417126866,0x76df415b2d98a6d628c07f6c2e8ed93496d613e22cf5fbd250eaef9abe5c2720,2026-01-02T12:59:59Z,417126867,0xf40c7f4eb0e126790698bbcbb6be749540e9a8649d82cc5016c855bd4690b113,2026-01-02T13:00:00Z,True,True,True,0,1
177,2026-01-03T13:00:00Z,campaign_snapshot_122,2026-01-03,417285393,417630985,417472636,0xa41d71949a75f5576362f28094779a1b1d91f08f3b536149977b8f88d22188a0,2026-01-03T12:59:59Z,417472637,0xa71bbd0159953c69c9bd5073d4aad4f15042373c5d93a8290682a72d4df114bc,2026-01-03T13:00:00Z,True,True,True,0,1
178,2026-01-04T13:00:00Z,campaign_snapshot_123,2026-01-04,417630985,417976670,417818343,0x2fcb44fa62f7584e31dcaa2e93ffe8d43abaf8adaf70150f21098bc633352d72,2026-01-04T12:59:59Z,417818344,0x5ffea6899df5f6a666f8d212a412ec7b68dfd2dd33d930b226f67f61875c2718,2026-01-04T13:00:00Z,True,True,True,0,1
179,2026-01-05T13:00:00Z,campaign_snapshot_124,2026-01-05,417976670,418322870,418164116,0xa127aa56d0f8840f95228c9a1a0ec5cd2c53e845b4b95f52e4f7e01c309c40c9,2026-01-05T12:59:59Z,418164117,0x0bc99e75df7368dc7cc5a1134b742df469fa4b1c35ca198c3e88464692d0909c,2026-01-05T13:00:00Z,True,True,True,0,1
180,2026-01-06T13:00:00Z,campaign_snapshot_125,2026-01-06,418322870,418669016,418510314,0x41b38a9e88f4cf656c2b4917a7b4042f2be53268d0ce9644353fd3c161eadbf7,2026-01-06T12:59:59Z,418510315,0x6e3d85700fab87acb5d738940df6e245abf2e30978eaf49cd64bab00e090c499,2026-01-06T13:00:00Z,True,True,True,0,1
181,2026-01-07T13:00:00Z,campaign_snapshot_126,2026-01-07,418669016,419015258,418856474,0x1c53932a279265f0e9882a041195d5f6ad214c2734b9dc7951ce158ce7f64af8,2026-01-07T12:59:59Z,418856475,0xf7ff16bf5da4ab0c287e115c00e8297c34c0a231de11d31844852948b6d59e87,2026-01-07T13:00:00Z,True,True,True,0,1
182,2026-01-08T13:00:00Z,campaign_snapshot_127,2026-01-08,419015258,419361458,419202890,0x6234a4273d5cf7cf1470d19f6e807616001da7536a88abb00426641a409f30e9,2026-01-08T12:59:59Z,419202891,0x0d9dadd2c0aa724faed44e1e92ccd1eb588f0ac7642c45c62fde1d2b57da648e,2026-01-08T13:00:00Z,True,True,True,0,1
183,2026-01-09T13:00:00Z,campaign_snapshot_128,2026-01-09,419361458,419707335,419548912,0xc1c129532527b88064ace7bba87280ebe75be2e486df87ee479534bb200b8d74,2026-01-09T12:59:59Z,419548913,0xbf8045dfb846d5b1bcf94695ac09c954bebef0f72ba2a79f289c6d2bf30e76c6,2026-01-09T13:00:00Z,True,True,True,0,1
184,2026-01-10T13:00:00Z,campaign_snapshot_129,2026-01-10,419707335,420052429,419894418,0xa6279cb470312eb0ded77abe8c010459ed7a4e66c3b7b7a161a76fc034f070db,2026-01-10T12:59:59Z,419894419,0x584a47a1bd8864ab356c029ac392a1b237d4e88a5f5a045ac3e9660b3aea5d24,2026-01-10T13:00:00Z,True,True,True,0,1
185,2026-01-11T13:00:00Z,campaign_snapshot_130,2026-01-11,420052429,420397312,420239010,0x7a8db467492152c4fcd44cb7d0effa1a0742a99632ad2e1ec96a45bb3e121dc2,2026-01-11T12:59:59Z,420239011,0x910d0ae589a7f1e54d18d7d381bf411fedce11d4a777e887922ad89eaa4b803c,2026-01-11T13:00:00Z,True,True,True,0,1
186,2026-01-12T13:00:00Z,campaign_snapshot_131,2026-01-12,420397312,420743229,420584730,0x7d217aa474511bf008f7d94955419910930cb918bed850156383c8cbf842909d,2026-01-12T12:59:59Z,420584731,0x3f58683b8619b0a49ec7a4170ee194c0c40c812524895874b52c0dbe46a10af8,2026-01-12T13:00:00Z,True,True,True,0,1
187,2026-01-13T13:00:00Z,campaign_snapshot_132,2026-01-13,420743229,421089009,420930390,0xf62782f2615b9780d2fbb5b3e35569fee272f71c253e7b64e722f01c016e3a99,2026-01-13T12:59:59Z,420930391,0x4307e3f2c158feffaab277029e5552f9a76b9c6f994c5a7b6ccaf488b44a6a2a,2026-01-13T13:00:00Z,True,True,True,0,1
188,2026-01-14T13:00:00Z,campaign_snapshot_133,2026-01-14,421089009,421434838,421276236,0x6a071c0aaa0b776ec95968f98c4e5ebb17761a7904c5dfb7d1763e22562f436d,2026-01-14T12:59:59Z,421276237,0x071ac800ac49c8525085abba8abdde25a1a6457a9a1449520f27768726160142,2026-01-14T13:00:00Z,True,True,True,0,1
189,2026-01-15T13:00:00Z,campaign_snapshot_134,2026-01-15,421434838,421780442,421622144,0x0d3efc3c7d7fc0e2c4bf5ebb837e5d72d2240bbfcff48286e5ef5802743d01c0,2026-01-15T12:59:59Z,421622145,0xc3d0622c4c47828cfdae527c8d96fb6b0e174ee6e83727963c0b204814830127,2026-01-15T13:00:00Z,True,True,True,0,1
190,2026-01-16T13:00:00Z,campaign_snapshot_135,2026-01-16,421780442,422126026,421967625,0xee926941fbdfd7b8658880ae6e3c983e486dec5e3ba7c2cbaf05112d478bf094,2026-01-16T12:59:59Z,421967626,0x3c252017fdea6c5109e2b287daca685e5bd605f9eecd867eafa93f38073ea0b6,2026-01-16T13:00:00Z,True,True,True,0,1
191,2026-01-17T13:00:00Z,campaign_snapshot_136,2026-01-17,422126026,422471107,422313079,0x1e26b972521483754f648adc4ee10fab8f965dcc64cc32b0c9862a27add48003,2026-01-17T12:59:59Z,422313080,0x7af3a213c2437ed790ea47fdd5d190642257f61c622af19bdd525b0a1050e8df,2026-01-17T13:00:00Z,True,True,True,0,1
192,2026-01-18T13:00:00Z,campaign_snapshot_137,2026-01-18,422471107,422816136,422658075,0xd9ecaf35e8e4db2c5b0d3bf6534dd680e6f4706a0d5f48097636193dcd8a5a61,2026-01-18T12:59:59Z,422658076,0x82555698e4746faa3bfa5f681c22b3e936734072d9db3bdccc791c47850fba8a,2026-01-18T13:00:00Z,True,True,True,0,1
193,2026-01-19T13:00:00Z,campaign_snapshot_138,2026-01-19,422816136,423161915,423003631,0x4330a20fcb0986ef536bd5eca29a669d04bff936b55ffa1668ed92e3d0c388d7,2026-01-19T12:59:59Z,423003632,0x5afe475a719e1da44661edc56ef4bd1db7f61d183c2a47fdd999a84581acd141,2026-01-19T13:00:00Z,True,True,True,0,1
194,2026-01-20T13:00:00Z,campaign_snapshot_139,2026-01-20,423161915,423508095,423349356,0x0b007925d49c7ff4a57d540d340aa6a42947d7cac029da91123e4840aef82834,2026-01-20T12:59:59Z,423349357,0x2118bfb61093f5ac20295e58c8afbc58aea697800f228479097033dc65da81f7,2026-01-20T13:00:00Z,True,True,True,0,1
195,2026-01-21T13:00:00Z,campaign_snapshot_140,2026-01-21,423508095,423854141,423695538,0x0833f816cb74c785cc3fd20d656ae5da85115d893d9d341bd2c33aae7f435197,2026-01-21T12:59:59Z,423695539,0x77fc1a879b993c0c62047f999ac03747c48f001fe17f26861a527099e5e428b5,2026-01-21T13:00:00Z,True,True,True,0,1
196,2026-01-22T13:00:00Z,campaign_snapshot_141,2026-01-22,423854141,424199653,424041325,0x5f8bbc56ea5ad4631fbd6ff4102ae4e147c1c2451bfb294ca6422513de141a9b,2026-01-22T12:59:59Z,424041326,0x8cb1c3296f9c369e46f6b84f1de69fe214389ea76c20471c9c07f4c9248a345f,2026-01-22T13:00:00Z,True,True,True,0,1
197,2026-01-23T13:00:00Z,campaign_snapshot_142,2026-01-23,424199653,424545348,424386906,0x998c305d6f22fcc292af1b00f9a5a1d3d3032312afe4a8539baa7052242f6ffe,2026-01-23T12:59:59Z,424386907,0x624259da2358d1db791b8fd347e46eed7cb2fc9c376667b304a53dd64aa1fdd0,2026-01-23T13:00:00Z,True,True,True,0,1
198,2026-01-24T13:00:00Z,campaign_snapshot_143,2026-01-24,424545348,424889463,424732344,0xd7ab9054781b462c242a9472eb378608047c81c51e5f076655159ef638d10a84,2026-01-24T12:59:59Z,424732345,0x1cdeb367adbad1e6668f4aa6a40c8e99510ce311c0f15ade39953303a24123e8,2026-01-24T13:00:00Z,True,True,True,0,1
199,2026-01-25T13:00:00Z,campaign_snapshot_144,2026-01-25,424889463,425234847,425076315,0x8414c0bfb8e69e3f0a6fb70db4f62bed734208ca551cae572c181eefbe0faa17,2026-01-25T12:59:59Z,425076316,0xa2fe08b5b024f3481a1e28499ee3afe56a331da8ddb6d81344ecfb571c91d992,2026-01-25T13:00:00Z,True,True,True,0,1
200,2026-01-26T13:00:00Z,campaign_snapshot_145,2026-01-26,425234847,425581371,425422310,0xc033dc30fd27f24f6ed07bf9b57e9dee74b52b043d2e02b192546e4b81a7b328,2026-01-26T12:59:59Z,425422311,0xb460fa852c1cc071bf793afd7474c742744137930c10c18a19a8a0dd10d2d3c0,2026-01-26T13:00:00Z,True,True,True,0,1
201,2026-01-27T13:00:00Z,campaign_snapshot_146,2026-01-27,425581371,425927717,425768808,0xf8157e79b55eb4b7f5314d6897591b54f35f0bc1695693d3a558f7819f278e25,2026-01-27T12:59:59Z,425768809,0xbc777286f6641118b6138d2bada79aa3badd853e1bd830159f3f2ddefbe7e61f,2026-01-27T13:00:00Z,True,True,True,0,1
202,2026-01-28T13:00:00Z,campaign_snapshot_147,2026-01-28,425927717,426274077,426115245,0xb868d2d5ee0524ed38d92279f57a375c6f4799e9ae5db1f077981b814d45df66,2026-01-28T12:59:59Z,426115246,0x601a933f1a84e265ea61da3b5844228f66c119e9fc3aa659be9eba2675a2d99b,2026-01-28T13:00:00Z,True,True,True,0,1
203,2026-01-29T13:00:00Z,campaign_snapshot_148,2026-01-29,426274077,426620834,426461705,0x1799fcd86bf15e463b04dbf4e51707127950cba9d2ecf677508ca985d304516d,2026-01-29T12:59:59Z,426461706,0x99d6b124b71622087ce17ddabe871173fcdda3f3f4162979c25f11c7373868ca,2026-01-29T13:00:00Z,True,True,True,0,1
204,2026-01-30T13:00:00Z,campaign_snapshot_149,2026-01-30,426620834,426968127,426808745,0xff498668a584653b29156e238af55b29ef0a1547439f3afb7b78395039dff657,2026-01-30T12:59:59Z,426808746,0x07e055857136680c306b129248bf4ff38c788ebac9f17f318fd12edab3b1055c,2026-01-30T13:00:00Z,True,True,True,0,1
205,2026-01-31T13:00:00Z,campaign_snapshot_150,2026-01-31,426968127,427315179,427155838,0xcbeb26596f8b5c195d161e84c46fae5abc6279fee1f2cf6843264235d91cbcbd,2026-01-31T12:59:59Z,427155839,0xdfd5c97c616b0d70f50390bf9f7813b303226dd33d8dc4b792fe9d51e3937d2e,2026-01-31T13:00:00Z,True,True,True,0,1
206,2026-02-01T13:00:00Z,campaign_snapshot_151,2026-02-01,427315179,427661757,427502703,0x4bd811e3fda3ae0cd8e5e69ef148709b1660e0d3504124c6a9e416d333ed84a8,2026-02-01T12:59:59Z,427502704,0x4e5ae2f6dee8082d3c0007487777a9456ae39a081e3db893c4ccd1e9d10018c8,2026-02-01T13:00:00Z,True,True,True,0,1
207,2026-02-02T13:00:00Z,campaign_snapshot_152,2026-02-02,427661757,428008640,427849709,0x32eed364dde88116ef5cb2af550ffe6e549b15a94e7d40018136b7382f71e681,2026-02-02T12:59:59Z,427849710,0x232dc90a56c050269a5c33a296a85b3da47a73185ccb9bfa1a71763c7c5f5f4c,2026-02-02T13:00:00Z,True,True,True,0,1
208,2026-02-03T13:00:00Z,campaign_snapshot_153,2026-02-03,428008640,428355962,428196428,0xf96184cdac9c66094a8362b48323184807ba5162715726ba61ab0d139fec8227,2026-02-03T12:59:59Z,428196429,0x0b984d07010d52202647cebb9a651c939091f9e0c7994b82626a20f4555fae84,2026-02-03T13:00:00Z,True,True,True,0,1
209,2026-02-04T13:00:00Z,campaign_snapshot_154,2026-02-04,428355962,428703310,428543787,0xd06a379ec0e133020b367107181773a67ef15903a4d04b32acfcf915c24095c8,2026-02-04T12:59:59Z,428543788,0x2bcd95c1d5cbd5ad5d14d969bdaf85c80d03070de8f04e7ba0808c7a103c28e5,2026-02-04T13:00:00Z,True,True,True,0,1
210,2026-02-05T13:00:00Z,campaign_snapshot_155,2026-02-05,428703310,429051413,428891572,0x7581319a7dc42707122121485c5699d55faa4a3ce65d76eafd68022c916cf84a,2026-02-05T12:59:59Z,428891573,0x5bdb949f1be413d4787865bde6f85466bd5ff6f4d76ac261c2bff2d63af2af9e,2026-02-05T13:00:00Z,True,True,True,0,1
211,2026-02-06T13:00:00Z,campaign_snapshot_156,2026-02-06,429051413,429398898,429239675,0x91ef31412cbba497a7f2dcc40e7a40326b73fe1ef98357882cb763d17ff9f628,2026-02-06T12:59:59Z,429239676,0xac0144e12f7f044867d1cb464994d1ef442b0f5d1c8de20384908748c65129e8,2026-02-06T13:00:00Z,True,True,True,0,1
212,2026-02-07T13:00:00Z,campaign_snapshot_157,2026-02-07,429398898,429745590,429586719,0x81d6727d115976ef7104397e0a1088b88a39fe305dca680a4ad8f2bb12cfb3c6,2026-02-07T12:59:59Z,429586720,0x46e022374f658f53431a021b827a777a3581ec1b8a1194a46897bf4f76238f9b,2026-02-07T13:00:00Z,True,True,True,0,1
213,2026-02-08T13:00:00Z,campaign_snapshot_158,2026-02-08,429745590,430092169,429933205,0xf3016759bc67c76c056483b2ad74330a8a9ca13a3058570392fda20f3c31ecbd,2026-02-08T12:59:59Z,429933206,0x91ef8cee2a7c86988ec5b84b06b06442b3e1c7bd968994e3e86fc901aae91d6c,2026-02-08T13:00:00Z,True,True,True,0,1
214,2026-02-09T13:00:00Z,campaign_snapshot_159,2026-02-09,430092169,430439004,430280023,0x124b4020cd85004a5e50f67698898a8c4c5ca82a5e0c3c2adc0b9b508575cd6d,2026-02-09T12:59:59Z,430280024,0x8d00d660c4bdd60ef36253f7d7067313b22d04dccd953a35880c86a54841e36c,2026-02-09T13:00:00Z,True,True,True,0,1
215,2026-02-10T13:00:00Z,campaign_snapshot_160,2026-02-10,430439004,430785918,430626874,0x243d9ddf9b8edfe6f1dcb0981549267ff43267ebf824ea9b309cc7caba3b4f33,2026-02-10T12:59:59Z,430626875,0x5e64d76c5c2e716044e57811e42fea7fc9c6d5bd04b422e71f10862dcca76c6b,2026-02-10T13:00:00Z,True,True,True,0,1
216,2026-02-11T13:00:00Z,campaign_snapshot_161,2026-02-11,430785918,431133059,430973758,0x9ead25ec66be8865348ed30633cb693d500894fe382e41f79f7737bd2754ccae,2026-02-11T12:59:59Z,430973759,0x79cbb6cffd235283b6f992724b7e144a2c4c5b0ae2be055c456a40a74ae01b1b,2026-02-11T13:00:00Z,True,True,True,0,1
217,2026-02-12T13:00:00Z,campaign_snapshot_162,2026-02-12,431133059,431480122,431320858,0x243168d0d7d34be1ed407bdbe57e758af01d4dd1150647d35b414a14ab7277a5,2026-02-12T12:59:59Z,431320859,0xf3b0155862553ffe9a468895a679afa60cb9a7e9a4a11b34fe0d53c20a11c3d7,2026-02-12T13:00:00Z,True,True,True,0,1
218,2026-02-13T13:00:00Z,campaign_snapshot_163,2026-02-13,431480122,431826895,431667996,0xccd6424ebffae3936b2abafe0257e482225af6946b932ffb10a9d18711d8bf91,2026-02-13T12:59:59Z,431667997,0xa50e58906ef1529f1350392b46aad1893526473f6b94d4fc6d578c9147099af9,2026-02-13T13:00:00Z,True,True,True,0,1
219,2026-02-14T13:00:00Z,campaign_snapshot_164,2026-02-14,431826895,432173227,432014443,0x7d50e8f72cc96626d8bbeb312ef6b8536aa011c008c90d7ea551608dc67d0bae,2026-02-14T12:59:59Z,432014444,0x7386b2c773ea73a0d4f09f2e2013b4cb2b377060bd36a8a37bc75a53504178b0,2026-02-14T13:00:00Z,True,True,True,0,1
220,2026-02-15T13:00:00Z,campaign_snapshot_165,2026-02-15,432173227,432520059,432361033,0xd250312d6477030cce4e7a8b30c40ee182897e7114859612d2b74e47aa90fc37,2026-02-15T12:59:59Z,432361034,0xfb7e9cc38fdc97391c718414a0a24ea0072cf068d1560e42180976037f90bcb1,2026-02-15T13:00:00Z,True,True,True,0,1
221,2026-02-16T13:00:00Z,campaign_snapshot_166,2026-02-16,432520059,432866630,432707863,0x1ead1500679357957e8384b273a441a6b6c378569dca04fea581e58d2ca62e61,2026-02-16T12:59:59Z,432707864,0xb5062cec27fb707429107bca403318464fc90ed2bf39af37b89193c15465bb84,2026-02-16T13:00:00Z,True,True,True,0,1
222,2026-02-17T13:00:00Z,campaign_snapshot_167,2026-02-17,432866630,433213243,433054342,0x52d1faf62d908aa0958a8c93299613b8452786da35de7e7c8b6c1b8baccaebc6,2026-02-17T12:59:59Z,433054343,0x2914bd0cf0549cc5881233affaa0dff7f04625c2808d24c0d6a50fc00e12fe4c,2026-02-17T13:00:00Z,True,True,True,0,1
223,2026-02-18T13:00:00Z,campaign_snapshot_168,2026-02-18,433213243,433559875,433400938,0x5ba79e4283163b91df73694268bab3c03751806fac762475fbaf6232293056c6,2026-02-18T12:59:59Z,433400939,0xb0ea91276dd8fe54309930105dd494ae132ad5bb2c8759e3a3f038ea1ca98422,2026-02-18T13:00:00Z,True,True,True,0,1
224,2026-03-20T13:00:00Z,p30,2026-03-20,443592316,443938204,443779654,0xb01f5a5a385a6836e76b29a604a560ba586f87226ea8493be73d70d9b67db679,2026-03-20T12:59:59Z,443779655,0x425452e165dee4f4606601c9cf11480541570641dc75b5eac0bd014f2b403ebd,2026-03-20T13:00:00Z,True,True,True,0,1
225,2026-05-19T13:00:00Z,p90,2026-05-19,464280526,464624916,464466985,0xa34ccdfde54a596c3557160c510d132eabcc4150bb09cc03df044e61c155d320,2026-05-19T12:59:59Z,464466986,0x84d6153e22f29ee3bdfc3a3d686780595c20b51eac350d9bd167052135a64952,2026-05-19T13:00:00Z,True,True,True,0,1
226,2026-08-17T13:00:00Z,p180,2026-08-17,495303648,495647034,495489314,0x289d8ffea46839fc231860b6be2718acdf54e43b77ce06f7d19faddf53947293,2026-08-17T12:59:59Z,495489315,0xcad9c36afa9a8cb572a4e0f14af7044257d0f18f2fd98a72dff664648f3b2517,2026-08-17T13:00:00Z,True,True,True,0,1
