market_id,loan_symbol,collateral_symbol,market_day_rows,source_event_rows,first_active_day,last_active_day,inactive_day_rows
0x06a5954e8222a1f4719934d370ac558b657c6a5321d6cae615127b6596d10d32,USDC,wstUSR,405,8016,2025-08-29,2026-08-17,51
0x090ff0cd57a258b342c870691a180bb79691e97b31ddda2b7cdd4b5a362c3cca,USD₮0,PT-USDai-19FEB2026,405,44755,2025-12-17,2026-08-17,161
0x11d3bca0d1a9af8bf2982ef802f2971cf86043df1b31a044cacb35a8048156c6,USDC,wsrUSD,405,7259,2026-01-05,2026-08-17,180
0x14982da64b67967ef3a70c2f3b7d05518f7dd4ba98d850c40c46618c75059a64,USDC,GLV [WETH-USDC],405,9873,2025-10-08,2026-08-17,91
0x1a926ab8add08dca634f8d6cecd8c866e166a4affc65801beda9f239d21b622a,USDC,GM,405,20533,2025-09-02,2026-08-17,55
0x1d094624063756fc61aaf061c7da056aebe3b3ad0ae0395b22e00db6c074de7c,USD₮0,XAUt0,405,2358,2026-01-09,2026-08-17,184
0x209fa1520640f664f59f7c1f955d52e8b81ead826edf439b48254d21d24b97a9,USD₮0,wstETH,405,3053,2025-08-13,2026-08-17,35
0x30c505b1ce479157e1035bdc5de3d4c811cf3e427c31db0b81b5c27a09054e97,USDC,PT-thBILL-27NOV2025,405,14055,2025-09-12,2026-08-17,65
0x33e0c8ab132390822b07e5dc95033cf250c963153320b7ffca73220664da2ea0,USDC,wstETH,405,198920,2025-07-18,2026-08-17,9
0x52f4d5038749565658a51f43d214e811c328c00c8b58c544accfb8924e8be8f8,USDC,PT-sUSDai-20NOV2025,405,6,2025-09-06,2026-08-17,59
0x551dbcdcceaf9322986e0cddde993d49840522a9532dc441359acd98af8badff,USDC,thBILL,405,184328,2025-08-28,2026-08-17,50
0x571cb3ac535d61d92026c071ef1df4794d0bbbe1755f916ff640746f81b52af4,USD₮0,syrupUSDC,405,30495,2025-12-23,2026-08-17,167
0x582c92d5ea0ab48eba3a1ee88c8884e34f7fc61c57fb821f3f6d9e474574c6e3,USDC,wstUSR,405,2108,2026-01-02,2026-08-17,177
0x58df3ad9cf719b1ca97365db634a11b770785517f409ecbe85eefdb34803de1f,USDC,PT-sUSDai-20NOV2025,405,21926,2025-09-03,2026-08-17,56
0x678b525f162b499b17d8fd71f3129bd3a5a10d4c728e6af02ee7c644ae262d01,USDC,RLP,405,17,2025-10-13,2026-08-17,96
0x6a2b0c23c79dde84628314d21797f7bd5b06ae36e6bde6924ece64ef4821d2df,USDC,PT-sUSDai-19FEB2026,405,13,2025-12-10,2026-08-17,154
0x6c831dcc45a7c0af00b751da651bd874b96653c587615d11aafade7b357c4b43,USDC,PT-thBILL-19FEB2026,405,17188,2025-11-24,2026-08-17,138
0x71c2954e00c8f72864600c9d1d1cd70fa15202c4294cd938d80add3be2eced26,USDC,sUSDai,405,27059,2025-09-02,2026-08-17,55
0x729e4ab1f1613a55f4dc6444cb073a2f9ba4c402f8c59e93e1d725f9ce45f23a,USDC,PT-USDe-11DEC2025,405,2293,2025-09-15,2026-08-17,68
0x7717f1e04510390518811b3133ea47c298094ddd1d806ed8f8867d88c727bad7,USDC,PT-sUSDai-19FEB2026,405,20251,2025-11-21,2026-08-17,135
0x77fe2f7c2dd6f4da6bc5f445b06052ff8df55cb70cfce9afc16ec3c69a5fd3a3,USDC,sUSDS,405,159899,2025-07-18,2026-08-17,9
0x7d4799e15dcaad9da49ab8edf46d647db2da2ff419db52e8ec0984d0c49e8b9b,USDC,PT-USDai-19FEB2026,405,10948,2025-11-21,2026-08-17,135
0x7e7c08f2d8bb6821408ac6b4e2f322d73ba1fb8ce20b3b65087f440ef3b2f8f1,USDC,sUSDe,405,24382,2025-08-28,2026-08-17,50
0x8147c63f3f6f5a0825c84bf2cb11443c72b609fa39cf9a362e3d4dc2c5ca76c4,USDC,PT-USDai-19FEB2026,405,20561,2025-12-10,2026-08-17,154
0x84367e5bc5df26437618f749d5beb793746e620560721fec15518d684191ebc6,USDC,PT-syrupUSDC-29JAN2026,405,6418,2025-09-26,2026-08-17,79
0x8e58f0dea27f877db258ecbbe16e57c9bb3541448ac0d578ef08c5b93ea9b84b,USD₮0,sUSDe,405,1941,2026-01-05,2026-08-17,180
0x989ddb4f5b09e6d02e7f5f2f8efb846fd2de1f3f3dfd96e1939455abe7dd5a48,USDC,sUSDC,405,4040,2025-09-02,2026-08-17,55
0x9e90aec7d768403dacc9dd0d8320307fda3f980eed4df43e3e52168a1c667709,USDC,xUSD,405,4310,2025-09-15,2026-08-17,68
0xa35d91efb3e284a0ab7098e8c5a65caf58ea0451073e36a544a821fd8f350953,USDC,GLV [WBTC-USDC],405,6898,2025-10-08,2026-08-17,91
0xac6a118134cc4208a22534b041a83f4ac5ca42e2ab9ea732ee53c44b7deebc62,USD₮0,WETH,405,7644,2025-07-18,2026-08-17,9
0xadc6897d644a005149d1aa42de72bcb1ff1c9f7c4a8b00db3e2356752995f80e,USD₮0,wstUSR,405,690,2026-01-02,2026-08-17,177
0xb7b5729ad332f57a02f4d9f87aa50910ee955d859e2b2ad9b0b8e15ca44d8b7f,USDC,ezETH,405,66,2025-09-01,2026-08-17,54
0xc7670063349ac19dfa324ead7bd7da2985ae931e1b09fb0e31b62c6486b730bd,USDC,RLP,405,11498,2025-11-21,2026-08-17,135
0xd09404e9512e1341321c8ae3bd663fab7087582142ac61486635a6c072c2af12,USDC,weETH,405,62753,2025-07-18,2026-08-17,9
0xd478de9c069f12759d3baed9ddd16fe8902128937821af3a3cf77eca1885c7fc,USDC,rsETH,405,357,2025-09-01,2026-08-17,54
0xd91052003758145cc53615895c0ce2081c7080b661dbab5652c2b8433b248c2d,USD₮0,siUSD,405,1660,2026-01-16,2026-08-17,191
0xde895fd4a9d1ca693485fcfc2ee47d8c3b47f810bbce3c965c60d97b855d4ed2,USD₮0,sUSDS,405,8991,2025-12-17,2026-08-17,161
0xe0432ceb599fbe41defbd62fe8e914824af9d891a0a92c39de7063176c8e480b,USD₮0,weETH,405,3147,2025-12-31,2026-08-17,175
0xe0de6b571ec913ada63d5327f70c8849ea2363d47f44a190e8fb489db07fee1e,USDC,USDe,405,15238,2025-08-28,2026-08-17,50
0xe23e15ddd552eb148045e3f4b74e71f4923bc6bea6e5bda0a4cf89a0cecd1a3b,USDC,siUSD,405,6347,2026-01-16,2026-08-17,191
0xed06d9e82d7c35ca80d3983194e15462a96202bd875800af18183321f4611868,USD₮0,WBTC,405,15120,2025-07-18,2026-08-17,9
0xef62d07c7e29c3864feb6de8945edd82688a2ea558de5a44dc795ad1eb1d9853,USD₮0,wsrUSD,405,2358,2026-01-05,2026-08-17,180
0xf4ab212f6fcc943e2669cb6307fa4b608b0418ac5255c100e58394822157785c,USDC,PT-USDai-20NOV2025,405,52338,2025-09-09,2026-08-17,62
0xf86f3edd6f16cd8211f4d206866dc4ecd41be6211063ac11f8508e1b7112ef40,USDC,syrupUSDC,405,182549,2025-08-29,2026-08-17,51
0xff608e5881ccba3859006b3c01e377314384c3d661d684c3e8b6354146e62155,USD₮0,PT-syrupUSDC-29JAN2026,405,6803,2025-12-23,2026-08-17,167
