metric_version,scope_type,scope_id,market_count,market_id,archetype,loan_symbol,loan_address,period,period_start_utc,period_end_exclusive_utc,start_block,end_block_exclusive,opening_debt_base_units,closing_debt_base_units,borrow_assets_out_base_units,repay_assets_in_base_units,accrued_interest_assets_base_units,liquidation_repaid_assets_base_units,liquidation_bad_debt_assets_base_units,expected_debt_delta_base_units,observed_debt_delta_base_units,reconciliation_residual_base_units,opening_debt_native,closing_debt_native,borrow_assets_out_native,repay_assets_in_native,accrued_interest_assets_native,liquidation_repaid_assets_native,liquidation_bad_debt_assets_native,observed_debt_delta_native
v1.0,market,0xff608e5881ccba3859006b3c01e377314384c3d661d684c3e8b6354146e62155,1,0xff608e5881ccba3859006b3c01e377314384c3d661d684c3e8b6354146e62155,full_scope_other,USD₮0,0xfd086bc7cd5c481dcc9c85ebe478a1c0b69fcbb9,baseline,2025-07-09T13:00:00Z,2025-09-03T13:00:00Z,355887376,375263392,0,0,0,0,0,0,0,0,0,0,0,0,0,0,0,0,0,0
v1.0,market,0xff608e5881ccba3859006b3c01e377314384c3d661d684c3e8b6354146e62155,1,0xff608e5881ccba3859006b3c01e377314384c3d661d684c3e8b6354146e62155,full_scope_other,USD₮0,0xfd086bc7cd5c481dcc9c85ebe478a1c0b69fcbb9,incentive,2025-09-03T13:00:00Z,2026-02-18T13:00:00Z,375263392,433400939,0,1009462,1000000,0,9462,0,0,1009462,1009462,0,0,1.009462,1,0,0.009462,0,0,1.009462
v1.0,market,0xff608e5881ccba3859006b3c01e377314384c3d661d684c3e8b6354146e62155,1,0xff608e5881ccba3859006b3c01e377314384c3d661d684c3e8b6354146e62155,full_scope_other,USD₮0,0xfd086bc7cd5c481dcc9c85ebe478a1c0b69fcbb9,post_180,2026-02-18T13:00:00Z,2026-08-17T13:00:00Z,433400939,495489315,1009462,2649548,0,0,1640086,0,0,1640086,1640086,0,1.009462,2.649548,0,0,1.640086,0,0,1.640086
v1.0,market,0x090ff0cd57a258b342c870691a180bb79691e97b31ddda2b7cdd4b5a362c3cca,1,0x090ff0cd57a258b342c870691a180bb79691e97b31ddda2b7cdd4b5a362c3cca,full_scope_other,USD₮0,0xfd086bc7cd5c481dcc9c85ebe478a1c0b69fcbb9,baseline,2025-07-09T13:00:00Z,2025-09-03T13:00:00Z,355887376,375263392,0,0,0,0,0,0,0,0,0,0,0,0,0,0,0,0,0,0
v1.0,market,0x090ff0cd57a258b342c870691a180bb79691e97b31ddda2b7cdd4b5a362c3cca,1,0x090ff0cd57a258b342c870691a180bb79691e97b31ddda2b7cdd4b5a362c3cca,full_scope_other,USD₮0,0xfd086bc7cd5c481dcc9c85ebe478a1c0b69fcbb9,incentive,2025-09-03T13:00:00Z,2026-02-18T13:00:00Z,375263392,433400939,0,18179569738144,62092911554392,44034303232234,120961415986,0,0,18179569738144,18179569738144,0,0,18179569.738144,62092911.554392,44034303.232234,120961.415986,0,0,18179569.738144
v1.0,market,0x090ff0cd57a258b342c870691a180bb79691e97b31ddda2b7cdd4b5a362c3cca,1,0x090ff0cd57a258b342c870691a180bb79691e97b31ddda2b7cdd4b5a362c3cca,full_scope_other,USD₮0,0xfd086bc7cd5c481dcc9c85ebe478a1c0b69fcbb9,post_180,2026-02-18T13:00:00Z,2026-08-17T13:00:00Z,433400939,495489315,18179569738144,12262704,50000000000,18231536392610,2018247279,39330109,0,-18179557475440,-18179557475440,0,18179569.738144,12.262704,50000,18231536.39261,2018.247279,39.330109,0,-18179557.47544
v1.0,market,0xd91052003758145cc53615895c0ce2081c7080b661dbab5652c2b8433b248c2d,1,0xd91052003758145cc53615895c0ce2081c7080b661dbab5652c2b8433b248c2d,full_scope_other,USD₮0,0xfd086bc7cd5c481dcc9c85ebe478a1c0b69fcbb9,baseline,2025-07-09T13:00:00Z,2025-09-03T13:00:00Z,355887376,375263392,0,0,0,0,0,0,0,0,0,0,0,0,0,0,0,0,0,0
v1.0,market,0xd91052003758145cc53615895c0ce2081c7080b661dbab5652c2b8433b248c2d,1,0xd91052003758145cc53615895c0ce2081c7080b661dbab5652c2b8433b248c2d,full_scope_other,USD₮0,0xfd086bc7cd5c481dcc9c85ebe478a1c0b69fcbb9,incentive,2025-09-03T13:00:00Z,2026-02-18T13:00:00Z,375263392,433400939,0,24241347834,24181000000,0,60347834,0,0,24241347834,24241347834,0,0,24241.347834,24181,0,60.347834,0,0,24241.347834
v1.0,market,0xd91052003758145cc53615895c0ce2081c7080b661dbab5652c2b8433b248c2d,1,0xd91052003758145cc53615895c0ce2081c7080b661dbab5652c2b8433b248c2d,full_scope_other,USD₮0,0xfd086bc7cd5c481dcc9c85ebe478a1c0b69fcbb9,post_180,2026-02-18T13:00:00Z,2026-08-17T13:00:00Z,433400939,495489315,24241347834,831136814,374944000000,400703854524,2349643504,0,0,-23410211020,-23410211020,0,24241.347834,831.136814,374944,400703.854524,2349.643504,0,0,-23410.21102
v1.0,market,0x8e58f0dea27f877db258ecbbe16e57c9bb3541448ac0d578ef08c5b93ea9b84b,1,0x8e58f0dea27f877db258ecbbe16e57c9bb3541448ac0d578ef08c5b93ea9b84b,full_scope_other,USD₮0,0xfd086bc7cd5c481dcc9c85ebe478a1c0b69fcbb9,baseline,2025-07-09T13:00:00Z,2025-09-03T13:00:00Z,355887376,375263392,0,0,0,0,0,0,0,0,0,0,0,0,0,0,0,0,0,0
v1.0,market,0x8e58f0dea27f877db258ecbbe16e57c9bb3541448ac0d578ef08c5b93ea9b84b,1,0x8e58f0dea27f877db258ecbbe16e57c9bb3541448ac0d578ef08c5b93ea9b84b,full_scope_other,USD₮0,0xfd086bc7cd5c481dcc9c85ebe478a1c0b69fcbb9,incentive,2025-09-03T13:00:00Z,2026-02-18T13:00:00Z,375263392,433400939,0,36068919,61000000,25009994,78913,0,0,36068919,36068919,0,0,36.068919,61,25.009994,0.078913,0,0,36.068919
v1.0,market,0x8e58f0dea27f877db258ecbbe16e57c9bb3541448ac0d578ef08c5b93ea9b84b,1,0x8e58f0dea27f877db258ecbbe16e57c9bb3541448ac0d578ef08c5b93ea9b84b,full_scope_other,USD₮0,0xfd086bc7cd5c481dcc9c85ebe478a1c0b69fcbb9,post_180,2026-02-18T13:00:00Z,2026-08-17T13:00:00Z,433400939,495489315,36068919,31990072,15013965311,15022929803,4885645,0,0,-4078847,-4078847,0,36.068919,31.990072,15013.965311,15022.929803,4.885645,0,0,-4.078847
v1.0,market,0xde895fd4a9d1ca693485fcfc2ee47d8c3b47f810bbce3c965c60d97b855d4ed2,1,0xde895fd4a9d1ca693485fcfc2ee47d8c3b47f810bbce3c965c60d97b855d4ed2,full_scope_other,USD₮0,0xfd086bc7cd5c481dcc9c85ebe478a1c0b69fcbb9,baseline,2025-07-09T13:00:00Z,2025-09-03T13:00:00Z,355887376,375263392,0,0,0,0,0,0,0,0,0,0,0,0,0,0,0,0,0,0
v1.0,market,0xde895fd4a9d1ca693485fcfc2ee47d8c3b47f810bbce3c965c60d97b855d4ed2,1,0xde895fd4a9d1ca693485fcfc2ee47d8c3b47f810bbce3c965c60d97b855d4ed2,full_scope_other,USD₮0,0xfd086bc7cd5c481dcc9c85ebe478a1c0b69fcbb9,incentive,2025-09-03T13:00:00Z,2026-02-18T13:00:00Z,375263392,433400939,0,2826633898,2745631601567,2743206340204,401372535,0,0,2826633898,2826633898,0,0,2826.633898,2745631.601567,2743206.340204,401.372535,0,0,2826.633898
v1.0,market,0xde895fd4a9d1ca693485fcfc2ee47d8c3b47f810bbce3c965c60d97b855d4ed2,1,0xde895fd4a9d1ca693485fcfc2ee47d8c3b47f810bbce3c965c60d97b855d4ed2,full_scope_other,USD₮0,0xfd086bc7cd5c481dcc9c85ebe478a1c0b69fcbb9,post_180,2026-02-18T13:00:00Z,2026-08-17T13:00:00Z,433400939,495489315,2826633898,150611360061,34155511357300,34046993435926,39266804789,0,0,147784726163,147784726163,0,2826.633898,150611.360061,34155511.3573,34046993.435926,39266.804789,0,0,147784.726163
v1.0,market,0x571cb3ac535d61d92026c071ef1df4794d0bbbe1755f916ff640746f81b52af4,1,0x571cb3ac535d61d92026c071ef1df4794d0bbbe1755f916ff640746f81b52af4,late_usdt0,USD₮0,0xfd086bc7cd5c481dcc9c85ebe478a1c0b69fcbb9,baseline,2025-07-09T13:00:00Z,2025-09-03T13:00:00Z,355887376,375263392,0,0,0,0,0,0,0,0,0,0,0,0,0,0,0,0,0,0
v1.0,market,0x571cb3ac535d61d92026c071ef1df4794d0bbbe1755f916ff640746f81b52af4,1,0x571cb3ac535d61d92026c071ef1df4794d0bbbe1755f916ff640746f81b52af4,late_usdt0,USD₮0,0xfd086bc7cd5c481dcc9c85ebe478a1c0b69fcbb9,incentive,2025-09-03T13:00:00Z,2026-02-18T13:00:00Z,375263392,433400939,0,16357636033723,44778956710009,28499664471509,78343795223,0,0,16357636033723,16357636033723,0,0,16357636.033723,44778956.710009,28499664.471509,78343.795223,0,0,16357636.033723
v1.0,market,0x571cb3ac535d61d92026c071ef1df4794d0bbbe1755f916ff640746f81b52af4,1,0x571cb3ac535d61d92026c071ef1df4794d0bbbe1755f916ff640746f81b52af4,late_usdt0,USD₮0,0xfd086bc7cd5c481dcc9c85ebe478a1c0b69fcbb9,post_180,2026-02-18T13:00:00Z,2026-08-17T13:00:00Z,433400939,495489315,16357636033723,42740965473,52707287202146,69210897753407,188715483011,0,0,-16314895068250,-16314895068250,0,16357636.033723,42740.965473,52707287.202146,69210897.753407,188715.483011,0,0,-16314895.06825
v1.0,market,0xed06d9e82d7c35ca80d3983194e15462a96202bd875800af18183321f4611868,1,0xed06d9e82d7c35ca80d3983194e15462a96202bd875800af18183321f4611868,full_scope_other,USD₮0,0xfd086bc7cd5c481dcc9c85ebe478a1c0b69fcbb9,baseline,2025-07-09T13:00:00Z,2025-09-03T13:00:00Z,355887376,375263392,0,5013659,70000000,65045315,58974,0,0,5013659,5013659,0,0,5.013659,70,65.045315,0.058974,0,0,5.013659
v1.0,market,0xed06d9e82d7c35ca80d3983194e15462a96202bd875800af18183321f4611868,1,0xed06d9e82d7c35ca80d3983194e15462a96202bd875800af18183321f4611868,full_scope_other,USD₮0,0xfd086bc7cd5c481dcc9c85ebe478a1c0b69fcbb9,incentive,2025-09-03T13:00:00Z,2026-02-18T13:00:00Z,375263392,433400939,5013659,1242174630325,5897080209651,4621972015261,11647285595,44585862991,328,1242169616666,1242169616666,0,5.013659,1242174.630325,5897080.209651,4621972.015261,11647.285595,44585.862991,0.000328,1242169.616666
v1.0,market,0xed06d9e82d7c35ca80d3983194e15462a96202bd875800af18183321f4611868,1,0xed06d9e82d7c35ca80d3983194e15462a96202bd875800af18183321f4611868,full_scope_other,USD₮0,0xfd086bc7cd5c481dcc9c85ebe478a1c0b69fcbb9,post_180,2026-02-18T13:00:00Z,2026-08-17T13:00:00Z,433400939,495489315,1242174630325,666777980999,2121913166773,2708654633979,19913044671,8568226791,0,-575396649326,-575396649326,0,1242174.630325,666777.980999,2121913.166773,2708654.633979,19913.044671,8568.226791,0,-575396.649326
v1.0,market,0xe0432ceb599fbe41defbd62fe8e914824af9d891a0a92c39de7063176c8e480b,1,0xe0432ceb599fbe41defbd62fe8e914824af9d891a0a92c39de7063176c8e480b,full_scope_other,USD₮0,0xfd086bc7cd5c481dcc9c85ebe478a1c0b69fcbb9,baseline,2025-07-09T13:00:00Z,2025-09-03T13:00:00Z,355887376,375263392,0,0,0,0,0,0,0,0,0,0,0,0,0,0,0,0,0,0
v1.0,market,0xe0432ceb599fbe41defbd62fe8e914824af9d891a0a92c39de7063176c8e480b,1,0xe0432ceb599fbe41defbd62fe8e914824af9d891a0a92c39de7063176c8e480b,full_scope_other,USD₮0,0xfd086bc7cd5c481dcc9c85ebe478a1c0b69fcbb9,incentive,2025-09-03T13:00:00Z,2026-02-18T13:00:00Z,375263392,433400939,0,892688,129421000000,29437427141,41018601,100023698772,0,892688,892688,0,0,0.892688,129421,29437.427141,41.018601,100023.698772,0,0.892688
v1.0,market,0xe0432ceb599fbe41defbd62fe8e914824af9d891a0a92c39de7063176c8e480b,1,0xe0432ceb599fbe41defbd62fe8e914824af9d891a0a92c39de7063176c8e480b,full_scope_other,USD₮0,0xfd086bc7cd5c481dcc9c85ebe478a1c0b69fcbb9,post_180,2026-02-18T13:00:00Z,2026-08-17T13:00:00Z,433400939,495489315,892688,1567656765311,2288687166482,741582484426,20553238370,2047803,0,1567655872623,1567655872623,0,0.892688,1567656.765311,2288687.166482,741582.484426,20553.23837,2.047803,0,1567655.872623
v1.0,market,0xac6a118134cc4208a22534b041a83f4ac5ca42e2ab9ea732ee53c44b7deebc62,1,0xac6a118134cc4208a22534b041a83f4ac5ca42e2ab9ea732ee53c44b7deebc62,full_scope_other,USD₮0,0xfd086bc7cd5c481dcc9c85ebe478a1c0b69fcbb9,baseline,2025-07-09T13:00:00Z,2025-09-03T13:00:00Z,355887376,375263392,0,62213893,62482860,276864,7897,0,0,62213893,62213893,0,0,62.213893,62.48286,0.276864,0.007897,0,0,62.213893
v1.0,market,0xac6a118134cc4208a22534b041a83f4ac5ca42e2ab9ea732ee53c44b7deebc62,1,0xac6a118134cc4208a22534b041a83f4ac5ca42e2ab9ea732ee53c44b7deebc62,full_scope_other,USD₮0,0xfd086bc7cd5c481dcc9c85ebe478a1c0b69fcbb9,incentive,2025-09-03T13:00:00Z,2026-02-18T13:00:00Z,375263392,433400939,62213893,99127100406,1113472318234,1015319271140,912127476,288057,0,99064886513,99064886513,0,62.213893,99127.100406,1113472.318234,1015319.27114,912.127476,0.288057,0,99064.886513
v1.0,market,0xac6a118134cc4208a22534b041a83f4ac5ca42e2ab9ea732ee53c44b7deebc62,1,0xac6a118134cc4208a22534b041a83f4ac5ca42e2ab9ea732ee53c44b7deebc62,full_scope_other,USD₮0,0xfd086bc7cd5c481dcc9c85ebe478a1c0b69fcbb9,post_180,2026-02-18T13:00:00Z,2026-08-17T13:00:00Z,433400939,495489315,99127100406,572360179528,1606252927398,1128832254001,8579479353,12767073628,0,473233079122,473233079122,0,99127.100406,572360.179528,1606252.927398,1128832.254001,8579.479353,12767.073628,0,473233.079122
v1.0,market,0xef62d07c7e29c3864feb6de8945edd82688a2ea558de5a44dc795ad1eb1d9853,1,0xef62d07c7e29c3864feb6de8945edd82688a2ea558de5a44dc795ad1eb1d9853,full_scope_other,USD₮0,0xfd086bc7cd5c481dcc9c85ebe478a1c0b69fcbb9,baseline,2025-07-09T13:00:00Z,2025-09-03T13:00:00Z,355887376,375263392,0,0,0,0,0,0,0,0,0,0,0,0,0,0,0,0,0,0
v1.0,market,0xef62d07c7e29c3864feb6de8945edd82688a2ea558de5a44dc795ad1eb1d9853,1,0xef62d07c7e29c3864feb6de8945edd82688a2ea558de5a44dc795ad1eb1d9853,full_scope_other,USD₮0,0xfd086bc7cd5c481dcc9c85ebe478a1c0b69fcbb9,incentive,2025-09-03T13:00:00Z,2026-02-18T13:00:00Z,375263392,433400939,0,1007552,1132495021005,1133844990768,1350977315,0,0,1007552,1007552,0,0,1.007552,1132495.021005,1133844.990768,1350.977315,0,0,1.007552
v1.0,market,0xef62d07c7e29c3864feb6de8945edd82688a2ea558de5a44dc795ad1eb1d9853,1,0xef62d07c7e29c3864feb6de8945edd82688a2ea558de5a44dc795ad1eb1d9853,full_scope_other,USD₮0,0xfd086bc7cd5c481dcc9c85ebe478a1c0b69fcbb9,post_180,2026-02-18T13:00:00Z,2026-08-17T13:00:00Z,433400939,495489315,1007552,483124751449,5626969504041,5157122180570,13276420426,0,0,483123743897,483123743897,0,1.007552,483124.751449,5626969.504041,5157122.18057,13276.420426,0,0,483123.743897
v1.0,market,0x209fa1520640f664f59f7c1f955d52e8b81ead826edf439b48254d21d24b97a9,1,0x209fa1520640f664f59f7c1f955d52e8b81ead826edf439b48254d21d24b97a9,full_scope_other,USD₮0,0xfd086bc7cd5c481dcc9c85ebe478a1c0b69fcbb9,baseline,2025-07-09T13:00:00Z,2025-09-03T13:00:00Z,355887376,375263392,0,1002480,1000000,0,2480,0,0,1002480,1002480,0,0,1.00248,1,0,0.00248,0,0,1.00248
v1.0,market,0x209fa1520640f664f59f7c1f955d52e8b81ead826edf439b48254d21d24b97a9,1,0x209fa1520640f664f59f7c1f955d52e8b81ead826edf439b48254d21d24b97a9,full_scope_other,USD₮0,0xfd086bc7cd5c481dcc9c85ebe478a1c0b69fcbb9,incentive,2025-09-03T13:00:00Z,2026-02-18T13:00:00Z,375263392,433400939,1002480,356585441547,2193999000000,1838048424746,3631830831,2997967018,0,356584439067,356584439067,0,1.00248,356585.441547,2193999,1838048.424746,3631.830831,2997.967018,0,356584.439067
v1.0,market,0x209fa1520640f664f59f7c1f955d52e8b81ead826edf439b48254d21d24b97a9,1,0x209fa1520640f664f59f7c1f955d52e8b81ead826edf439b48254d21d24b97a9,full_scope_other,USD₮0,0xfd086bc7cd5c481dcc9c85ebe478a1c0b69fcbb9,post_180,2026-02-18T13:00:00Z,2026-08-17T13:00:00Z,433400939,495489315,356585441547,637121934864,1406389903896,1128630445397,9826180232,7049145414,0,280536493317,280536493317,0,356585.441547,637121.934864,1406389.903896,1128630.445397,9826.180232,7049.145414,0,280536.493317
v1.0,market,0xadc6897d644a005149d1aa42de72bcb1ff1c9f7c4a8b00db3e2356752995f80e,1,0xadc6897d644a005149d1aa42de72bcb1ff1c9f7c4a8b00db3e2356752995f80e,full_scope_other,USD₮0,0xfd086bc7cd5c481dcc9c85ebe478a1c0b69fcbb9,baseline,2025-07-09T13:00:00Z,2025-09-03T13:00:00Z,355887376,375263392,0,0,0,0,0,0,0,0,0,0,0,0,0,0,0,0,0,0
v1.0,market,0xadc6897d644a005149d1aa42de72bcb1ff1c9f7c4a8b00db3e2356752995f80e,1,0xadc6897d644a005149d1aa42de72bcb1ff1c9f7c4a8b00db3e2356752995f80e,full_scope_other,USD₮0,0xfd086bc7cd5c481dcc9c85ebe478a1c0b69fcbb9,incentive,2025-09-03T13:00:00Z,2026-02-18T13:00:00Z,375263392,433400939,0,488298188939,7291221393874,6812628815879,9705610944,0,0,488298188939,488298188939,0,0,488298.188939,7291221.393874,6812628.815879,9705.610944,0,0,488298.188939
v1.0,market,0xadc6897d644a005149d1aa42de72bcb1ff1c9f7c4a8b00db3e2356752995f80e,1,0xadc6897d644a005149d1aa42de72bcb1ff1c9f7c4a8b00db3e2356752995f80e,full_scope_other,USD₮0,0xfd086bc7cd5c481dcc9c85ebe478a1c0b69fcbb9,post_180,2026-02-18T13:00:00Z,2026-08-17T13:00:00Z,433400939,495489315,488298188939,7042867,700000000000,1188537864759,246718687,0,0,-488291146072,-488291146072,0,488298.188939,7.042867,700000,1188537.864759,246.718687,0,0,-488291.146072
v1.0,market,0x1d094624063756fc61aaf061c7da056aebe3b3ad0ae0395b22e00db6c074de7c,1,0x1d094624063756fc61aaf061c7da056aebe3b3ad0ae0395b22e00db6c074de7c,full_scope_other,USD₮0,0xfd086bc7cd5c481dcc9c85ebe478a1c0b69fcbb9,baseline,2025-07-09T13:00:00Z,2025-09-03T13:00:00Z,355887376,375263392,0,0,0,0,0,0,0,0,0,0,0,0,0,0,0,0,0,0
v1.0,market,0x1d094624063756fc61aaf061c7da056aebe3b3ad0ae0395b22e00db6c074de7c,1,0x1d094624063756fc61aaf061c7da056aebe3b3ad0ae0395b22e00db6c074de7c,full_scope_other,USD₮0,0xfd086bc7cd5c481dcc9c85ebe478a1c0b69fcbb9,incentive,2025-09-03T13:00:00Z,2026-02-18T13:00:00Z,375263392,433400939,0,1160042,5119000,3965887,6929,0,0,1160042,1160042,0,0,1.160042,5.119,3.965887,0.006929,0,0,1.160042
v1.0,market,0x1d094624063756fc61aaf061c7da056aebe3b3ad0ae0395b22e00db6c074de7c,1,0x1d094624063756fc61aaf061c7da056aebe3b3ad0ae0395b22e00db6c074de7c,full_scope_other,USD₮0,0xfd086bc7cd5c481dcc9c85ebe478a1c0b69fcbb9,post_180,2026-02-18T13:00:00Z,2026-08-17T13:00:00Z,433400939,495489315,1160042,14055054209,26701980506,12646980581,164438796,165544554,0,14053894167,14053894167,0,1.160042,14055.054209,26701.980506,12646.980581,164.438796,165.544554,0,14053.894167
v1.0,market,0xb7b5729ad332f57a02f4d9f87aa50910ee955d859e2b2ad9b0b8e15ca44d8b7f,1,0xb7b5729ad332f57a02f4d9f87aa50910ee955d859e2b2ad9b0b8e15ca44d8b7f,full_scope_other,USDC,0xaf88d065e77c8cc2239327c5edb3a432268e5831,baseline,2025-07-09T13:00:00Z,2025-09-03T13:00:00Z,355887376,375263392,0,1000004,1000000,0,4,0,0,1000004,1000004,0,0,1.000004,1,0,0.000004,0,0,1.000004
v1.0,market,0xb7b5729ad332f57a02f4d9f87aa50910ee955d859e2b2ad9b0b8e15ca44d8b7f,1,0xb7b5729ad332f57a02f4d9f87aa50910ee955d859e2b2ad9b0b8e15ca44d8b7f,full_scope_other,USDC,0xaf88d065e77c8cc2239327c5edb3a432268e5831,incentive,2025-09-03T13:00:00Z,2026-02-18T13:00:00Z,375263392,433400939,1000004,9481,11000070800,11000036465,50241,1075099,0,-990523,-990523,0,1.000004,0.009481,11000.0708,11000.036465,0.050241,1.075099,0,-0.990523
v1.0,market,0xb7b5729ad332f57a02f4d9f87aa50910ee955d859e2b2ad9b0b8e15ca44d8b7f,1,0xb7b5729ad332f57a02f4d9f87aa50910ee955d859e2b2ad9b0b8e15ca44d8b7f,full_scope_other,USDC,0xaf88d065e77c8cc2239327c5edb3a432268e5831,post_180,2026-02-18T13:00:00Z,2026-08-17T13:00:00Z,433400939,495489315,9481,9481,0,0,0,0,0,0,0,0,0.009481,0.009481,0,0,0,0,0,0
v1.0,market,0xa35d91efb3e284a0ab7098e8c5a65caf58ea0451073e36a544a821fd8f350953,1,0xa35d91efb3e284a0ab7098e8c5a65caf58ea0451073e36a544a821fd8f350953,full_scope_other,USDC,0xaf88d065e77c8cc2239327c5edb3a432268e5831,baseline,2025-07-09T13:00:00Z,2025-09-03T13:00:00Z,355887376,375263392,0,0,0,0,0,0,0,0,0,0,0,0,0,0,0,0,0,0
v1.0,market,0xa35d91efb3e284a0ab7098e8c5a65caf58ea0451073e36a544a821fd8f350953,1,0xa35d91efb3e284a0ab7098e8c5a65caf58ea0451073e36a544a821fd8f350953,full_scope_other,USDC,0xaf88d065e77c8cc2239327c5edb3a432268e5831,incentive,2025-09-03T13:00:00Z,2026-02-18T13:00:00Z,375263392,433400939,0,123915592766,663862849983,543196781570,3453256310,203725892,6065,123915592766,123915592766,0,0,123915.592766,663862.849983,543196.78157,3453.25631,203.725892,0.006065,123915.592766
v1.0,market,0xa35d91efb3e284a0ab7098e8c5a65caf58ea0451073e36a544a821fd8f350953,1,0xa35d91efb3e284a0ab7098e8c5a65caf58ea0451073e36a544a821fd8f350953,full_scope_other,USDC,0xaf88d065e77c8cc2239327c5edb3a432268e5831,post_180,2026-02-18T13:00:00Z,2026-08-17T13:00:00Z,433400939,495489315,123915592766,6165910845,2261795098,122433665507,2422188488,0,0,-117749681921,-117749681921,0,123915.592766,6165.910845,2261.795098,122433.665507,2422.188488,0,0,-117749.681921
v1.0,market,0x14982da64b67967ef3a70c2f3b7d05518f7dd4ba98d850c40c46618c75059a64,1,0x14982da64b67967ef3a70c2f3b7d05518f7dd4ba98d850c40c46618c75059a64,full_scope_other,USDC,0xaf88d065e77c8cc2239327c5edb3a432268e5831,baseline,2025-07-09T13:00:00Z,2025-09-03T13:00:00Z,355887376,375263392,0,0,0,0,0,0,0,0,0,0,0,0,0,0,0,0,0,0
v1.0,market,0x14982da64b67967ef3a70c2f3b7d05518f7dd4ba98d850c40c46618c75059a64,1,0x14982da64b67967ef3a70c2f3b7d05518f7dd4ba98d850c40c46618c75059a64,full_scope_other,USDC,0xaf88d065e77c8cc2239327c5edb3a432268e5831,incentive,2025-09-03T13:00:00Z,2026-02-18T13:00:00Z,375263392,433400939,0,348205047869,1619884380000,1123815603205,13559407211,161423136137,0,348205047869,348205047869,0,0,348205.047869,1619884.38,1123815.603205,13559.407211,161423.136137,0,348205.047869
v1.0,market,0x14982da64b67967ef3a70c2f3b7d05518f7dd4ba98d850c40c46618c75059a64,1,0x14982da64b67967ef3a70c2f3b7d05518f7dd4ba98d850c40c46618c75059a64,full_scope_other,USDC,0xaf88d065e77c8cc2239327c5edb3a432268e5831,post_180,2026-02-18T13:00:00Z,2026-08-17T13:00:00Z,433400939,495489315,348205047869,18538828390,2460823661,332406500187,2547899487,2268442440,0,-329666219479,-329666219479,0,348205.047869,18538.82839,2460.823661,332406.500187,2547.899487,2268.44244,0,-329666.219479
v1.0,market,0x1a926ab8add08dca634f8d6cecd8c866e166a4affc65801beda9f239d21b622a,1,0x1a926ab8add08dca634f8d6cecd8c866e166a4affc65801beda9f239d21b622a,full_scope_other,USDC,0xaf88d065e77c8cc2239327c5edb3a432268e5831,baseline,2025-07-09T13:00:00Z,2025-09-03T13:00:00Z,355887376,375263392,0,1000001,1000000,0,1,0,0,1000001,1000001,0,0,1.000001,1,0,0.000001,0,0,1.000001
v1.0,market,0x1a926ab8add08dca634f8d6cecd8c866e166a4affc65801beda9f239d21b622a,1,0x1a926ab8add08dca634f8d6cecd8c866e166a4affc65801beda9f239d21b622a,full_scope_other,USDC,0xaf88d065e77c8cc2239327c5edb3a432268e5831,incentive,2025-09-03T13:00:00Z,2026-02-18T13:00:00Z,375263392,433400939,1000001,93213104925,1180122480244,1090555172252,3644796932,0,0,93212104924,93212104924,0,1.000001,93213.104925,1180122.480244,1090555.172252,3644.796932,0,0,93212.104924
v1.0,market,0x1a926ab8add08dca634f8d6cecd8c866e166a4affc65801beda9f239d21b622a,1,0x1a926ab8add08dca634f8d6cecd8c866e166a4affc65801beda9f239d21b622a,full_scope_other,USDC,0xaf88d065e77c8cc2239327c5edb3a432268e5831,post_180,2026-02-18T13:00:00Z,2026-08-17T13:00:00Z,433400939,495489315,93213104925,10019832881,37144535801,122214813924,1877006079,0,0,-83193272044,-83193272044,0,93213.104925,10019.832881,37144.535801,122214.813924,1877.006079,0,0,-83193.272044
v1.0,market,0x6a2b0c23c79dde84628314d21797f7bd5b06ae36e6bde6924ece64ef4821d2df,1,0x6a2b0c23c79dde84628314d21797f7bd5b06ae36e6bde6924ece64ef4821d2df,full_scope_other,USDC,0xaf88d065e77c8cc2239327c5edb3a432268e5831,baseline,2025-07-09T13:00:00Z,2025-09-03T13:00:00Z,355887376,375263392,0,0,0,0,0,0,0,0,0,0,0,0,0,0,0,0,0,0
v1.0,market,0x6a2b0c23c79dde84628314d21797f7bd5b06ae36e6bde6924ece64ef4821d2df,1,0x6a2b0c23c79dde84628314d21797f7bd5b06ae36e6bde6924ece64ef4821d2df,full_scope_other,USDC,0xaf88d065e77c8cc2239327c5edb3a432268e5831,incentive,2025-09-03T13:00:00Z,2026-02-18T13:00:00Z,375263392,433400939,0,451815,450000,0,1815,0,0,451815,451815,0,0,0.451815,0.45,0,0.001815,0,0,0.451815
v1.0,market,0x6a2b0c23c79dde84628314d21797f7bd5b06ae36e6bde6924ece64ef4821d2df,1,0x6a2b0c23c79dde84628314d21797f7bd5b06ae36e6bde6924ece64ef4821d2df,full_scope_other,USDC,0xaf88d065e77c8cc2239327c5edb3a432268e5831,post_180,2026-02-18T13:00:00Z,2026-08-17T13:00:00Z,433400939,495489315,451815,451815,0,0,0,0,0,0,0,0,0.451815,0.451815,0,0,0,0,0,0
v1.0,market,0x7717f1e04510390518811b3133ea47c298094ddd1d806ed8f8867d88c727bad7,1,0x7717f1e04510390518811b3133ea47c298094ddd1d806ed8f8867d88c727bad7,full_scope_other,USDC,0xaf88d065e77c8cc2239327c5edb3a432268e5831,baseline,2025-07-09T13:00:00Z,2025-09-03T13:00:00Z,355887376,375263392,0,0,0,0,0,0,0,0,0,0,0,0,0,0,0,0,0,0
v1.0,market,0x7717f1e04510390518811b3133ea47c298094ddd1d806ed8f8867d88c727bad7,1,0x7717f1e04510390518811b3133ea47c298094ddd1d806ed8f8867d88c727bad7,full_scope_other,USDC,0xaf88d065e77c8cc2239327c5edb3a432268e5831,incentive,2025-09-03T13:00:00Z,2026-02-18T13:00:00Z,375263392,433400939,0,8706982212113,55798551553134,47264306242651,172736901630,0,0,8706982212113,8706982212113,0,0,8706982.212113,55798551.553134,47264306.242651,172736.90163,0,0,8706982.212113
v1.0,market,0x7717f1e04510390518811b3133ea47c298094ddd1d806ed8f8867d88c727bad7,1,0x7717f1e04510390518811b3133ea47c298094ddd1d806ed8f8867d88c727bad7,full_scope_other,USDC,0xaf88d065e77c8cc2239327c5edb3a432268e5831,post_180,2026-02-18T13:00:00Z,2026-08-17T13:00:00Z,433400939,495489315,8706982212113,431920,305826444529,9017660440765,4967869714,115653671,0,-8706981780193,-8706981780193,0,8706982.212113,0.43192,305826.444529,9017660.440765,4967.869714,115.653671,0,-8706981.780193
v1.0,market,0x52f4d5038749565658a51f43d214e811c328c00c8b58c544accfb8924e8be8f8,1,0x52f4d5038749565658a51f43d214e811c328c00c8b58c544accfb8924e8be8f8,full_scope_other,USDC,0xaf88d065e77c8cc2239327c5edb3a432268e5831,baseline,2025-07-09T13:00:00Z,2025-09-03T13:00:00Z,355887376,375263392,0,0,0,0,0,0,0,0,0,0,0,0,0,0,0,0,0,0
v1.0,market,0x52f4d5038749565658a51f43d214e811c328c00c8b58c544accfb8924e8be8f8,1,0x52f4d5038749565658a51f43d214e811c328c00c8b58c544accfb8924e8be8f8,full_scope_other,USDC,0xaf88d065e77c8cc2239327c5edb3a432268e5831,incentive,2025-09-03T13:00:00Z,2026-02-18T13:00:00Z,375263392,433400939,0,0,0,0,0,0,0,0,0,0,0,0,0,0,0,0,0,0
v1.0,market,0x52f4d5038749565658a51f43d214e811c328c00c8b58c544accfb8924e8be8f8,1,0x52f4d5038749565658a51f43d214e811c328c00c8b58c544accfb8924e8be8f8,full_scope_other,USDC,0xaf88d065e77c8cc2239327c5edb3a432268e5831,post_180,2026-02-18T13:00:00Z,2026-08-17T13:00:00Z,433400939,495489315,0,0,0,0,0,0,0,0,0,0,0,0,0,0,0,0,0,0
v1.0,market,0x58df3ad9cf719b1ca97365db634a11b770785517f409ecbe85eefdb34803de1f,1,0x58df3ad9cf719b1ca97365db634a11b770785517f409ecbe85eefdb34803de1f,full_scope_other,USDC,0xaf88d065e77c8cc2239327c5edb3a432268e5831,baseline,2025-07-09T13:00:00Z,2025-09-03T13:00:00Z,355887376,375263392,0,0,0,0,0,0,0,0,0,0,0,0,0,0,0,0,0,0
v1.0,market,0x58df3ad9cf719b1ca97365db634a11b770785517f409ecbe85eefdb34803de1f,1,0x58df3ad9cf719b1ca97365db634a11b770785517f409ecbe85eefdb34803de1f,full_scope_other,USDC,0xaf88d065e77c8cc2239327c5edb3a432268e5831,incentive,2025-09-03T13:00:00Z,2026-02-18T13:00:00Z,375263392,433400939,0,701175301,24813852676352,24631686232101,94639748757,276105017707,0,701175301,701175301,0,0,701.175301,24813852.676352,24631686.232101,94639.748757,276105.017707,0,701.175301
v1.0,market,0x58df3ad9cf719b1ca97365db634a11b770785517f409ecbe85eefdb34803de1f,1,0x58df3ad9cf719b1ca97365db634a11b770785517f409ecbe85eefdb34803de1f,full_scope_other,USDC,0xaf88d065e77c8cc2239327c5edb3a432268e5831,post_180,2026-02-18T13:00:00Z,2026-08-17T13:00:00Z,433400939,495489315,701175301,51495,0,0,19820613,720944419,0,-701123806,-701123806,0,701.175301,0.051495,0,0,19.820613,720.944419,0,-701.123806
v1.0,market,0x84367e5bc5df26437618f749d5beb793746e620560721fec15518d684191ebc6,1,0x84367e5bc5df26437618f749d5beb793746e620560721fec15518d684191ebc6,full_scope_other,USDC,0xaf88d065e77c8cc2239327c5edb3a432268e5831,baseline,2025-07-09T13:00:00Z,2025-09-03T13:00:00Z,355887376,375263392,0,0,0,0,0,0,0,0,0,0,0,0,0,0,0,0,0,0
v1.0,market,0x84367e5bc5df26437618f749d5beb793746e620560721fec15518d684191ebc6,1,0x84367e5bc5df26437618f749d5beb793746e620560721fec15518d684191ebc6,full_scope_other,USDC,0xaf88d065e77c8cc2239327c5edb3a432268e5831,incentive,2025-09-03T13:00:00Z,2026-02-18T13:00:00Z,375263392,433400939,0,1022283,10723000000,10773402339,51424622,0,0,1022283,1022283,0,0,1.022283,10723,10773.402339,51.424622,0,0,1.022283
v1.0,market,0x84367e5bc5df26437618f749d5beb793746e620560721fec15518d684191ebc6,1,0x84367e5bc5df26437618f749d5beb793746e620560721fec15518d684191ebc6,full_scope_other,USDC,0xaf88d065e77c8cc2239327c5edb3a432268e5831,post_180,2026-02-18T13:00:00Z,2026-08-17T13:00:00Z,433400939,495489315,1022283,1050890,0,0,28607,0,0,28607,28607,0,1.022283,1.05089,0,0,0.028607,0,0,0.028607
v1.0,market,0x6c831dcc45a7c0af00b751da651bd874b96653c587615d11aafade7b357c4b43,1,0x6c831dcc45a7c0af00b751da651bd874b96653c587615d11aafade7b357c4b43,full_scope_other,USDC,0xaf88d065e77c8cc2239327c5edb3a432268e5831,baseline,2025-07-09T13:00:00Z,2025-09-03T13:00:00Z,355887376,375263392,0,0,0,0,0,0,0,0,0,0,0,0,0,0,0,0,0,0
v1.0,market,0x6c831dcc45a7c0af00b751da651bd874b96653c587615d11aafade7b357c4b43,1,0x6c831dcc45a7c0af00b751da651bd874b96653c587615d11aafade7b357c4b43,full_scope_other,USDC,0xaf88d065e77c8cc2239327c5edb3a432268e5831,incentive,2025-09-03T13:00:00Z,2026-02-18T13:00:00Z,375263392,433400939,0,4307016200735,15425541033560,11182889215351,64364382526,0,0,4307016200735,4307016200735,0,0,4307016.200735,15425541.03356,11182889.215351,64364.382526,0,0,4307016.200735
v1.0,market,0x6c831dcc45a7c0af00b751da651bd874b96653c587615d11aafade7b357c4b43,1,0x6c831dcc45a7c0af00b751da651bd874b96653c587615d11aafade7b357c4b43,full_scope_other,USDC,0xaf88d065e77c8cc2239327c5edb3a432268e5831,post_180,2026-02-18T13:00:00Z,2026-08-17T13:00:00Z,433400939,495489315,4307016200735,2682,2210000000,4309670243810,444045757,0,0,-4307016198053,-4307016198053,0,4307016.200735,0.002682,2210,4309670.24381,444.045757,0,0,-4307016.198053
v1.0,market,0x30c505b1ce479157e1035bdc5de3d4c811cf3e427c31db0b81b5c27a09054e97,1,0x30c505b1ce479157e1035bdc5de3d4c811cf3e427c31db0b81b5c27a09054e97,full_scope_other,USDC,0xaf88d065e77c8cc2239327c5edb3a432268e5831,baseline,2025-07-09T13:00:00Z,2025-09-03T13:00:00Z,355887376,375263392,0,0,0,0,0,0,0,0,0,0,0,0,0,0,0,0,0,0
v1.0,market,0x30c505b1ce479157e1035bdc5de3d4c811cf3e427c31db0b81b5c27a09054e97,1,0x30c505b1ce479157e1035bdc5de3d4c811cf3e427c31db0b81b5c27a09054e97,full_scope_other,USDC,0xaf88d065e77c8cc2239327c5edb3a432268e5831,incentive,2025-09-03T13:00:00Z,2026-02-18T13:00:00Z,375263392,433400939,0,12247052694,12463553205904,12490040356025,38734202815,0,0,12247052694,12247052694,0,0,12247.052694,12463553.205904,12490040.356025,38734.202815,0,0,12247.052694
v1.0,market,0x30c505b1ce479157e1035bdc5de3d4c811cf3e427c31db0b81b5c27a09054e97,1,0x30c505b1ce479157e1035bdc5de3d4c811cf3e427c31db0b81b5c27a09054e97,full_scope_other,USDC,0xaf88d065e77c8cc2239327c5edb3a432268e5831,post_180,2026-02-18T13:00:00Z,2026-08-17T13:00:00Z,433400939,495489315,12247052694,13002662,0,12694991516,460941484,0,0,-12234050032,-12234050032,0,12247.052694,13.002662,0,12694.991516,460.941484,0,0,-12234.050032
v1.0,market,0x7d4799e15dcaad9da49ab8edf46d647db2da2ff419db52e8ec0984d0c49e8b9b,1,0x7d4799e15dcaad9da49ab8edf46d647db2da2ff419db52e8ec0984d0c49e8b9b,full_scope_other,USDC,0xaf88d065e77c8cc2239327c5edb3a432268e5831,baseline,2025-07-09T13:00:00Z,2025-09-03T13:00:00Z,355887376,375263392,0,0,0,0,0,0,0,0,0,0,0,0,0,0,0,0,0,0
v1.0,market,0x7d4799e15dcaad9da49ab8edf46d647db2da2ff419db52e8ec0984d0c49e8b9b,1,0x7d4799e15dcaad9da49ab8edf46d647db2da2ff419db52e8ec0984d0c49e8b9b,full_scope_other,USDC,0xaf88d065e77c8cc2239327c5edb3a432268e5831,incentive,2025-09-03T13:00:00Z,2026-02-18T13:00:00Z,375263392,433400939,0,54852798459,3398880298253,3345984498623,1956998829,0,0,54852798459,54852798459,0,0,54852.798459,3398880.298253,3345984.498623,1956.998829,0,0,54852.798459
v1.0,market,0x7d4799e15dcaad9da49ab8edf46d647db2da2ff419db52e8ec0984d0c49e8b9b,1,0x7d4799e15dcaad9da49ab8edf46d647db2da2ff419db52e8ec0984d0c49e8b9b,full_scope_other,USDC,0xaf88d065e77c8cc2239327c5edb3a432268e5831,post_180,2026-02-18T13:00:00Z,2026-08-17T13:00:00Z,433400939,495489315,54852798459,150259,0,54855517232,2912315,35420,7863,-54852648200,-54852648200,0,54852.798459,0.150259,0,54855.517232,2.912315,0.03542,0.007863,-54852.6482
v1.0,market,0x8147c63f3f6f5a0825c84bf2cb11443c72b609fa39cf9a362e3d4dc2c5ca76c4,1,0x8147c63f3f6f5a0825c84bf2cb11443c72b609fa39cf9a362e3d4dc2c5ca76c4,full_scope_other,USDC,0xaf88d065e77c8cc2239327c5edb3a432268e5831,baseline,2025-07-09T13:00:00Z,2025-09-03T13:00:00Z,355887376,375263392,0,0,0,0,0,0,0,0,0,0,0,0,0,0,0,0,0,0
v1.0,market,0x8147c63f3f6f5a0825c84bf2cb11443c72b609fa39cf9a362e3d4dc2c5ca76c4,1,0x8147c63f3f6f5a0825c84bf2cb11443c72b609fa39cf9a362e3d4dc2c5ca76c4,full_scope_other,USDC,0xaf88d065e77c8cc2239327c5edb3a432268e5831,incentive,2025-09-03T13:00:00Z,2026-02-18T13:00:00Z,375263392,433400939,0,28230035330835,68666430713439,40526807100041,90411717437,0,0,28230035330835,28230035330835,0,0,28230035.330835,68666430.713439,40526807.100041,90411.717437,0,0,28230035.330835
v1.0,market,0x8147c63f3f6f5a0825c84bf2cb11443c72b609fa39cf9a362e3d4dc2c5ca76c4,1,0x8147c63f3f6f5a0825c84bf2cb11443c72b609fa39cf9a362e3d4dc2c5ca76c4,full_scope_other,USDC,0xaf88d065e77c8cc2239327c5edb3a432268e5831,post_180,2026-02-18T13:00:00Z,2026-08-17T13:00:00Z,433400939,495489315,28230035330835,570096,2638965500000,30870857786086,2064682701,207157354,0,-28230034760739,-28230034760739,0,28230035.330835,0.570096,2638965.5,30870857.786086,2064.682701,207.157354,0,-28230034.760739
v1.0,market,0xf4ab212f6fcc943e2669cb6307fa4b608b0418ac5255c100e58394822157785c,1,0xf4ab212f6fcc943e2669cb6307fa4b608b0418ac5255c100e58394822157785c,full_scope_other,USDC,0xaf88d065e77c8cc2239327c5edb3a432268e5831,baseline,2025-07-09T13:00:00Z,2025-09-03T13:00:00Z,355887376,375263392,0,0,0,0,0,0,0,0,0,0,0,0,0,0,0,0,0,0
v1.0,market,0xf4ab212f6fcc943e2669cb6307fa4b608b0418ac5255c100e58394822157785c,1,0xf4ab212f6fcc943e2669cb6307fa4b608b0418ac5255c100e58394822157785c,full_scope_other,USDC,0xaf88d065e77c8cc2239327c5edb3a432268e5831,incentive,2025-09-03T13:00:00Z,2026-02-18T13:00:00Z,375263392,433400939,0,166934847358,56379198514604,56386293453217,174029785971,0,0,166934847358,166934847358,0,0,166934.847358,56379198.514604,56386293.453217,174029.785971,0,0,166934.847358
v1.0,market,0xf4ab212f6fcc943e2669cb6307fa4b608b0418ac5255c100e58394822157785c,1,0xf4ab212f6fcc943e2669cb6307fa4b608b0418ac5255c100e58394822157785c,full_scope_other,USDC,0xaf88d065e77c8cc2239327c5edb3a432268e5831,post_180,2026-02-18T13:00:00Z,2026-08-17T13:00:00Z,433400939,495489315,166934847358,2230163723,0,171840618885,7135935250,0,0,-164704683635,-164704683635,0,166934.847358,2230.163723,0,171840.618885,7135.93525,0,0,-164704.683635
v1.0,market,0x729e4ab1f1613a55f4dc6444cb073a2f9ba4c402f8c59e93e1d725f9ce45f23a,1,0x729e4ab1f1613a55f4dc6444cb073a2f9ba4c402f8c59e93e1d725f9ce45f23a,full_scope_other,USDC,0xaf88d065e77c8cc2239327c5edb3a432268e5831,baseline,2025-07-09T13:00:00Z,2025-09-03T13:00:00Z,355887376,375263392,0,0,0,0,0,0,0,0,0,0,0,0,0,0,0,0,0,0
v1.0,market,0x729e4ab1f1613a55f4dc6444cb073a2f9ba4c402f8c59e93e1d725f9ce45f23a,1,0x729e4ab1f1613a55f4dc6444cb073a2f9ba4c402f8c59e93e1d725f9ce45f23a,full_scope_other,USDC,0xaf88d065e77c8cc2239327c5edb3a432268e5831,incentive,2025-09-03T13:00:00Z,2026-02-18T13:00:00Z,375263392,433400939,0,10150,602662715446,602855039514,192334218,0,0,10150,10150,0,0,0.01015,602662.715446,602855.039514,192.334218,0,0,0.01015
v1.0,market,0x729e4ab1f1613a55f4dc6444cb073a2f9ba4c402f8c59e93e1d725f9ce45f23a,1,0x729e4ab1f1613a55f4dc6444cb073a2f9ba4c402f8c59e93e1d725f9ce45f23a,full_scope_other,USDC,0xaf88d065e77c8cc2239327c5edb3a432268e5831,post_180,2026-02-18T13:00:00Z,2026-08-17T13:00:00Z,433400939,495489315,10150,10150,0,0,0,0,0,0,0,0,0.01015,0.01015,0,0,0,0,0,0
v1.0,market,0x678b525f162b499b17d8fd71f3129bd3a5a10d4c728e6af02ee7c644ae262d01,1,0x678b525f162b499b17d8fd71f3129bd3a5a10d4c728e6af02ee7c644ae262d01,full_scope_other,USDC,0xaf88d065e77c8cc2239327c5edb3a432268e5831,baseline,2025-07-09T13:00:00Z,2025-09-03T13:00:00Z,355887376,375263392,0,0,0,0,0,0,0,0,0,0,0,0,0,0,0,0,0,0
v1.0,market,0x678b525f162b499b17d8fd71f3129bd3a5a10d4c728e6af02ee7c644ae262d01,1,0x678b525f162b499b17d8fd71f3129bd3a5a10d4c728e6af02ee7c644ae262d01,full_scope_other,USDC,0xaf88d065e77c8cc2239327c5edb3a432268e5831,incentive,2025-09-03T13:00:00Z,2026-02-18T13:00:00Z,375263392,433400939,0,3466008,3444180,0,21828,0,0,3466008,3466008,0,0,3.466008,3.44418,0,0.021828,0,0,3.466008
v1.0,market,0x678b525f162b499b17d8fd71f3129bd3a5a10d4c728e6af02ee7c644ae262d01,1,0x678b525f162b499b17d8fd71f3129bd3a5a10d4c728e6af02ee7c644ae262d01,full_scope_other,USDC,0xaf88d065e77c8cc2239327c5edb3a432268e5831,post_180,2026-02-18T13:00:00Z,2026-08-17T13:00:00Z,433400939,495489315,3466008,3466008,0,0,0,0,0,0,0,0,3.466008,3.466008,0,0,0,0,0,0
v1.0,market,0xc7670063349ac19dfa324ead7bd7da2985ae931e1b09fb0e31b62c6486b730bd,1,0xc7670063349ac19dfa324ead7bd7da2985ae931e1b09fb0e31b62c6486b730bd,full_scope_other,USDC,0xaf88d065e77c8cc2239327c5edb3a432268e5831,baseline,2025-07-09T13:00:00Z,2025-09-03T13:00:00Z,355887376,375263392,0,0,0,0,0,0,0,0,0,0,0,0,0,0,0,0,0,0
v1.0,market,0xc7670063349ac19dfa324ead7bd7da2985ae931e1b09fb0e31b62c6486b730bd,1,0xc7670063349ac19dfa324ead7bd7da2985ae931e1b09fb0e31b62c6486b730bd,full_scope_other,USDC,0xaf88d065e77c8cc2239327c5edb3a432268e5831,incentive,2025-09-03T13:00:00Z,2026-02-18T13:00:00Z,375263392,433400939,0,96519914087,6346902615742,6145253829347,23382929266,128511801574,0,96519914087,96519914087,0,0,96519.914087,6346902.615742,6145253.829347,23382.929266,128511.801574,0,96519.914087
v1.0,market,0xc7670063349ac19dfa324ead7bd7da2985ae931e1b09fb0e31b62c6486b730bd,1,0xc7670063349ac19dfa324ead7bd7da2985ae931e1b09fb0e31b62c6486b730bd,full_scope_other,USDC,0xaf88d065e77c8cc2239327c5edb3a432268e5831,post_180,2026-02-18T13:00:00Z,2026-08-17T13:00:00Z,433400939,495489315,96519914087,155600627290,73995684925,96591848068,81676876346,0,0,59080713203,59080713203,0,96519.914087,155600.62729,73995.684925,96591.848068,81676.876346,0,0,59080.713203
v1.0,market,0xd478de9c069f12759d3baed9ddd16fe8902128937821af3a3cf77eca1885c7fc,1,0xd478de9c069f12759d3baed9ddd16fe8902128937821af3a3cf77eca1885c7fc,full_scope_other,USDC,0xaf88d065e77c8cc2239327c5edb3a432268e5831,baseline,2025-07-09T13:00:00Z,2025-09-03T13:00:00Z,355887376,375263392,0,1000005,1000000,0,5,0,0,1000005,1000005,0,0,1.000005,1,0,0.000005,0,0,1.000005
v1.0,market,0xd478de9c069f12759d3baed9ddd16fe8902128937821af3a3cf77eca1885c7fc,1,0xd478de9c069f12759d3baed9ddd16fe8902128937821af3a3cf77eca1885c7fc,full_scope_other,USDC,0xaf88d065e77c8cc2239327c5edb3a432268e5831,incentive,2025-09-03T13:00:00Z,2026-02-18T13:00:00Z,375263392,433400939,1000005,7239,166280166600,166225804540,169410230,224765056,0,-992766,-992766,0,1.000005,0.007239,166280.1666,166225.80454,169.41023,224.765056,0,-0.992766
v1.0,market,0xd478de9c069f12759d3baed9ddd16fe8902128937821af3a3cf77eca1885c7fc,1,0xd478de9c069f12759d3baed9ddd16fe8902128937821af3a3cf77eca1885c7fc,full_scope_other,USDC,0xaf88d065e77c8cc2239327c5edb3a432268e5831,post_180,2026-02-18T13:00:00Z,2026-08-17T13:00:00Z,433400939,495489315,7239,7239,0,0,0,0,0,0,0,0,0.007239,0.007239,0,0,0,0,0,0
v1.0,market,0xe23e15ddd552eb148045e3f4b74e71f4923bc6bea6e5bda0a4cf89a0cecd1a3b,1,0xe23e15ddd552eb148045e3f4b74e71f4923bc6bea6e5bda0a4cf89a0cecd1a3b,full_scope_other,USDC,0xaf88d065e77c8cc2239327c5edb3a432268e5831,baseline,2025-07-09T13:00:00Z,2025-09-03T13:00:00Z,355887376,375263392,0,0,0,0,0,0,0,0,0,0,0,0,0,0,0,0,0,0
v1.0,market,0xe23e15ddd552eb148045e3f4b74e71f4923bc6bea6e5bda0a4cf89a0cecd1a3b,1,0xe23e15ddd552eb148045e3f4b74e71f4923bc6bea6e5bda0a4cf89a0cecd1a3b,full_scope_other,USDC,0xaf88d065e77c8cc2239327c5edb3a432268e5831,incentive,2025-09-03T13:00:00Z,2026-02-18T13:00:00Z,375263392,433400939,0,1006085,1000000,0,6085,0,0,1006085,1006085,0,0,1.006085,1,0,0.006085,0,0,1.006085
v1.0,market,0xe23e15ddd552eb148045e3f4b74e71f4923bc6bea6e5bda0a4cf89a0cecd1a3b,1,0xe23e15ddd552eb148045e3f4b74e71f4923bc6bea6e5bda0a4cf89a0cecd1a3b,full_scope_other,USDC,0xaf88d065e77c8cc2239327c5edb3a432268e5831,post_180,2026-02-18T13:00:00Z,2026-08-17T13:00:00Z,433400939,495489315,1006085,0,2501413650725,2502456310355,1041653545,0,0,-1006085,-1006085,0,1.006085,0,2501413.650725,2502456.310355,1041.653545,0,0,-1.006085
v1.0,market,0x71c2954e00c8f72864600c9d1d1cd70fa15202c4294cd938d80add3be2eced26,1,0x71c2954e00c8f72864600c9d1d1cd70fa15202c4294cd938d80add3be2eced26,full_scope_other,USDC,0xaf88d065e77c8cc2239327c5edb3a432268e5831,baseline,2025-07-09T13:00:00Z,2025-09-03T13:00:00Z,355887376,375263392,0,10000,10000,0,0,0,0,10000,10000,0,0,0.01,0.01,0,0,0,0,0.01
v1.0,market,0x71c2954e00c8f72864600c9d1d1cd70fa15202c4294cd938d80add3be2eced26,1,0x71c2954e00c8f72864600c9d1d1cd70fa15202c4294cd938d80add3be2eced26,full_scope_other,USDC,0xaf88d065e77c8cc2239327c5edb3a432268e5831,incentive,2025-09-03T13:00:00Z,2026-02-18T13:00:00Z,375263392,433400939,10000,178139441342,14638286638139,14206102419334,35900618787,289945406250,0,178139431342,178139431342,0,0.01,178139.441342,14638286.638139,14206102.419334,35900.618787,289945.40625,0,178139.431342
v1.0,market,0x71c2954e00c8f72864600c9d1d1cd70fa15202c4294cd938d80add3be2eced26,1,0x71c2954e00c8f72864600c9d1d1cd70fa15202c4294cd938d80add3be2eced26,full_scope_other,USDC,0xaf88d065e77c8cc2239327c5edb3a432268e5831,post_180,2026-02-18T13:00:00Z,2026-08-17T13:00:00Z,433400939,495489315,178139441342,141580246078,3728490667708,3768111915737,3062052765,0,0,-36559195264,-36559195264,0,178139.441342,141580.246078,3728490.667708,3768111.915737,3062.052765,0,0,-36559.195264
v1.0,market,0x989ddb4f5b09e6d02e7f5f2f8efb846fd2de1f3f3dfd96e1939455abe7dd5a48,1,0x989ddb4f5b09e6d02e7f5f2f8efb846fd2de1f3f3dfd96e1939455abe7dd5a48,full_scope_other,USDC,0xaf88d065e77c8cc2239327c5edb3a432268e5831,baseline,2025-07-09T13:00:00Z,2025-09-03T13:00:00Z,355887376,375263392,0,500000,500000,0,0,0,0,500000,500000,0,0,0.5,0.5,0,0,0,0,0.5
v1.0,market,0x989ddb4f5b09e6d02e7f5f2f8efb846fd2de1f3f3dfd96e1939455abe7dd5a48,1,0x989ddb4f5b09e6d02e7f5f2f8efb846fd2de1f3f3dfd96e1939455abe7dd5a48,full_scope_other,USDC,0xaf88d065e77c8cc2239327c5edb3a432268e5831,incentive,2025-09-03T13:00:00Z,2026-02-18T13:00:00Z,375263392,433400939,500000,525744,29467197485,29496632135,29460394,0,0,25744,25744,0,0.5,0.525744,29467.197485,29496.632135,29.460394,0,0,0.025744
v1.0,market,0x989ddb4f5b09e6d02e7f5f2f8efb846fd2de1f3f3dfd96e1939455abe7dd5a48,1,0x989ddb4f5b09e6d02e7f5f2f8efb846fd2de1f3f3dfd96e1939455abe7dd5a48,full_scope_other,USDC,0xaf88d065e77c8cc2239327c5edb3a432268e5831,post_180,2026-02-18T13:00:00Z,2026-08-17T13:00:00Z,433400939,495489315,525744,525744,0,0,0,0,0,0,0,0,0.525744,0.525744,0,0,0,0,0,0
v1.0,market,0x7e7c08f2d8bb6821408ac6b4e2f322d73ba1fb8ce20b3b65087f440ef3b2f8f1,1,0x7e7c08f2d8bb6821408ac6b4e2f322d73ba1fb8ce20b3b65087f440ef3b2f8f1,full_scope_other,USDC,0xaf88d065e77c8cc2239327c5edb3a432268e5831,baseline,2025-07-09T13:00:00Z,2025-09-03T13:00:00Z,355887376,375263392,0,4250098,4250038,0,60,0,0,4250098,4250098,0,0,4.250098,4.250038,0,0.00006,0,0,4.250098
v1.0,market,0x7e7c08f2d8bb6821408ac6b4e2f322d73ba1fb8ce20b3b65087f440ef3b2f8f1,1,0x7e7c08f2d8bb6821408ac6b4e2f322d73ba1fb8ce20b3b65087f440ef3b2f8f1,full_scope_other,USDC,0xaf88d065e77c8cc2239327c5edb3a432268e5831,incentive,2025-09-03T13:00:00Z,2026-02-18T13:00:00Z,375263392,433400939,4250098,22782310832,50766472239,28668373819,679962314,0,0,22778060734,22778060734,0,4.250098,22782.310832,50766.472239,28668.373819,679.962314,0,0,22778.060734
v1.0,market,0x7e7c08f2d8bb6821408ac6b4e2f322d73ba1fb8ce20b3b65087f440ef3b2f8f1,1,0x7e7c08f2d8bb6821408ac6b4e2f322d73ba1fb8ce20b3b65087f440ef3b2f8f1,full_scope_other,USDC,0xaf88d065e77c8cc2239327c5edb3a432268e5831,post_180,2026-02-18T13:00:00Z,2026-08-17T13:00:00Z,433400939,495489315,22782310832,24663588131,125184330,124742438,1911676883,30841476,0,1881277299,1881277299,0,22782.310832,24663.588131,125.18433,124.742438,1911.676883,30.841476,0,1881.277299
v1.0,market,0x77fe2f7c2dd6f4da6bc5f445b06052ff8df55cb70cfce9afc16ec3c69a5fd3a3,1,0x77fe2f7c2dd6f4da6bc5f445b06052ff8df55cb70cfce9afc16ec3c69a5fd3a3,full_scope_other,USDC,0xaf88d065e77c8cc2239327c5edb3a432268e5831,baseline,2025-07-09T13:00:00Z,2025-09-03T13:00:00Z,355887376,375263392,0,17249244,417157015,400009131,101360,0,0,17249244,17249244,0,0,17.249244,417.157015,400.009131,0.10136,0,0,17.249244
v1.0,market,0x77fe2f7c2dd6f4da6bc5f445b06052ff8df55cb70cfce9afc16ec3c69a5fd3a3,1,0x77fe2f7c2dd6f4da6bc5f445b06052ff8df55cb70cfce9afc16ec3c69a5fd3a3,full_scope_other,USDC,0xaf88d065e77c8cc2239327c5edb3a432268e5831,incentive,2025-09-03T13:00:00Z,2026-02-18T13:00:00Z,375263392,433400939,17249244,244814853180,175230398166229,175084638992484,99038430191,0,0,244797603936,244797603936,0,17.249244,244814.85318,175230398.166229,175084638.992484,99038.430191,0,0,244797.603936
v1.0,market,0x77fe2f7c2dd6f4da6bc5f445b06052ff8df55cb70cfce9afc16ec3c69a5fd3a3,1,0x77fe2f7c2dd6f4da6bc5f445b06052ff8df55cb70cfce9afc16ec3c69a5fd3a3,full_scope_other,USDC,0xaf88d065e77c8cc2239327c5edb3a432268e5831,post_180,2026-02-18T13:00:00Z,2026-08-17T13:00:00Z,433400939,495489315,244814853180,79242415730,246851085212563,247066887453525,50229803512,0,0,-165572437450,-165572437450,0,244814.85318,79242.41573,246851085.212563,247066887.453525,50229.803512,0,0,-165572.43745
v1.0,market,0xf86f3edd6f16cd8211f4d206866dc4ecd41be6211063ac11f8508e1b7112ef40,1,0xf86f3edd6f16cd8211f4d206866dc4ecd41be6211063ac11f8508e1b7112ef40,dedicated_syrupusdc,USDC,0xaf88d065e77c8cc2239327c5edb3a432268e5831,baseline,2025-07-09T13:00:00Z,2025-09-03T13:00:00Z,355887376,375263392,0,1000207,1000000,0,207,0,0,1000207,1000207,0,0,1.000207,1,0,0.000207,0,0,1.000207
v1.0,market,0xf86f3edd6f16cd8211f4d206866dc4ecd41be6211063ac11f8508e1b7112ef40,1,0xf86f3edd6f16cd8211f4d206866dc4ecd41be6211063ac11f8508e1b7112ef40,dedicated_syrupusdc,USDC,0xaf88d065e77c8cc2239327c5edb3a432268e5831,incentive,2025-09-03T13:00:00Z,2026-02-18T13:00:00Z,375263392,433400939,1000207,9575307714444,196480095889821,187610673286350,705884110766,0,0,9575306714237,9575306714237,0,1.000207,9575307.714444,196480095.889821,187610673.28635,705884.110766,0,0,9575306.714237
v1.0,market,0xf86f3edd6f16cd8211f4d206866dc4ecd41be6211063ac11f8508e1b7112ef40,1,0xf86f3edd6f16cd8211f4d206866dc4ecd41be6211063ac11f8508e1b7112ef40,dedicated_syrupusdc,USDC,0xaf88d065e77c8cc2239327c5edb3a432268e5831,post_180,2026-02-18T13:00:00Z,2026-08-17T13:00:00Z,433400939,495489315,9575307714444,43456249315,25125786467899,34736121492135,78483559107,0,0,-9531851465129,-9531851465129,0,9575307.714444,43456.249315,25125786.467899,34736121.492135,78483.559107,0,0,-9531851.465129
v1.0,market,0x551dbcdcceaf9322986e0cddde993d49840522a9532dc441359acd98af8badff,1,0x551dbcdcceaf9322986e0cddde993d49840522a9532dc441359acd98af8badff,full_scope_other,USDC,0xaf88d065e77c8cc2239327c5edb3a432268e5831,baseline,2025-07-09T13:00:00Z,2025-09-03T13:00:00Z,355887376,375263392,0,25000,25000,0,0,0,0,25000,25000,0,0,0.025,0.025,0,0,0,0,0.025
v1.0,market,0x551dbcdcceaf9322986e0cddde993d49840522a9532dc441359acd98af8badff,1,0x551dbcdcceaf9322986e0cddde993d49840522a9532dc441359acd98af8badff,full_scope_other,USDC,0xaf88d065e77c8cc2239327c5edb3a432268e5831,incentive,2025-09-03T13:00:00Z,2026-02-18T13:00:00Z,375263392,433400939,25000,7460896505929,202347237673349,196279989184390,1393648957519,965549,0,7460896480929,7460896480929,0,0.025,7460896.505929,202347237.673349,196279989.18439,1393648.957519,0.965549,0,7460896.480929
v1.0,market,0x551dbcdcceaf9322986e0cddde993d49840522a9532dc441359acd98af8badff,1,0x551dbcdcceaf9322986e0cddde993d49840522a9532dc441359acd98af8badff,full_scope_other,USDC,0xaf88d065e77c8cc2239327c5edb3a432268e5831,post_180,2026-02-18T13:00:00Z,2026-08-17T13:00:00Z,433400939,495489315,7460896505929,15412862606,14342272956868,21232028526734,39806336571,595534410028,0,-7445483643323,-7445483643323,0,7460896.505929,15412.862606,14342272.956868,21232028.526734,39806.336571,595534.410028,0,-7445483.643323
v1.0,market,0xe0de6b571ec913ada63d5327f70c8849ea2363d47f44a190e8fb489db07fee1e,1,0xe0de6b571ec913ada63d5327f70c8849ea2363d47f44a190e8fb489db07fee1e,full_scope_other,USDC,0xaf88d065e77c8cc2239327c5edb3a432268e5831,baseline,2025-07-09T13:00:00Z,2025-09-03T13:00:00Z,355887376,375263392,0,4250098,4250038,0,60,0,0,4250098,4250098,0,0,4.250098,4.250038,0,0.00006,0,0,4.250098
v1.0,market,0xe0de6b571ec913ada63d5327f70c8849ea2363d47f44a190e8fb489db07fee1e,1,0xe0de6b571ec913ada63d5327f70c8849ea2363d47f44a190e8fb489db07fee1e,full_scope_other,USDC,0xaf88d065e77c8cc2239327c5edb3a432268e5831,incentive,2025-09-03T13:00:00Z,2026-02-18T13:00:00Z,375263392,433400939,4250098,11364916,12928244461,12932844175,11714532,0,0,7114818,7114818,0,4.250098,11.364916,12928.244461,12932.844175,11.714532,0,0,7.114818
v1.0,market,0xe0de6b571ec913ada63d5327f70c8849ea2363d47f44a190e8fb489db07fee1e,1,0xe0de6b571ec913ada63d5327f70c8849ea2363d47f44a190e8fb489db07fee1e,full_scope_other,USDC,0xaf88d065e77c8cc2239327c5edb3a432268e5831,post_180,2026-02-18T13:00:00Z,2026-08-17T13:00:00Z,433400939,495489315,11364916,11382584,9223131,9223132,17669,0,0,17668,17668,0,11.364916,11.382584,9.223131,9.223132,0.017669,0,0,0.017668
v1.0,market,0xd09404e9512e1341321c8ae3bd663fab7087582142ac61486635a6c072c2af12,1,0xd09404e9512e1341321c8ae3bd663fab7087582142ac61486635a6c072c2af12,early_shared_usdc,USDC,0xaf88d065e77c8cc2239327c5edb3a432268e5831,baseline,2025-07-09T13:00:00Z,2025-09-03T13:00:00Z,355887376,375263392,0,1211987615,1217000000,6000089,987704,0,0,1211987615,1211987615,0,0,1211.987615,1217,6.000089,0.987704,0,0,1211.987615
v1.0,market,0xd09404e9512e1341321c8ae3bd663fab7087582142ac61486635a6c072c2af12,1,0xd09404e9512e1341321c8ae3bd663fab7087582142ac61486635a6c072c2af12,early_shared_usdc,USDC,0xaf88d065e77c8cc2239327c5edb3a432268e5831,incentive,2025-09-03T13:00:00Z,2026-02-18T13:00:00Z,375263392,433400939,1211987615,238082266863,1262908021626,1027960068524,3073992004,1151665858,0,236870279248,236870279248,0,1211.987615,238082.266863,1262908.021626,1027960.068524,3073.992004,1151.665858,0,236870.279248
v1.0,market,0xd09404e9512e1341321c8ae3bd663fab7087582142ac61486635a6c072c2af12,1,0xd09404e9512e1341321c8ae3bd663fab7087582142ac61486635a6c072c2af12,early_shared_usdc,USDC,0xaf88d065e77c8cc2239327c5edb3a432268e5831,post_180,2026-02-18T13:00:00Z,2026-08-17T13:00:00Z,433400939,495489315,238082266863,1412705954688,3314074567840,2166928860172,27481381178,3401021,0,1174623687825,1174623687825,0,238082.266863,1412705.954688,3314074.56784,2166928.860172,27481.381178,3.401021,0,1174623.687825
v1.0,market,0x11d3bca0d1a9af8bf2982ef802f2971cf86043df1b31a044cacb35a8048156c6,1,0x11d3bca0d1a9af8bf2982ef802f2971cf86043df1b31a044cacb35a8048156c6,full_scope_other,USDC,0xaf88d065e77c8cc2239327c5edb3a432268e5831,baseline,2025-07-09T13:00:00Z,2025-09-03T13:00:00Z,355887376,375263392,0,0,0,0,0,0,0,0,0,0,0,0,0,0,0,0,0,0
v1.0,market,0x11d3bca0d1a9af8bf2982ef802f2971cf86043df1b31a044cacb35a8048156c6,1,0x11d3bca0d1a9af8bf2982ef802f2971cf86043df1b31a044cacb35a8048156c6,full_scope_other,USDC,0xaf88d065e77c8cc2239327c5edb3a432268e5831,incentive,2025-09-03T13:00:00Z,2026-02-18T13:00:00Z,375263392,433400939,0,1178873897014,3490499123113,2316379202409,4753976310,0,0,1178873897014,1178873897014,0,0,1178873.897014,3490499.123113,2316379.202409,4753.97631,0,0,1178873.897014
v1.0,market,0x11d3bca0d1a9af8bf2982ef802f2971cf86043df1b31a044cacb35a8048156c6,1,0x11d3bca0d1a9af8bf2982ef802f2971cf86043df1b31a044cacb35a8048156c6,full_scope_other,USDC,0xaf88d065e77c8cc2239327c5edb3a432268e5831,post_180,2026-02-18T13:00:00Z,2026-08-17T13:00:00Z,433400939,495489315,1178873897014,2696,1162524166431,2341595304580,200575949,3332118,0,-1178873894318,-1178873894318,0,1178873.897014,0.002696,1162524.166431,2341595.30458,200.575949,3.332118,0,-1178873.894318
v1.0,market,0x33e0c8ab132390822b07e5dc95033cf250c963153320b7ffca73220664da2ea0,1,0x33e0c8ab132390822b07e5dc95033cf250c963153320b7ffca73220664da2ea0,full_scope_other,USDC,0xaf88d065e77c8cc2239327c5edb3a432268e5831,baseline,2025-07-09T13:00:00Z,2025-09-03T13:00:00Z,355887376,375263392,0,1031737762003,2294061212253,1262456314084,220005471,87141637,0,1031737762003,1031737762003,0,0,1031737.762003,2294061.212253,1262456.314084,220.005471,87.141637,0,1031737.762003
v1.0,market,0x33e0c8ab132390822b07e5dc95033cf250c963153320b7ffca73220664da2ea0,1,0x33e0c8ab132390822b07e5dc95033cf250c963153320b7ffca73220664da2ea0,full_scope_other,USDC,0xaf88d065e77c8cc2239327c5edb3a432268e5831,incentive,2025-09-03T13:00:00Z,2026-02-18T13:00:00Z,375263392,433400939,1031737762003,7037902258114,102157614376334,95656395650150,184175644265,679229874338,0,6006164496111,6006164496111,0,1031737.762003,7037902.258114,102157614.376334,95656395.65015,184175.644265,679229.874338,0,6006164.496111
v1.0,market,0x33e0c8ab132390822b07e5dc95033cf250c963153320b7ffca73220664da2ea0,1,0x33e0c8ab132390822b07e5dc95033cf250c963153320b7ffca73220664da2ea0,full_scope_other,USDC,0xaf88d065e77c8cc2239327c5edb3a432268e5831,post_180,2026-02-18T13:00:00Z,2026-08-17T13:00:00Z,433400939,495489315,7037902258114,1166255043355,76464185753328,82198343475627,140406213089,277895705549,0,-5871647214759,-5871647214759,0,7037902.258114,1166255.043355,76464185.753328,82198343.475627,140406.213089,277895.705549,0,-5871647.214759
v1.0,market,0x06a5954e8222a1f4719934d370ac558b657c6a5321d6cae615127b6596d10d32,1,0x06a5954e8222a1f4719934d370ac558b657c6a5321d6cae615127b6596d10d32,full_scope_other,USDC,0xaf88d065e77c8cc2239327c5edb3a432268e5831,baseline,2025-07-09T13:00:00Z,2025-09-03T13:00:00Z,355887376,375263392,0,25000,25000,0,0,0,0,25000,25000,0,0,0.025,0.025,0,0,0,0,0.025
v1.0,market,0x06a5954e8222a1f4719934d370ac558b657c6a5321d6cae615127b6596d10d32,1,0x06a5954e8222a1f4719934d370ac558b657c6a5321d6cae615127b6596d10d32,full_scope_other,USDC,0xaf88d065e77c8cc2239327c5edb3a432268e5831,incentive,2025-09-03T13:00:00Z,2026-02-18T13:00:00Z,375263392,433400939,25000,1660767921,280881115314,278349216586,745421841,1616577648,0,1660742921,1660742921,0,0.025,1660.767921,280881.115314,278349.216586,745.421841,1616.577648,0,1660.742921
v1.0,market,0x06a5954e8222a1f4719934d370ac558b657c6a5321d6cae615127b6596d10d32,1,0x06a5954e8222a1f4719934d370ac558b657c6a5321d6cae615127b6596d10d32,full_scope_other,USDC,0xaf88d065e77c8cc2239327c5edb3a432268e5831,post_180,2026-02-18T13:00:00Z,2026-08-17T13:00:00Z,433400939,495489315,1660767921,1907649814,142576769,0,1866404601,1762099477,0,246881893,246881893,0,1660.767921,1907.649814,142.576769,0,1866.404601,1762.099477,0,246.881893
v1.0,market,0x582c92d5ea0ab48eba3a1ee88c8884e34f7fc61c57fb821f3f6d9e474574c6e3,1,0x582c92d5ea0ab48eba3a1ee88c8884e34f7fc61c57fb821f3f6d9e474574c6e3,full_scope_other,USDC,0xaf88d065e77c8cc2239327c5edb3a432268e5831,baseline,2025-07-09T13:00:00Z,2025-09-03T13:00:00Z,355887376,375263392,0,0,0,0,0,0,0,0,0,0,0,0,0,0,0,0,0,0
v1.0,market,0x582c92d5ea0ab48eba3a1ee88c8884e34f7fc61c57fb821f3f6d9e474574c6e3,1,0x582c92d5ea0ab48eba3a1ee88c8884e34f7fc61c57fb821f3f6d9e474574c6e3,full_scope_other,USDC,0xaf88d065e77c8cc2239327c5edb3a432268e5831,incentive,2025-09-03T13:00:00Z,2026-02-18T13:00:00Z,375263392,433400939,0,369226861,4012128900096,4018441669587,6681996352,0,0,369226861,369226861,0,0,369.226861,4012128.900096,4018441.669587,6681.996352,0,0,369.226861
v1.0,market,0x582c92d5ea0ab48eba3a1ee88c8884e34f7fc61c57fb821f3f6d9e474574c6e3,1,0x582c92d5ea0ab48eba3a1ee88c8884e34f7fc61c57fb821f3f6d9e474574c6e3,full_scope_other,USDC,0xaf88d065e77c8cc2239327c5edb3a432268e5831,post_180,2026-02-18T13:00:00Z,2026-08-17T13:00:00Z,433400939,495489315,369226861,7043778,361551550,724092791,358158,0,0,-362183083,-362183083,0,369.226861,7.043778,361.55155,724.092791,0.358158,0,0,-362.183083
v1.0,market,0x9e90aec7d768403dacc9dd0d8320307fda3f980eed4df43e3e52168a1c667709,1,0x9e90aec7d768403dacc9dd0d8320307fda3f980eed4df43e3e52168a1c667709,full_scope_other,USDC,0xaf88d065e77c8cc2239327c5edb3a432268e5831,baseline,2025-07-09T13:00:00Z,2025-09-03T13:00:00Z,355887376,375263392,0,0,0,0,0,0,0,0,0,0,0,0,0,0,0,0,0,0
v1.0,market,0x9e90aec7d768403dacc9dd0d8320307fda3f980eed4df43e3e52168a1c667709,1,0x9e90aec7d768403dacc9dd0d8320307fda3f980eed4df43e3e52168a1c667709,full_scope_other,USDC,0xaf88d065e77c8cc2239327c5edb3a432268e5831,incentive,2025-09-03T13:00:00Z,2026-02-18T13:00:00Z,375263392,433400939,0,2567774995100,29842703096205,29355347305898,2080419204793,0,0,2567774995100,2567774995100,0,0,2567774.9951,29842703.096205,29355347.305898,2080419.204793,0,0,2567774.9951
v1.0,market,0x9e90aec7d768403dacc9dd0d8320307fda3f980eed4df43e3e52168a1c667709,1,0x9e90aec7d768403dacc9dd0d8320307fda3f980eed4df43e3e52168a1c667709,full_scope_other,USDC,0xaf88d065e77c8cc2239327c5edb3a432268e5831,post_180,2026-02-18T13:00:00Z,2026-08-17T13:00:00Z,433400939,495489315,2567774995100,2567774995100,0,0,0,0,0,0,0,0,2567774.9951,2567774.9951,0,0,0,0,0,0
v1.0,exact_loan_asset_group,0xaf88d065e77c8cc2239327c5edb3a432268e5831,32,,,USDC,0xaf88d065e77c8cc2239327c5edb3a432268e5831,baseline,2025-07-09T13:00:00Z,2025-09-03T13:00:00Z,355887376,375263392,0,1032980059275,2295708429344,1262862323304,221094872,87141637,0,1032980059275,1032980059275,0,0,1032980.059275,2295708.429344,1262862.323304,221.094872,87.141637,0,1032980.059275
v1.0,exact_loan_asset_group,0xaf88d065e77c8cc2239327c5edb3a432268e5831,32,,,USDC,0xaf88d065e77c8cc2239327c5edb3a432268e5831,incentive,2025-09-03T13:00:00Z,2026-02-18T13:00:00Z,375263392,433400939,1032980059275,70647245378463,977383366082652,911427057613082,5196370866791,1538414011108,6065,69614265319188,69614265319188,0,1032980.059275,70647245.378463,977383366.082652,911427057.613082,5196370.866791,1538414.011108,0.006065,69614265.319188
v1.0,exact_loan_asset_group,0xaf88d065e77c8cc2239327c5edb3a432268e5831,32,,,USDC,0xaf88d065e77c8cc2239327c5edb3a432268e5831,post_180,2026-02-18T13:00:00Z,2026-08-17T13:00:00Z,433400939,495489315,70647245378463,5645592527445,376553336763156,441124557823206,448110239868,878542022973,7863,-65001652851018,-65001652851018,0,70647245.378463,5645592.527445,376553336.763156,441124557.823206,448110.239868,878542.022973,0.007863,-65001652.851018
v1.0,exact_loan_asset_group,0xfd086bc7cd5c481dcc9c85ebe478a1c0b69fcbb9,13,,,USD₮0,0xfd086bc7cd5c481dcc9c85ebe478a1c0b69fcbb9,baseline,2025-07-09T13:00:00Z,2025-09-03T13:00:00Z,355887376,375263392,0,68230032,133482860,65322179,69351,0,0,68230032,68230032,0,0,68.230032,133.48286,65.322179,0.069351,0,0,68.230032
v1.0,exact_loan_asset_group,0xfd086bc7cd5c481dcc9c85ebe478a1c0b69fcbb9,13,,,USD₮0,0xfd086bc7cd5c481dcc9c85ebe478a1c0b69fcbb9,incentive,2025-09-03T13:00:00Z,2026-02-18T13:00:00Z,375263392,433400939,68230032,36750499253479,127399436927732,90728453964763,227055877644,147607816838,328,36750431023447,36750431023447,0,68.230032,36750499.253479,127399436.927732,90728453.964763,227055.877644,147607.816838,0.000328,36750431.023447
v1.0,exact_loan_asset_group,0xfd086bc7cd5c481dcc9c85ebe478a1c0b69fcbb9,13,,,USD₮0,0xfd086bc7cd5c481dcc9c85ebe478a1c0b69fcbb9,post_180,2026-02-18T13:00:00Z,2026-08-17T13:00:00Z,433400939,495489315,36750499253479,4135334073899,101079671173853,133971161209983,304916224849,28591368299,0,-32615165179580,-32615165179580,0,36750499.253479,4135334.073899,101079671.173853,133971161.209983,304916.224849,28591.368299,0,-32615165.17958
