"range_id","from_block","to_block","block_count","log_count","attempts","elapsed_ms","response_bytes","next_span"
"1","433213243","433233242","20000","270","1","569","199408","20000"
"2","433233243","433253242","20000","146","1","486","108215","40000"
"3","433253243","433293242","40000","499","1","647","368417","40000"
"4","433293243","433333242","40000","532","1","606","393053","40000"
"5","433333243","433373242","40000","750","1","810","554010","40000"
"6","433373243","433413242","40000","900","1","983","666031","40000"
"7","433413243","433453242","40000","995","1","1074","739755","40000"
"8","433453243","433493242","40000","776","1","760","573201","40000"
"9","433493243","433533242","40000","945","2","972","699256","40000"
"10","433533243","433559874","26632","545","1","630","402534","40000"
