archetype,market_id,day_ordinal,day_utc,day_start_utc,day_end_exclusive_utc,day_start_block,day_end_block_exclusive,status,opening_event_sequence,closing_event_sequence,opening_total_supply_assets,opening_total_supply_shares,opening_total_borrow_assets,opening_total_borrow_shares,opening_total_collateral_assets,closing_total_supply_assets,closing_total_supply_shares,closing_total_borrow_assets,closing_total_borrow_shares,closing_total_collateral_assets,total_event_count,supply_event_count,withdraw_event_count,borrow_event_count,repay_event_count,supply_collateral_event_count,withdraw_collateral_event_count,liquidate_event_count,accrue_interest_event_count,supply_assets_in,supply_shares_minted,withdraw_assets_out,withdraw_shares_burned,borrow_assets_out,borrow_shares_minted,repay_assets_in,repay_shares_burned,collateral_assets_in,collateral_assets_withdrawn,accrued_interest_assets,accrued_fee_shares,liquidation_repaid_assets,liquidation_repaid_shares,liquidation_seized_collateral_assets,liquidation_bad_debt_assets,liquidation_bad_debt_shares,first_event_block,last_event_block
accepted_drip_market,0x06a5954e8222a1f4719934d370ac558b657c6a5321d6cae615127b6596d10d32,0,2025-07-09,2025-07-09T13:00:00Z,2025-07-10T00:00:00Z,355887376,356045737,inactive_pre_first_scoped_event,0,0,0,0,0,0,0,0,0,0,0,0,0,0,0,0,0,0,0,0,0,0,0,0,0,0,0,0,0,0,0,0,0,0,0,0,0,0,,
accepted_drip_market,0x06a5954e8222a1f4719934d370ac558b657c6a5321d6cae615127b6596d10d32,50,2025-08-28,2025-08-28T00:00:00Z,2025-08-29T00:00:00Z,372999830,373346016,inactive_pre_first_scoped_event,0,0,0,0,0,0,0,0,0,0,0,0,0,0,0,0,0,0,0,0,0,0,0,0,0,0,0,0,0,0,0,0,0,0,0,0,0,0,,
accepted_drip_market,0x06a5954e8222a1f4719934d370ac558b657c6a5321d6cae615127b6596d10d32,51,2025-08-29,2025-08-29T00:00:00Z,2025-08-30T00:00:00Z,373346016,373692235,active,0,5,0,0,0,0,0,25000,25000000000,25000,25000000000,500000000000000000,5,1,0,1,0,1,0,0,2,25000,25000000000,0,0,25000,25000000000,0,0,500000000000000000,0,0,0,0,0,0,0,0,373554045,373554102
accepted_drip_market,0x06a5954e8222a1f4719934d370ac558b657c6a5321d6cae615127b6596d10d32,202,2026-01-27,2026-01-27T00:00:00Z,2026-01-28T00:00:00Z,425581371,425927717,active,7073,7203,1649038194,1605152906876402,1649038194,1600028218042807,1688172972756339855617,1749362703,1702501804654099,1649362703,1600028218042807,1688172972756339855617,130,25,38,0,0,0,0,0,67,224943025077,218927998733147746,224843025077,218830649835370049,0,0,0,0,0,0,324509,0,0,0,0,0,0,425600737,425922478
accepted_drip_market,0x06a5954e8222a1f4719934d370ac558b657c6a5321d6cae615127b6596d10d32,404,2026-08-17,2026-08-17T00:00:00Z,2026-08-18T00:00:00Z,495303648,495647034,active,8016,8016,1907649814,113093429827499,1907649814,112333896005397,239019713904406731513,1907649814,113093429827499,1907649814,112333896005397,239019713904406731513,0,0,0,0,0,0,0,0,0,0,0,0,0,0,0,0,0,0,0,0,0,0,0,0,0,0,,
accepted_drip_market,0x090ff0cd57a258b342c870691a180bb79691e97b31ddda2b7cdd4b5a362c3cca,0,2025-07-09,2025-07-09T13:00:00Z,2025-07-10T00:00:00Z,355887376,356045737,inactive_pre_first_scoped_event,0,0,0,0,0,0,0,0,0,0,0,0,0,0,0,0,0,0,0,0,0,0,0,0,0,0,0,0,0,0,0,0,0,0,0,0,0,0,,
accepted_drip_market,0x090ff0cd57a258b342c870691a180bb79691e97b31ddda2b7cdd4b5a362c3cca,160,2025-12-16,2025-12-16T00:00:00Z,2025-12-17T00:00:00Z,411058751,411405053,inactive_pre_first_scoped_event,0,0,0,0,0,0,0,0,0,0,0,0,0,0,0,0,0,0,0,0,0,0,0,0,0,0,0,0,0,0,0,0,0,0,0,0,0,0,,
accepted_drip_market,0x090ff0cd57a258b342c870691a180bb79691e97b31ddda2b7cdd4b5a362c3cca,161,2025-12-17,2025-12-17T00:00:00Z,2025-12-18T00:00:00Z,411405053,411751136,active,0,7,0,0,0,0,0,1001000,1001000000000,1000000,1000000000000,4058755628328478720,7,2,0,1,0,1,0,0,3,1001000,1001000000000,0,0,1000000,1000000000000,0,0,4058755628328478720,0,0,0,0,0,0,0,0,411559236,411559247
accepted_drip_market,0x090ff0cd57a258b342c870691a180bb79691e97b31ddda2b7cdd4b5a362c3cca,202,2026-01-27,2026-01-27T00:00:00Z,2026-01-28T00:00:00Z,425581371,425927717,active,23188,24114,28012832011322,27888844947976115409,22364962726359,22249870642446252364,25887224985719646704505064,28655243217070,28526748781077733476,22944660491282,22824933897464566234,26732187574468921359505440,926,305,128,16,6,15,3,0,453,7475911418544,7442613038829457569,6835141815186,6804709205727839502,998328913749,993157256860027972,420272751216,418094001841714102,1307555990039286862884263,462593401290012207883887,1641602390,0,0,0,0,0,0,425581676,425927305
accepted_drip_market,0x090ff0cd57a258b342c870691a180bb79691e97b31ddda2b7cdd4b5a362c3cca,404,2026-08-17,2026-08-17T00:00:00Z,2026-08-18T00:00:00Z,495303648,495647034,active,44755,44755,12262704,11689615128410,12262704,11638053240614,19926157407733831632,12262704,11689615128410,12262704,11638053240614,19926157407733831632,0,0,0,0,0,0,0,0,0,0,0,0,0,0,0,0,0,0,0,0,0,0,0,0,0,0,,
accepted_drip_market,0x11d3bca0d1a9af8bf2982ef802f2971cf86043df1b31a044cacb35a8048156c6,0,2025-07-09,2025-07-09T13:00:00Z,2025-07-10T00:00:00Z,355887376,356045737,inactive_pre_first_scoped_event,0,0,0,0,0,0,0,0,0,0,0,0,0,0,0,0,0,0,0,0,0,0,0,0,0,0,0,0,0,0,0,0,0,0,0,0,0,0,,
accepted_drip_market,0x11d3bca0d1a9af8bf2982ef802f2971cf86043df1b31a044cacb35a8048156c6,179,2026-01-04,2026-01-04T00:00:00Z,2026-01-05T00:00:00Z,417630985,417976670,inactive_pre_first_scoped_event,0,0,0,0,0,0,0,0,0,0,0,0,0,0,0,0,0,0,0,0,0,0,0,0,0,0,0,0,0,0,0,0,0,0,0,0,0,0,,
accepted_drip_market,0x11d3bca0d1a9af8bf2982ef802f2971cf86043df1b31a044cacb35a8048156c6,180,2026-01-05,2026-01-05T00:00:00Z,2026-01-06T00:00:00Z,417976670,418322870,active,0,7,0,0,0,0,0,1001000,1001000000000,1000000,1000000000000,3810401857668561920,7,2,0,1,0,1,0,0,3,1001000,1001000000000,0,0,1000000,1000000000000,0,0,3810401857668561920,0,0,0,0,0,0,0,0,418109572,418109591
accepted_drip_market,0x11d3bca0d1a9af8bf2982ef802f2971cf86043df1b31a044cacb35a8048156c6,202,2026-01-27,2026-01-27T00:00:00Z,2026-01-28T00:00:00Z,425581371,425927717,active,547,621,1271162442138,1266131422079222065,1163298910844,1158216298159025943,1243044984328959324123046,2379457653405,2369825725153142687,2175834284808,2166110774634007548,2294510643755067149358295,74,16,8,13,0,13,0,0,24,1225360129958,1220468290432774032,117245908505,116773987358853410,1012354384150,1007894476474981605,0,0,1051465659426107825235249,0,180989814,0,0,0,0,0,0,425582329,425914401
accepted_drip_market,0x11d3bca0d1a9af8bf2982ef802f2971cf86043df1b31a044cacb35a8048156c6,404,2026-08-17,2026-08-17T00:00:00Z,2026-08-18T00:00:00Z,495303648,495647034,active,7220,7259,1610332,1041352049795,2696,1719359673,109721638701193555,1610332,1041352049795,2696,1719359673,109721638701193555,39,0,0,0,0,0,0,0,39,0,0,0,0,0,0,0,0,0,0,0,0,0,0,0,0,0,495308748,495643005
accepted_drip_market,0x14982da64b67967ef3a70c2f3b7d05518f7dd4ba98d850c40c46618c75059a64,0,2025-07-09,2025-07-09T13:00:00Z,2025-07-10T00:00:00Z,355887376,356045737,inactive_pre_first_scoped_event,0,0,0,0,0,0,0,0,0,0,0,0,0,0,0,0,0,0,0,0,0,0,0,0,0,0,0,0,0,0,0,0,0,0,0,0,0,0,,
accepted_drip_market,0x14982da64b67967ef3a70c2f3b7d05518f7dd4ba98d850c40c46618c75059a64,90,2025-10-07,2025-10-07T00:00:00Z,2025-10-08T00:00:00Z,386837514,387184021,inactive_pre_first_scoped_event,0,0,0,0,0,0,0,0,0,0,0,0,0,0,0,0,0,0,0,0,0,0,0,0,0,0,0,0,0,0,0,0,0,0,0,0,0,0,,
accepted_drip_market,0x14982da64b67967ef3a70c2f3b7d05518f7dd4ba98d850c40c46618c75059a64,91,2025-10-08,2025-10-08T00:00:00Z,2025-10-09T00:00:00Z,387184021,387530359,active,0,5,0,0,0,0,0,790000,790000000000,650000,650000000000,550000000000000000,5,1,0,1,0,1,0,0,2,790000,790000000000,0,0,650000,650000000000,0,0,550000000000000000,0,0,0,0,0,0,0,0,387326843,387327065
accepted_drip_market,0x14982da64b67967ef3a70c2f3b7d05518f7dd4ba98d850c40c46618c75059a64,202,2026-01-27,2026-01-27T00:00:00Z,2026-01-28T00:00:00Z,425581371,425927717,active,4497,4517,693404607841,684460557860887605,624028409448,614794312490383448,797751730371859066106080,680491434451,671622651339334520,624122565838,614794312490383448,797751730371859066106080,20,5,5,0,0,0,0,0,10,41014269216,40480926697572517,54021598996,53318833219125602,0,0,0,0,0,0,94156390,0,0,0,0,0,0,425786838,425916691
accepted_drip_market,0x14982da64b67967ef3a70c2f3b7d05518f7dd4ba98d850c40c46618c75059a64,404,2026-08-17,2026-08-17T00:00:00Z,2026-08-18T00:00:00Z,495303648,495647034,active,9873,9873,21541648545,20066584530346599,18538828390,17092054301358776,28948623726511810148792,21541648545,20066584530346599,18538828390,17092054301358776,28948623726511810148792,0,0,0,0,0,0,0,0,0,0,0,0,0,0,0,0,0,0,0,0,0,0,0,0,0,0,,
accepted_drip_market,0x1a926ab8add08dca634f8d6cecd8c866e166a4affc65801beda9f239d21b622a,0,2025-07-09,2025-07-09T13:00:00Z,2025-07-10T00:00:00Z,355887376,356045737,inactive_pre_first_scoped_event,0,0,0,0,0,0,0,0,0,0,0,0,0,0,0,0,0,0,0,0,0,0,0,0,0,0,0,0,0,0,0,0,0,0,0,0,0,0,,
accepted_drip_market,0x1a926ab8add08dca634f8d6cecd8c866e166a4affc65801beda9f239d21b622a,54,2025-09-01,2025-09-01T00:00:00Z,2025-09-02T00:00:00Z,374383983,374730012,inactive_pre_first_scoped_event,0,0,0,0,0,0,0,0,0,0,0,0,0,0,0,0,0,0,0,0,0,0,0,0,0,0,0,0,0,0,0,0,0,0,0,0,0,0,,
accepted_drip_market,0x1a926ab8add08dca634f8d6cecd8c866e166a4affc65801beda9f239d21b622a,55,2025-09-02,2025-09-02T00:00:00Z,2025-09-03T00:00:00Z,374730012,375075967,active,0,15,0,0,0,0,0,1958414,1958412041586,1000001,1000000000000,2000000000000000000,15,2,4,1,0,1,0,0,7,2488273536,2488271048731438,2486315123,2486312636689852,1000000,1000000000000,0,0,2000000000000000000,0,1,0,0,0,0,0,0,374972521,375069646
accepted_drip_market,0x1a926ab8add08dca634f8d6cecd8c866e166a4affc65801beda9f239d21b622a,202,2026-01-27,2026-01-27T00:00:00Z,2026-01-28T00:00:00Z,425581371,425927717,active,13507,13526,159951830753,156736567246141807,144340729821,141079545271761766,147776116649400266701895,157585923086,154399698805679532,144459904037,141177276324145613,147863220997696124634400,19,4,4,1,0,1,0,0,9,7938265261,7777997325403103,10323347144,10114865765865378,100000000,97731052383847,0,0,87104348295857932505,0,19174216,0,0,0,0,0,0,425786838,425916691
accepted_drip_market,0x1a926ab8add08dca634f8d6cecd8c866e166a4affc65801beda9f239d21b622a,404,2026-08-17,2026-08-17T00:00:00Z,2026-08-18T00:00:00Z,495303648,495647034,active,20533,20533,11775967095,10886932023322276,10019832881,9162205582352351,12249690678194015252073,11775967095,10886932023322276,10019832881,9162205582352351,12249690678194015252073,0,0,0,0,0,0,0,0,0,0,0,0,0,0,0,0,0,0,0,0,0,0,0,0,0,0,,
accepted_drip_market,0x1d094624063756fc61aaf061c7da056aebe3b3ad0ae0395b22e00db6c074de7c,0,2025-07-09,2025-07-09T13:00:00Z,2025-07-10T00:00:00Z,355887376,356045737,inactive_pre_first_scoped_event,0,0,0,0,0,0,0,0,0,0,0,0,0,0,0,0,0,0,0,0,0,0,0,0,0,0,0,0,0,0,0,0,0,0,0,0,0,0,,
accepted_drip_market,0x1d094624063756fc61aaf061c7da056aebe3b3ad0ae0395b22e00db6c074de7c,183,2026-01-08,2026-01-08T00:00:00Z,2026-01-09T00:00:00Z,419015258,419361458,inactive_pre_first_scoped_event,0,0,0,0,0,0,0,0,0,0,0,0,0,0,0,0,0,0,0,0,0,0,0,0,0,0,0,0,0,0,0,0,0,0,0,0,0,0,,
accepted_drip_market,0x1d094624063756fc61aaf061c7da056aebe3b3ad0ae0395b22e00db6c074de7c,184,2026-01-09,2026-01-09T00:00:00Z,2026-01-10T00:00:00Z,419361458,419707335,active,0,7,0,0,0,0,0,1001000,1001000000000,1000000,1000000000000,891,7,2,0,1,0,1,0,0,3,1001000,1001000000000,0,0,1000000,1000000000000,0,0,891,0,0,0,0,0,0,0,0,419628131,419628149
accepted_drip_market,0x1d094624063756fc61aaf061c7da056aebe3b3ad0ae0395b22e00db6c074de7c,202,2026-01-27,2026-01-27T00:00:00Z,2026-01-28T00:00:00Z,425581371,425927717,active,85,87,1624421,1618832276975,1003913,1000000000000,891,1535097,1529723303682,1004011,1000000000000,891,2,0,1,0,0,0,0,0,1,0,0,89422,89108973293,0,0,0,0,0,0,98,0,0,0,0,0,0,425755451,425755451
accepted_drip_market,0x1d094624063756fc61aaf061c7da056aebe3b3ad0ae0395b22e00db6c074de7c,404,2026-08-17,2026-08-17T00:00:00Z,2026-08-18T00:00:00Z,495303648,495647034,active,2352,2358,16875946548,16540252433499893,14062279738,13741244571591504,8090007,16878733647,16540252433499893,14055054209,13731462465722316,8085816,6,0,0,0,2,0,2,0,2,0,0,0,0,0,0,10012628,9782105869188,0,4191,2787099,0,0,0,0,0,0,495355678,495356473
accepted_drip_market,0x209fa1520640f664f59f7c1f955d52e8b81ead826edf439b48254d21d24b97a9,0,2025-07-09,2025-07-09T13:00:00Z,2025-07-10T00:00:00Z,355887376,356045737,inactive_pre_first_scoped_event,0,0,0,0,0,0,0,0,0,0,0,0,0,0,0,0,0,0,0,0,0,0,0,0,0,0,0,0,0,0,0,0,0,0,0,0,0,0,,
accepted_drip_market,0x209fa1520640f664f59f7c1f955d52e8b81ead826edf439b48254d21d24b97a9,34,2025-08-12,2025-08-12T00:00:00Z,2025-08-13T00:00:00Z,367462279,367808426,inactive_pre_first_scoped_event,0,0,0,0,0,0,0,0,0,0,0,0,0,0,0,0,0,0,0,0,0,0,0,0,0,0,0,0,0,0,0,0,0,0,0,0,0,0,,
accepted_drip_market,0x209fa1520640f664f59f7c1f955d52e8b81ead826edf439b48254d21d24b97a9,35,2025-08-13,2025-08-13T00:00:00Z,2025-08-14T00:00:00Z,367808426,368154693,active,0,5,0,0,0,0,0,1000000,1000000000000,1000000,1000000000000,697659005208024,5,1,0,1,0,1,0,0,2,1000000,1000000000000,0,0,1000000,1000000000000,0,0,697659005208024,0,0,0,0,0,0,0,0,368089252,368089262
accepted_drip_market,0x209fa1520640f664f59f7c1f955d52e8b81ead826edf439b48254d21d24b97a9,202,2026-01-27,2026-01-27T00:00:00Z,2026-01-28T00:00:00Z,425581371,425927717,active,805,814,608373893127,582134428021741517,528659776389,503825296340435706,245436020749874883044,589799302933,564328048358908765,531194921692,506207546763030281,247068657730672784445,9,1,1,1,1,1,0,0,4,17714405,16949957425856,18627649902,17823329620258608,2500000000,2382441014607446,200000,190592012871,1632636980797901401,0,35345303,0,0,0,0,0,0,425611122,425795734
accepted_drip_market,0x209fa1520640f664f59f7c1f955d52e8b81ead826edf439b48254d21d24b97a9,404,2026-08-17,2026-08-17T00:00:00Z,2026-08-18T00:00:00Z,495303648,495647034,active,3053,3053,752084012250,707632300844512296,637121934864,595673615655400770,458137688797398720905,752084012250,707632300844512296,637121934864,595673615655400770,458137688797398720905,0,0,0,0,0,0,0,0,0,0,0,0,0,0,0,0,0,0,0,0,0,0,0,0,0,0,,
accepted_drip_market,0x30c505b1ce479157e1035bdc5de3d4c811cf3e427c31db0b81b5c27a09054e97,0,2025-07-09,2025-07-09T13:00:00Z,2025-07-10T00:00:00Z,355887376,356045737,inactive_pre_first_scoped_event,0,0,0,0,0,0,0,0,0,0,0,0,0,0,0,0,0,0,0,0,0,0,0,0,0,0,0,0,0,0,0,0,0,0,0,0,0,0,,
accepted_drip_market,0x30c505b1ce479157e1035bdc5de3d4c811cf3e427c31db0b81b5c27a09054e97,64,2025-09-11,2025-09-11T00:00:00Z,2025-09-12T00:00:00Z,377843094,378188849,inactive_pre_first_scoped_event,0,0,0,0,0,0,0,0,0,0,0,0,0,0,0,0,0,0,0,0,0,0,0,0,0,0,0,0,0,0,0,0,0,0,0,0,0,0,,
accepted_drip_market,0x30c505b1ce479157e1035bdc5de3d4c811cf3e427c31db0b81b5c27a09054e97,65,2025-09-12,2025-09-12T00:00:00Z,2025-09-13T00:00:00Z,378188849,378534625,active,0,5,0,0,0,0,0,25000,25000000000,25000,25000000000,500000,5,1,0,1,0,1,0,0,2,25000,25000000000,0,0,25000,25000000000,0,0,500000,0,0,0,0,0,0,0,0,378310164,378310210
accepted_drip_market,0x30c505b1ce479157e1035bdc5de3d4c811cf3e427c31db0b81b5c27a09054e97,202,2026-01-27,2026-01-27T00:00:00Z,2026-01-28T00:00:00Z,425581371,425927717,active,13924,13925,14335174589,13881771025863641,12040809891,11619986438024310,16086807080,14366444412,13881771025863641,12072079714,11619986438024310,16086807080,1,0,0,0,0,0,0,0,1,0,0,0,0,0,0,0,0,0,0,31269823,0,0,0,0,0,0,425589384,425589384
accepted_drip_market,0x30c505b1ce479157e1035bdc5de3d4c811cf3e427c31db0b81b5c27a09054e97,404,2026-08-17,2026-08-17T00:00:00Z,2026-08-18T00:00:00Z,495303648,495647034,active,14055,14055,13002662,12015775255306,13002662,11873010665464,15294474,13002662,12015775255306,13002662,11873010665464,15294474,0,0,0,0,0,0,0,0,0,0,0,0,0,0,0,0,0,0,0,0,0,0,0,0,0,0,,
accepted_drip_market,0x33e0c8ab132390822b07e5dc95033cf250c963153320b7ffca73220664da2ea0,0,2025-07-09,2025-07-09T13:00:00Z,2025-07-10T00:00:00Z,355887376,356045737,inactive_pre_first_scoped_event,0,0,0,0,0,0,0,0,0,0,0,0,0,0,0,0,0,0,0,0,0,0,0,0,0,0,0,0,0,0,0,0,0,0,0,0,0,0,,
accepted_drip_market,0x33e0c8ab132390822b07e5dc95033cf250c963153320b7ffca73220664da2ea0,8,2025-07-17,2025-07-17T00:00:00Z,2025-07-18T00:00:00Z,358466906,358813157,inactive_pre_first_scoped_event,0,0,0,0,0,0,0,0,0,0,0,0,0,0,0,0,0,0,0,0,0,0,0,0,0,0,0,0,0,0,0,0,0,0,0,0,0,0,,
accepted_drip_market,0x33e0c8ab132390822b07e5dc95033cf250c963153320b7ffca73220664da2ea0,9,2025-07-18,2025-07-18T00:00:00Z,2025-07-19T00:00:00Z,358813157,359159396,active,0,10,0,0,0,0,0,2000063,1999937004031,2000063,1999937004032,1724084174827485,10,2,0,2,0,2,0,0,4,2000000,1999937004031,0,0,2000000,1999937004032,0,0,1724084174827485,0,63,0,0,0,0,0,0,358881421,358940820
accepted_drip_market,0x33e0c8ab132390822b07e5dc95033cf250c963153320b7ffca73220664da2ea0,202,2026-01-27,2026-01-27T00:00:00Z,2026-01-28T00:00:00Z,425581371,425927717,active,60368,60746,17923875870550,17626460868920947986,15591910188924,15295939988673721349,6660277741654475493705,17251058136492,16963115867031203103,15829860256409,15527654546910816653,6658893948371925691665,378,86,75,16,10,2,2,0,187,7438764643020,7314971515276881556,8113311789497,7978316517166626439,596840500000,585469639683541315,360619844934,353755081446446011,89706717450197960,1473500000000000000,1729412419,0,0,0,0,0,0,425581940,425924128
accepted_drip_market,0x33e0c8ab132390822b07e5dc95033cf250c963153320b7ffca73220664da2ea0,404,2026-08-17,2026-08-17T00:00:00Z,2026-08-18T00:00:00Z,495303648,495647034,active,197745,198920,1271842382772,1227786826796500545,1171191489060,1124940095642039218,1057662574366275330287,1586726518229,1531586079026639410,1166321122536,1120117770205410576,1057699874611518053402,1175,278,391,2,1,3,0,0,500,9824610582372,9483837388983168073,9509877040133,9180038136753029208,500023807,480272011199090,5520983549,5302597447827732,37300245242723115,0,150593218,0,0,0,0,0,0,495304336,495640777
accepted_drip_market,0x52f4d5038749565658a51f43d214e811c328c00c8b58c544accfb8924e8be8f8,0,2025-07-09,2025-07-09T13:00:00Z,2025-07-10T00:00:00Z,355887376,356045737,inactive_pre_first_scoped_event,0,0,0,0,0,0,0,0,0,0,0,0,0,0,0,0,0,0,0,0,0,0,0,0,0,0,0,0,0,0,0,0,0,0,0,0,0,0,,
accepted_drip_market,0x52f4d5038749565658a51f43d214e811c328c00c8b58c544accfb8924e8be8f8,58,2025-09-05,2025-09-05T00:00:00Z,2025-09-06T00:00:00Z,375767966,376113943,inactive_pre_first_scoped_event,0,0,0,0,0,0,0,0,0,0,0,0,0,0,0,0,0,0,0,0,0,0,0,0,0,0,0,0,0,0,0,0,0,0,0,0,0,0,,
accepted_drip_market,0x52f4d5038749565658a51f43d214e811c328c00c8b58c544accfb8924e8be8f8,59,2025-09-06,2025-09-06T00:00:00Z,2025-09-07T00:00:00Z,376113943,376459500,active,0,1,0,0,0,0,0,0,0,0,0,99993115605436190256830,1,0,0,0,0,1,0,0,0,0,0,0,0,0,0,0,0,99993115605436190256830,0,0,0,0,0,0,0,0,376133082,376133082
accepted_drip_market,0x52f4d5038749565658a51f43d214e811c328c00c8b58c544accfb8924e8be8f8,202,2026-01-27,2026-01-27T00:00:00Z,2026-01-28T00:00:00Z,425581371,425927717,active,6,6,1000,1000000000,0,0,102843420796956970468,1000,1000000000,0,0,102843420796956970468,0,0,0,0,0,0,0,0,0,0,0,0,0,0,0,0,0,0,0,0,0,0,0,0,0,0,,
accepted_drip_market,0x52f4d5038749565658a51f43d214e811c328c00c8b58c544accfb8924e8be8f8,404,2026-08-17,2026-08-17T00:00:00Z,2026-08-18T00:00:00Z,495303648,495647034,active,6,6,1000,1000000000,0,0,102843420796956970468,1000,1000000000,0,0,102843420796956970468,0,0,0,0,0,0,0,0,0,0,0,0,0,0,0,0,0,0,0,0,0,0,0,0,0,0,,
accepted_drip_market,0x551dbcdcceaf9322986e0cddde993d49840522a9532dc441359acd98af8badff,0,2025-07-09,2025-07-09T13:00:00Z,2025-07-10T00:00:00Z,355887376,356045737,inactive_pre_first_scoped_event,0,0,0,0,0,0,0,0,0,0,0,0,0,0,0,0,0,0,0,0,0,0,0,0,0,0,0,0,0,0,0,0,0,0,0,0,0,0,,
accepted_drip_market,0x551dbcdcceaf9322986e0cddde993d49840522a9532dc441359acd98af8badff,49,2025-08-27,2025-08-27T00:00:00Z,2025-08-28T00:00:00Z,372653657,372999830,inactive_pre_first_scoped_event,0,0,0,0,0,0,0,0,0,0,0,0,0,0,0,0,0,0,0,0,0,0,0,0,0,0,0,0,0,0,0,0,0,0,0,0,0,0,,
accepted_drip_market,0x551dbcdcceaf9322986e0cddde993d49840522a9532dc441359acd98af8badff,50,2025-08-28,2025-08-28T00:00:00Z,2025-08-29T00:00:00Z,372999830,373346016,active,0,5,0,0,0,0,0,1995133,1995133000000,25000,25000000000,500000,5,1,0,1,0,1,0,0,2,1995133,1995133000000,0,0,25000,25000000000,0,0,500000,0,0,0,0,0,0,0,0,373117138,373117221
accepted_drip_market,0x551dbcdcceaf9322986e0cddde993d49840522a9532dc441359acd98af8badff,202,2026-01-27,2026-01-27T00:00:00Z,2026-01-28T00:00:00Z,425581371,425927717,active,122722,123992,29456452798098,28557820881399659782,26678612595208,25758935833564735218,31000867384199,29448870708921,28544839434923192917,26654686203992,25730237040865230458,30161211286708,1270,284,384,4,4,0,4,0,590,34429021881264,33374830307699860961,34442402302036,33387811754176327826,300860000000,290442721436314513,330584722811,319141514135819273,0,839656097491,5798331595,0,0,0,0,0,0,425585310,425925373
accepted_drip_market,0x551dbcdcceaf9322986e0cddde993d49840522a9532dc441359acd98af8badff,404,2026-08-17,2026-08-17T00:00:00Z,2026-08-18T00:00:00Z,495303648,495647034,active,184326,184328,17850676541,16314811170939941,15412862606,13909045736871870,24018179694,17356994643,15855683172463388,15421781707,13909045736871870,24018179694,2,0,1,0,0,0,0,0,1,0,0,502600999,459127998476553,0,0,0,0,0,0,8919101,0,0,0,0,0,0,495501561,495501561
late_usdt0,0x571cb3ac535d61d92026c071ef1df4794d0bbbe1755f916ff640746f81b52af4,0,2025-07-09,2025-07-09T13:00:00Z,2025-07-10T00:00:00Z,355887376,356045737,inactive_pre_first_scoped_event,0,0,0,0,0,0,0,0,0,0,0,0,0,0,0,0,0,0,0,0,0,0,0,0,0,0,0,0,0,0,0,0,0,0,0,0,0,0,,
late_usdt0,0x571cb3ac535d61d92026c071ef1df4794d0bbbe1755f916ff640746f81b52af4,166,2025-12-22,2025-12-22T00:00:00Z,2025-12-23T00:00:00Z,413134558,413480920,inactive_pre_first_scoped_event,0,0,0,0,0,0,0,0,0,0,0,0,0,0,0,0,0,0,0,0,0,0,0,0,0,0,0,0,0,0,0,0,0,0,0,0,0,0,,
late_usdt0,0x571cb3ac535d61d92026c071ef1df4794d0bbbe1755f916ff640746f81b52af4,167,2025-12-23,2025-12-23T00:00:00Z,2025-12-24T00:00:00Z,413480920,413827466,active,0,7,0,0,0,0,0,1001000,1001000000000,1000000,1000000000000,3499228,7,2,0,1,0,1,0,0,3,1001000,1001000000000,0,0,1000000,1000000000000,0,0,3499228,0,0,0,0,0,0,0,0,413594451,413594527
late_usdt0,0x571cb3ac535d61d92026c071ef1df4794d0bbbe1755f916ff640746f81b52af4,202,2026-01-27,2026-01-27T00:00:00Z,2026-01-28T00:00:00Z,425581371,425927717,active,1209,1273,17050126470907,16978320668619926670,15345113892002,15271405274938972161,16247153402556,20704320921490,20615536934018857074,17866475034823,17779092587465289611,18711578204771,64,5,0,16,5,10,5,0,23,3652734766544,3637216265398930404,0,0,3278690099810,3262802833199347887,758788641028,755115520673030437,3210147100476,745722298261,1459684039,0,0,0,0,0,0,425648364,425924104
late_usdt0,0x571cb3ac535d61d92026c071ef1df4794d0bbbe1755f916ff640746f81b52af4,404,2026-08-17,2026-08-17T00:00:00Z,2026-08-18T00:00:00Z,495303648,495647034,active,30495,30495,52611953301,51290956641446949,42740965473,41519360320658443,42506854113,52611953301,51290956641446949,42740965473,41519360320658443,42506854113,0,0,0,0,0,0,0,0,0,0,0,0,0,0,0,0,0,0,0,0,0,0,0,0,0,0,,
accepted_drip_market,0x582c92d5ea0ab48eba3a1ee88c8884e34f7fc61c57fb821f3f6d9e474574c6e3,0,2025-07-09,2025-07-09T13:00:00Z,2025-07-10T00:00:00Z,355887376,356045737,inactive_pre_first_scoped_event,0,0,0,0,0,0,0,0,0,0,0,0,0,0,0,0,0,0,0,0,0,0,0,0,0,0,0,0,0,0,0,0,0,0,0,0,0,0,,
accepted_drip_market,0x582c92d5ea0ab48eba3a1ee88c8884e34f7fc61c57fb821f3f6d9e474574c6e3,176,2026-01-01,2026-01-01T00:00:00Z,2026-01-02T00:00:00Z,416593974,416939526,inactive_pre_first_scoped_event,0,0,0,0,0,0,0,0,0,0,0,0,0,0,0,0,0,0,0,0,0,0,0,0,0,0,0,0,0,0,0,0,0,0,0,0,0,0,,
accepted_drip_market,0x582c92d5ea0ab48eba3a1ee88c8884e34f7fc61c57fb821f3f6d9e474574c6e3,177,2026-01-02,2026-01-02T00:00:00Z,2026-01-03T00:00:00Z,416939526,417285393,active,0,7,0,0,0,0,0,1001000,1001000000000,1000000,1000000000000,3550717778175115264,7,2,0,1,0,1,0,0,3,1001000,1001000000000,0,0,1000000,1000000000000,0,0,3550717778175115264,0,0,0,0,0,0,0,0,417161519,417161538
accepted_drip_market,0x582c92d5ea0ab48eba3a1ee88c8884e34f7fc61c57fb821f3f6d9e474574c6e3,202,2026-01-27,2026-01-27T00:00:00Z,2026-01-28T00:00:00Z,425581371,425927717,active,722,747,1735438379465,1728784544164998562,1571162864528,1564270557052825067,1599877890138778175115264,1735714293156,1728894995059102106,1571340309429,1564270557052825067,1599877890138778175115264,25,7,7,0,0,0,0,0,11,212420652095,211603406150551055,212322183305,211492955256447511,0,0,0,0,0,0,177444901,0,0,0,0,0,0,425582329,425914401
accepted_drip_market,0x582c92d5ea0ab48eba3a1ee88c8884e34f7fc61c57fb821f3f6d9e474574c6e3,404,2026-08-17,2026-08-17T00:00:00Z,2026-08-18T00:00:00Z,495303648,495647034,active,2108,2108,8010079,7938185976904,7043778,6971170254647,13550717778175115264,8010079,7938185976904,7043778,6971170254647,13550717778175115264,0,0,0,0,0,0,0,0,0,0,0,0,0,0,0,0,0,0,0,0,0,0,0,0,0,0,,
accepted_drip_market,0x58df3ad9cf719b1ca97365db634a11b770785517f409ecbe85eefdb34803de1f,0,2025-07-09,2025-07-09T13:00:00Z,2025-07-10T00:00:00Z,355887376,356045737,inactive_pre_first_scoped_event,0,0,0,0,0,0,0,0,0,0,0,0,0,0,0,0,0,0,0,0,0,0,0,0,0,0,0,0,0,0,0,0,0,0,0,0,0,0,,
accepted_drip_market,0x58df3ad9cf719b1ca97365db634a11b770785517f409ecbe85eefdb34803de1f,55,2025-09-02,2025-09-02T00:00:00Z,2025-09-03T00:00:00Z,374730012,375075967,inactive_pre_first_scoped_event,0,0,0,0,0,0,0,0,0,0,0,0,0,0,0,0,0,0,0,0,0,0,0,0,0,0,0,0,0,0,0,0,0,0,0,0,0,0,,
accepted_drip_market,0x58df3ad9cf719b1ca97365db634a11b770785517f409ecbe85eefdb34803de1f,56,2025-09-03,2025-09-03T00:00:00Z,2025-09-04T00:00:00Z,375075967,375421942,active,0,2,0,0,0,0,0,1000000,1000000000000,0,0,0,2,1,0,0,0,0,0,0,1,1000000,1000000000000,0,0,0,0,0,0,0,0,0,0,0,0,0,0,0,375309286,375309286
accepted_drip_market,0x58df3ad9cf719b1ca97365db634a11b770785517f409ecbe85eefdb34803de1f,202,2026-01-27,2026-01-27T00:00:00Z,2026-01-28T00:00:00Z,425581371,425927717,active,21814,21814,676911027,662383246209265,676911027,660388385410200,848478152939328537170,676911027,662383246209265,676911027,660388385410200,848478152939328537170,0,0,0,0,0,0,0,0,0,0,0,0,0,0,0,0,0,0,0,0,0,0,0,0,0,0,,
accepted_drip_market,0x58df3ad9cf719b1ca97365db634a11b770785517f409ecbe85eefdb34803de1f,404,2026-08-17,2026-08-17T00:00:00Z,2026-08-18T00:00:00Z,495303648,495647034,active,21926,21926,2141836,1970646736405,51495,47126178965,11193930956397405476,2141836,1970646736405,51495,47126178965,11193930956397405476,0,0,0,0,0,0,0,0,0,0,0,0,0,0,0,0,0,0,0,0,0,0,0,0,0,0,,
accepted_drip_market,0x678b525f162b499b17d8fd71f3129bd3a5a10d4c728e6af02ee7c644ae262d01,0,2025-07-09,2025-07-09T13:00:00Z,2025-07-10T00:00:00Z,355887376,356045737,inactive_pre_first_scoped_event,0,0,0,0,0,0,0,0,0,0,0,0,0,0,0,0,0,0,0,0,0,0,0,0,0,0,0,0,0,0,0,0,0,0,0,0,0,0,,
accepted_drip_market,0x678b525f162b499b17d8fd71f3129bd3a5a10d4c728e6af02ee7c644ae262d01,95,2025-10-12,2025-10-12T00:00:00Z,2025-10-13T00:00:00Z,388569087,388915310,inactive_pre_first_scoped_event,0,0,0,0,0,0,0,0,0,0,0,0,0,0,0,0,0,0,0,0,0,0,0,0,0,0,0,0,0,0,0,0,0,0,0,0,0,0,,
accepted_drip_market,0x678b525f162b499b17d8fd71f3129bd3a5a10d4c728e6af02ee7c644ae262d01,96,2025-10-13,2025-10-13T00:00:00Z,2025-10-14T00:00:00Z,388915310,389261472,active,0,5,0,0,0,0,0,3826867,3826867000000,3444180,3444180000000,3858418068326094639,5,1,0,1,0,1,0,0,2,3826867,3826867000000,0,0,3444180,3444180000000,0,0,3858418068326094639,0,0,0,0,0,0,0,0,389134094,389134142
accepted_drip_market,0x678b525f162b499b17d8fd71f3129bd3a5a10d4c728e6af02ee7c644ae262d01,202,2026-01-27,2026-01-27T00:00:00Z,2026-01-28T00:00:00Z,425581371,425927717,active,17,17,3849701,3827867000000,3466008,3444180000000,3858418068326094639,3849701,3827867000000,3466008,3444180000000,3858418068326094639,0,0,0,0,0,0,0,0,0,0,0,0,0,0,0,0,0,0,0,0,0,0,0,0,0,0,,
accepted_drip_market,0x678b525f162b499b17d8fd71f3129bd3a5a10d4c728e6af02ee7c644ae262d01,404,2026-08-17,2026-08-17T00:00:00Z,2026-08-18T00:00:00Z,495303648,495647034,active,17,17,3849701,3827867000000,3466008,3444180000000,3858418068326094639,3849701,3827867000000,3466008,3444180000000,3858418068326094639,0,0,0,0,0,0,0,0,0,0,0,0,0,0,0,0,0,0,0,0,0,0,0,0,0,0,,
accepted_drip_market,0x6a2b0c23c79dde84628314d21797f7bd5b06ae36e6bde6924ece64ef4821d2df,0,2025-07-09,2025-07-09T13:00:00Z,2025-07-10T00:00:00Z,355887376,356045737,inactive_pre_first_scoped_event,0,0,0,0,0,0,0,0,0,0,0,0,0,0,0,0,0,0,0,0,0,0,0,0,0,0,0,0,0,0,0,0,0,0,0,0,0,0,,
accepted_drip_market,0x6a2b0c23c79dde84628314d21797f7bd5b06ae36e6bde6924ece64ef4821d2df,153,2025-12-09,2025-12-09T00:00:00Z,2025-12-10T00:00:00Z,408635723,408982122,inactive_pre_first_scoped_event,0,0,0,0,0,0,0,0,0,0,0,0,0,0,0,0,0,0,0,0,0,0,0,0,0,0,0,0,0,0,0,0,0,0,0,0,0,0,,
accepted_drip_market,0x6a2b0c23c79dde84628314d21797f7bd5b06ae36e6bde6924ece64ef4821d2df,154,2025-12-10,2025-12-10T00:00:00Z,2025-12-11T00:00:00Z,408982122,409328472,active,0,5,0,0,0,0,0,500000,500000000000,450000,450000000000,1000000000000000000,5,1,0,1,0,1,0,0,2,500000,500000000000,0,0,450000,450000000000,0,0,1000000000000000000,0,0,0,0,0,0,0,0,409235783,409262784
accepted_drip_market,0x6a2b0c23c79dde84628314d21797f7bd5b06ae36e6bde6924ece64ef4821d2df,202,2026-01-27,2026-01-27T00:00:00Z,2026-01-28T00:00:00Z,425581371,425927717,active,11,11,502833,501743682266,451099,450000000000,1000000000000000000,502833,501743682266,451099,450000000000,1000000000000000000,0,0,0,0,0,0,0,0,0,0,0,0,0,0,0,0,0,0,0,0,0,0,0,0,0,0,,
accepted_drip_market,0x6a2b0c23c79dde84628314d21797f7bd5b06ae36e6bde6924ece64ef4821d2df,404,2026-08-17,2026-08-17T00:00:00Z,2026-08-18T00:00:00Z,495303648,495647034,active,13,13,502803,501000000000,451815,450000000000,1000000000000000000,502803,501000000000,451815,450000000000,1000000000000000000,0,0,0,0,0,0,0,0,0,0,0,0,0,0,0,0,0,0,0,0,0,0,0,0,0,0,,
accepted_drip_market,0x6c831dcc45a7c0af00b751da651bd874b96653c587615d11aafade7b357c4b43,0,2025-07-09,2025-07-09T13:00:00Z,2025-07-10T00:00:00Z,355887376,356045737,inactive_pre_first_scoped_event,0,0,0,0,0,0,0,0,0,0,0,0,0,0,0,0,0,0,0,0,0,0,0,0,0,0,0,0,0,0,0,0,0,0,0,0,0,0,,
accepted_drip_market,0x6c831dcc45a7c0af00b751da651bd874b96653c587615d11aafade7b357c4b43,137,2025-11-23,2025-11-23T00:00:00Z,2025-11-24T00:00:00Z,403097589,403441737,inactive_pre_first_scoped_event,0,0,0,0,0,0,0,0,0,0,0,0,0,0,0,0,0,0,0,0,0,0,0,0,0,0,0,0,0,0,0,0,0,0,0,0,0,0,,
accepted_drip_market,0x6c831dcc45a7c0af00b751da651bd874b96653c587615d11aafade7b357c4b43,138,2025-11-24,2025-11-24T00:00:00Z,2025-11-25T00:00:00Z,403441737,403787376,active,0,7,0,0,0,0,0,3000,3000000000,2638,2638000000,3000,7,2,0,1,0,1,0,0,3,3000,3000000000,0,0,2638,2638000000,0,0,3000,0,0,0,0,0,0,0,0,403557177,403558340
accepted_drip_market,0x6c831dcc45a7c0af00b751da651bd874b96653c587615d11aafade7b357c4b43,202,2026-01-27,2026-01-27T00:00:00Z,2026-01-28T00:00:00Z,425581371,425927717,active,9269,9685,6739282415581,6674088798985318818,6109003771758,6042667457947088778,7549974335587,7155319384527,7084871009692638871,6441433189689,6370258159957490853,7945572593100,416,76,107,13,6,12,5,0,197,13346554227115,13216349961992043603,12931723481877,12805567751284723550,517926209862,512253157829325281,186703015639,184662455818923206,603598257513,208000000000,1206223708,0,0,0,0,0,0,425586835,425925373
accepted_drip_market,0x6c831dcc45a7c0af00b751da651bd874b96653c587615d11aafade7b357c4b43,404,2026-08-17,2026-08-17T00:00:00Z,2026-08-18T00:00:00Z,495303648,495647034,active,17188,17188,11722,11551271570,2682,2638000000,3000,11722,11551271570,2682,2638000000,3000,0,0,0,0,0,0,0,0,0,0,0,0,0,0,0,0,0,0,0,0,0,0,0,0,0,0,,
accepted_drip_market,0x71c2954e00c8f72864600c9d1d1cd70fa15202c4294cd938d80add3be2eced26,0,2025-07-09,2025-07-09T13:00:00Z,2025-07-10T00:00:00Z,355887376,356045737,inactive_pre_first_scoped_event,0,0,0,0,0,0,0,0,0,0,0,0,0,0,0,0,0,0,0,0,0,0,0,0,0,0,0,0,0,0,0,0,0,0,0,0,0,0,,
accepted_drip_market,0x71c2954e00c8f72864600c9d1d1cd70fa15202c4294cd938d80add3be2eced26,54,2025-09-01,2025-09-01T00:00:00Z,2025-09-02T00:00:00Z,374383983,374730012,inactive_pre_first_scoped_event,0,0,0,0,0,0,0,0,0,0,0,0,0,0,0,0,0,0,0,0,0,0,0,0,0,0,0,0,0,0,0,0,0,0,0,0,0,0,,
accepted_drip_market,0x71c2954e00c8f72864600c9d1d1cd70fa15202c4294cd938d80add3be2eced26,55,2025-09-02,2025-09-02T00:00:00Z,2025-09-03T00:00:00Z,374730012,375075967,active,0,5,0,0,0,0,0,10000,10000000000,10000,10000000000,10796082822642594,5,1,0,1,0,1,0,0,2,10000,10000000000,0,0,10000,10000000000,0,0,10796082822642594,0,0,0,0,0,0,0,0,374834002,374834059
accepted_drip_market,0x71c2954e00c8f72864600c9d1d1cd70fa15202c4294cd938d80add3be2eced26,202,2026-01-27,2026-01-27T00:00:00Z,2026-01-28T00:00:00Z,425581371,425927717,active,12760,13110,1938492914685,1907210324139713031,1754338057757,1723025877229944775,1992757916341410818381952,1938885869729,1907243619192209570,1754693955908,1723025877229944775,1992757916341410818381952,350,86,89,0,0,0,0,0,175,2517715801591,2476868709729568282,2517678744698,2476835414677071743,0,0,0,0,0,0,355898151,0,0,0,0,0,0,425586835,425924128
accepted_drip_market,0x71c2954e00c8f72864600c9d1d1cd70fa15202c4294cd938d80add3be2eced26,404,2026-08-17,2026-08-17T00:00:00Z,2026-08-18T00:00:00Z,495303648,495647034,active,27055,27059,156580245843,150074893979928660,141580246078,134922596387881322,145540587015243253438529,156848921244,150314478780976753,141848921493,135160809722919886,145540587015243253438529,4,1,0,1,0,0,0,0,2,249999986,239584801048093,0,0,250000000,238213335038564,0,0,0,0,18675415,0,0,0,0,0,0,495527069,495533878
accepted_drip_market,0x729e4ab1f1613a55f4dc6444cb073a2f9ba4c402f8c59e93e1d725f9ce45f23a,0,2025-07-09,2025-07-09T13:00:00Z,2025-07-10T00:00:00Z,355887376,356045737,inactive_pre_first_scoped_event,0,0,0,0,0,0,0,0,0,0,0,0,0,0,0,0,0,0,0,0,0,0,0,0,0,0,0,0,0,0,0,0,0,0,0,0,0,0,,
accepted_drip_market,0x729e4ab1f1613a55f4dc6444cb073a2f9ba4c402f8c59e93e1d725f9ce45f23a,67,2025-09-14,2025-09-14T00:00:00Z,2025-09-15T00:00:00Z,378879826,379225098,inactive_pre_first_scoped_event,0,0,0,0,0,0,0,0,0,0,0,0,0,0,0,0,0,0,0,0,0,0,0,0,0,0,0,0,0,0,0,0,0,0,0,0,0,0,,
accepted_drip_market,0x729e4ab1f1613a55f4dc6444cb073a2f9ba4c402f8c59e93e1d725f9ce45f23a,68,2025-09-15,2025-09-15T00:00:00Z,2025-09-16T00:00:00Z,379225098,379570726,active,0,5,0,0,0,0,0,10000,10000000000,10000,10000000000,23445943690329401,5,1,0,1,0,1,0,0,2,10000,10000000000,0,0,10000,10000000000,0,0,23445943690329401,0,0,0,0,0,0,0,0,379336835,379344132
accepted_drip_market,0x729e4ab1f1613a55f4dc6444cb073a2f9ba4c402f8c59e93e1d725f9ce45f23a,202,2026-01-27,2026-01-27T00:00:00Z,2026-01-28T00:00:00Z,425581371,425927717,active,2293,2293,11152,11000000000,10150,10000000000,23445943690329401,11152,11000000000,10150,10000000000,23445943690329401,0,0,0,0,0,0,0,0,0,0,0,0,0,0,0,0,0,0,0,0,0,0,0,0,0,0,,
accepted_drip_market,0x729e4ab1f1613a55f4dc6444cb073a2f9ba4c402f8c59e93e1d725f9ce45f23a,404,2026-08-17,2026-08-17T00:00:00Z,2026-08-18T00:00:00Z,495303648,495647034,active,2293,2293,11152,11000000000,10150,10000000000,23445943690329401,11152,11000000000,10150,10000000000,23445943690329401,0,0,0,0,0,0,0,0,0,0,0,0,0,0,0,0,0,0,0,0,0,0,0,0,0,0,,
accepted_drip_market,0x7717f1e04510390518811b3133ea47c298094ddd1d806ed8f8867d88c727bad7,0,2025-07-09,2025-07-09T13:00:00Z,2025-07-10T00:00:00Z,355887376,356045737,inactive_pre_first_scoped_event,0,0,0,0,0,0,0,0,0,0,0,0,0,0,0,0,0,0,0,0,0,0,0,0,0,0,0,0,0,0,0,0,0,0,0,0,0,0,,
accepted_drip_market,0x7717f1e04510390518811b3133ea47c298094ddd1d806ed8f8867d88c727bad7,134,2025-11-20,2025-11-20T00:00:00Z,2025-11-21T00:00:00Z,402060763,402406626,inactive_pre_first_scoped_event,0,0,0,0,0,0,0,0,0,0,0,0,0,0,0,0,0,0,0,0,0,0,0,0,0,0,0,0,0,0,0,0,0,0,0,0,0,0,,
accepted_drip_market,0x7717f1e04510390518811b3133ea47c298094ddd1d806ed8f8867d88c727bad7,135,2025-11-21,2025-11-21T00:00:00Z,2025-11-22T00:00:00Z,402406626,402752730,active,0,5,0,0,0,0,0,100000,100000000000,100000,100000000000,1128440227666513479,5,1,0,1,0,1,0,0,2,100000,100000000000,0,0,100000,100000000000,0,0,1128440227666513479,0,0,0,0,0,0,0,0,402546109,402546983
accepted_drip_market,0x7717f1e04510390518811b3133ea47c298094ddd1d806ed8f8867d88c727bad7,202,2026-01-27,2026-01-27T00:00:00Z,2026-01-28T00:00:00Z,425581371,425927717,active,9592,10110,13756404137273,13532576919880510348,11909907043043,11694026350677569986,16048132476343273213641656,13732621279462,13506225363926531907,12522721130148,12292742710597041532,16785330565439493371965127,518,172,73,16,2,16,0,0,239,22026410234334,21665504300101342085,22053203351149,21691855856055320526,707591891365,694718497467866612,97788063264,96002137548395066,737198089096220158323471,0,3010259004,0,0,0,0,0,0,425586835,425925373
accepted_drip_market,0x7717f1e04510390518811b3133ea47c298094ddd1d806ed8f8867d88c727bad7,404,2026-08-17,2026-08-17T00:00:00Z,2026-08-18T00:00:00Z,495303648,495647034,active,20251,20251,7515491,2813680434633,431920,160304680781,29474398637769321977,7515491,2813680434633,431920,160304680781,29474398637769321977,0,0,0,0,0,0,0,0,0,0,0,0,0,0,0,0,0,0,0,0,0,0,0,0,0,0,,
accepted_drip_market,0x77fe2f7c2dd6f4da6bc5f445b06052ff8df55cb70cfce9afc16ec3c69a5fd3a3,0,2025-07-09,2025-07-09T13:00:00Z,2025-07-10T00:00:00Z,355887376,356045737,inactive_pre_first_scoped_event,0,0,0,0,0,0,0,0,0,0,0,0,0,0,0,0,0,0,0,0,0,0,0,0,0,0,0,0,0,0,0,0,0,0,0,0,0,0,,
accepted_drip_market,0x77fe2f7c2dd6f4da6bc5f445b06052ff8df55cb70cfce9afc16ec3c69a5fd3a3,8,2025-07-17,2025-07-17T00:00:00Z,2025-07-18T00:00:00Z,358466906,358813157,inactive_pre_first_scoped_event,0,0,0,0,0,0,0,0,0,0,0,0,0,0,0,0,0,0,0,0,0,0,0,0,0,0,0,0,0,0,0,0,0,0,0,0,0,0,,
accepted_drip_market,0x77fe2f7c2dd6f4da6bc5f445b06052ff8df55cb70cfce9afc16ec3c69a5fd3a3,9,2025-07-18,2025-07-18T00:00:00Z,2025-07-19T00:00:00Z,358813157,359159396,active,0,5,0,0,0,0,0,1000000,1000000000000,1000000,1000000000000,2000000000000000000,5,1,0,1,0,1,0,0,2,1000000,1000000000000,0,0,1000000,1000000000000,0,0,2000000000000000000,0,0,0,0,0,0,0,0,358881916,358881946
accepted_drip_market,0x77fe2f7c2dd6f4da6bc5f445b06052ff8df55cb70cfce9afc16ec3c69a5fd3a3,202,2026-01-27,2026-01-27T00:00:00Z,2026-01-28T00:00:00Z,425581371,425927717,active,75417,75459,98276666027,89589691509433239,88195820882,79775631824744424,92028017991484268062121,98286504118,89589691509433239,88217358973,79786214403033701,92044706598888641937350,42,0,0,1,0,1,0,0,40,0,0,0,0,11700000,10582578289277,0,0,16688607404373875229,0,9838091,0,0,0,0,0,0,425616268,425914564
accepted_drip_market,0x77fe2f7c2dd6f4da6bc5f445b06052ff8df55cb70cfce9afc16ec3c69a5fd3a3,404,2026-08-17,2026-08-17T00:00:00Z,2026-08-18T00:00:00Z,495303648,495647034,active,159786,159899,94239982977,84582083802270039,79239982742,70417346978387477,84786536152104581228948,90795703922,81485296693900235,79246228956,70417346978387477,84786536152104581228948,113,25,35,0,0,0,0,0,53,147892099011,132730928761379453,151342624280,135827715869749257,0,0,0,0,0,0,6246214,0,0,0,0,0,0,495309142,495643005
accepted_drip_market,0x7d4799e15dcaad9da49ab8edf46d647db2da2ff419db52e8ec0984d0c49e8b9b,0,2025-07-09,2025-07-09T13:00:00Z,2025-07-10T00:00:00Z,355887376,356045737,inactive_pre_first_scoped_event,0,0,0,0,0,0,0,0,0,0,0,0,0,0,0,0,0,0,0,0,0,0,0,0,0,0,0,0,0,0,0,0,0,0,0,0,0,0,,
accepted_drip_market,0x7d4799e15dcaad9da49ab8edf46d647db2da2ff419db52e8ec0984d0c49e8b9b,134,2025-11-20,2025-11-20T00:00:00Z,2025-11-21T00:00:00Z,402060763,402406626,inactive_pre_first_scoped_event,0,0,0,0,0,0,0,0,0,0,0,0,0,0,0,0,0,0,0,0,0,0,0,0,0,0,0,0,0,0,0,0,0,0,0,0,0,0,,
accepted_drip_market,0x7d4799e15dcaad9da49ab8edf46d647db2da2ff419db52e8ec0984d0c49e8b9b,135,2025-11-21,2025-11-21T00:00:00Z,2025-11-22T00:00:00Z,402406626,402752730,active,0,5,0,0,0,0,0,100000,100000000000,100000,100000000000,200000000000000000,5,1,0,1,0,1,0,0,2,100000,100000000000,0,0,100000,100000000000,0,0,200000000000000000,0,0,0,0,0,0,0,0,402546287,402547459
accepted_drip_market,0x7d4799e15dcaad9da49ab8edf46d647db2da2ff419db52e8ec0984d0c49e8b9b,202,2026-01-27,2026-01-27T00:00:00Z,2026-01-28T00:00:00Z,425581371,425927717,active,4670,4796,135242903573,133844697664192693,18182523978,17968083159072251,21807034306560989512207,28184238317,27891090301068088,18184238355,17968083159072251,21807034306560989512207,126,7,9,0,0,0,0,0,110,51304104521,50771899657231738,158364484154,156725507020356343,0,0,0,0,0,0,1714377,0,0,0,0,0,0,425585242,425920336
accepted_drip_market,0x7d4799e15dcaad9da49ab8edf46d647db2da2ff419db52e8ec0984d0c49e8b9b,404,2026-08-17,2026-08-17T00:00:00Z,2026-08-18T00:00:00Z,495303648,495647034,active,10948,10948,227040,161000518220,150259,100000000000,200000000000000000,227040,161000518220,150259,100000000000,200000000000000000,0,0,0,0,0,0,0,0,0,0,0,0,0,0,0,0,0,0,0,0,0,0,0,0,0,0,,
accepted_drip_market,0x7e7c08f2d8bb6821408ac6b4e2f322d73ba1fb8ce20b3b65087f440ef3b2f8f1,0,2025-07-09,2025-07-09T13:00:00Z,2025-07-10T00:00:00Z,355887376,356045737,inactive_pre_first_scoped_event,0,0,0,0,0,0,0,0,0,0,0,0,0,0,0,0,0,0,0,0,0,0,0,0,0,0,0,0,0,0,0,0,0,0,0,0,0,0,,
accepted_drip_market,0x7e7c08f2d8bb6821408ac6b4e2f322d73ba1fb8ce20b3b65087f440ef3b2f8f1,49,2025-08-27,2025-08-27T00:00:00Z,2025-08-28T00:00:00Z,372653657,372999830,inactive_pre_first_scoped_event,0,0,0,0,0,0,0,0,0,0,0,0,0,0,0,0,0,0,0,0,0,0,0,0,0,0,0,0,0,0,0,0,0,0,0,0,0,0,,
accepted_drip_market,0x7e7c08f2d8bb6821408ac6b4e2f322d73ba1fb8ce20b3b65087f440ef3b2f8f1,50,2025-08-28,2025-08-28T00:00:00Z,2025-08-29T00:00:00Z,372999830,373346016,active,0,5,0,0,0,0,0,25000,25000000000,25000,25000000000,500000000000000000,5,1,0,1,0,1,0,0,2,25000,25000000000,0,0,25000,25000000000,0,0,500000000000000000,0,0,0,0,0,0,0,0,373176382,373176432
accepted_drip_market,0x7e7c08f2d8bb6821408ac6b4e2f322d73ba1fb8ce20b3b65087f440ef3b2f8f1,202,2026-01-27,2026-01-27T00:00:00Z,2026-01-28T00:00:00Z,425581371,425927717,active,20024,20071,25310897375,24673872542554287,23149040612,22475365683523931,24594132284358378549786,25334803107,24694822148819927,23151480292,22475365683523931,24594132284358378549786,47,5,6,0,0,0,0,0,36,678794473,661680402319562,657328421,640730796053922,0,0,0,0,0,0,2439680,0,0,0,0,0,0,425582329,425914401
accepted_drip_market,0x7e7c08f2d8bb6821408ac6b4e2f322d73ba1fb8ce20b3b65087f440ef3b2f8f1,404,2026-08-17,2026-08-17T00:00:00Z,2026-08-18T00:00:00Z,495303648,495647034,active,24378,24382,28621224341,25876531107646719,24645919642,21960284490255447,24066824243336002579364,27722487370,25047127017420962,24664695915,21959855296688886,24066418482989622690143,4,0,1,0,0,0,0,1,2,0,0,917995281,829404090225757,0,0,0,0,0,0,19258310,0,482037,429193566561,405760346379889221,0,0,495452255,495501561
accepted_drip_market,0x8147c63f3f6f5a0825c84bf2cb11443c72b609fa39cf9a362e3d4dc2c5ca76c4,0,2025-07-09,2025-07-09T13:00:00Z,2025-07-10T00:00:00Z,355887376,356045737,inactive_pre_first_scoped_event,0,0,0,0,0,0,0,0,0,0,0,0,0,0,0,0,0,0,0,0,0,0,0,0,0,0,0,0,0,0,0,0,0,0,0,0,0,0,,
accepted_drip_market,0x8147c63f3f6f5a0825c84bf2cb11443c72b609fa39cf9a362e3d4dc2c5ca76c4,153,2025-12-09,2025-12-09T00:00:00Z,2025-12-10T00:00:00Z,408635723,408982122,inactive_pre_first_scoped_event,0,0,0,0,0,0,0,0,0,0,0,0,0,0,0,0,0,0,0,0,0,0,0,0,0,0,0,0,0,0,0,0,0,0,0,0,0,0,,
accepted_drip_market,0x8147c63f3f6f5a0825c84bf2cb11443c72b609fa39cf9a362e3d4dc2c5ca76c4,154,2025-12-10,2025-12-10T00:00:00Z,2025-12-11T00:00:00Z,408982122,409328472,active,0,5,0,0,0,0,0,500000,500000000000,450000,450000000000,1000000000000000000,5,1,0,1,0,1,0,0,2,500000,500000000000,0,0,450000,450000000000,0,0,1000000000000000000,0,0,0,0,0,0,0,0,409234969,409235021
accepted_drip_market,0x8147c63f3f6f5a0825c84bf2cb11443c72b609fa39cf9a362e3d4dc2c5ca76c4,202,2026-01-27,2026-01-27T00:00:00Z,2026-01-28T00:00:00Z,425581371,425927717,active,7268,7581,15945833228485,15873291005890401621,13617631211908,13548459723513098621,15520453996542731547941443,15551067386802,15478809555016360434,14249150177525,14175219459247174566,16224034460144018344678223,313,81,77,5,0,5,0,0,145,6428543834140,6398990082271733461,6824828641440,6793471533145774648,630000000000,626759735734075945,0,0,703580463601286796736780,0,1518965617,0,0,0,0,0,0,425582329,425924128
accepted_drip_market,0x8147c63f3f6f5a0825c84bf2cb11443c72b609fa39cf9a362e3d4dc2c5ca76c4,404,2026-08-17,2026-08-17T00:00:00Z,2026-08-18T00:00:00Z,495303648,495647034,active,20561,20561,15518907,14947353411031,570096,546861030705,1226440307664663078,15518907,14947353411031,570096,546861030705,1226440307664663078,0,0,0,0,0,0,0,0,0,0,0,0,0,0,0,0,0,0,0,0,0,0,0,0,0,0,,
accepted_drip_market,0x84367e5bc5df26437618f749d5beb793746e620560721fec15518d684191ebc6,0,2025-07-09,2025-07-09T13:00:00Z,2025-07-10T00:00:00Z,355887376,356045737,inactive_pre_first_scoped_event,0,0,0,0,0,0,0,0,0,0,0,0,0,0,0,0,0,0,0,0,0,0,0,0,0,0,0,0,0,0,0,0,0,0,0,0,0,0,,
accepted_drip_market,0x84367e5bc5df26437618f749d5beb793746e620560721fec15518d684191ebc6,78,2025-09-25,2025-09-25T00:00:00Z,2025-09-26T00:00:00Z,382683506,383030432,inactive_pre_first_scoped_event,0,0,0,0,0,0,0,0,0,0,0,0,0,0,0,0,0,0,0,0,0,0,0,0,0,0,0,0,0,0,0,0,0,0,0,0,0,0,,
accepted_drip_market,0x84367e5bc5df26437618f749d5beb793746e620560721fec15518d684191ebc6,79,2025-09-26,2025-09-26T00:00:00Z,2025-09-27T00:00:00Z,383030432,383376865,active,0,5,0,0,0,0,0,1000000,1000000000000,1000000,1000000000000,4089436,5,1,0,1,0,1,0,0,2,1000000,1000000000000,0,0,1000000,1000000000000,0,0,4089436,0,0,0,0,0,0,0,0,383177134,383177144
accepted_drip_market,0x84367e5bc5df26437618f749d5beb793746e620560721fec15518d684191ebc6,202,2026-01-27,2026-01-27T00:00:00Z,2026-01-28T00:00:00Z,425581371,425927717,active,5621,5652,3217953556,3163288644617321,2929495011,2872676588649470,3982785743,3194412718,3139843772767393,2929812026,2872676588649470,3982785743,31,6,8,0,0,0,0,0,17,149096269,146559836146822,172954122,170004707996750,0,0,0,0,0,0,317015,0,0,0,0,0,0,425582329,425916691
accepted_drip_market,0x84367e5bc5df26437618f749d5beb793746e620560721fec15518d684191ebc6,404,2026-08-17,2026-08-17T00:00:00Z,2026-08-18T00:00:00Z,495303648,495647034,active,6418,6418,1148584,1096462504977,1050890,1000000000000,4089436,1148584,1096462504977,1050890,1000000000000,4089436,0,0,0,0,0,0,0,0,0,0,0,0,0,0,0,0,0,0,0,0,0,0,0,0,0,0,,
accepted_drip_market,0x8e58f0dea27f877db258ecbbe16e57c9bb3541448ac0d578ef08c5b93ea9b84b,0,2025-07-09,2025-07-09T13:00:00Z,2025-07-10T00:00:00Z,355887376,356045737,inactive_pre_first_scoped_event,0,0,0,0,0,0,0,0,0,0,0,0,0,0,0,0,0,0,0,0,0,0,0,0,0,0,0,0,0,0,0,0,0,0,0,0,0,0,,
accepted_drip_market,0x8e58f0dea27f877db258ecbbe16e57c9bb3541448ac0d578ef08c5b93ea9b84b,179,2026-01-04,2026-01-04T00:00:00Z,2026-01-05T00:00:00Z,417630985,417976670,inactive_pre_first_scoped_event,0,0,0,0,0,0,0,0,0,0,0,0,0,0,0,0,0,0,0,0,0,0,0,0,0,0,0,0,0,0,0,0,0,0,0,0,0,0,,
accepted_drip_market,0x8e58f0dea27f877db258ecbbe16e57c9bb3541448ac0d578ef08c5b93ea9b84b,180,2026-01-05,2026-01-05T00:00:00Z,2026-01-06T00:00:00Z,417976670,418322870,active,0,7,0,0,0,0,0,1001000,1001000000000,1000000,1000000000000,3294003346823768064,7,2,0,1,0,1,0,0,3,1001000,1001000000000,0,0,1000000,1000000000000,0,0,3294003346823768064,0,0,0,0,0,0,0,0,418294209,418294227
accepted_drip_market,0x8e58f0dea27f877db258ecbbe16e57c9bb3541448ac0d578ef08c5b93ea9b84b,202,2026-01-27,2026-01-27T00:00:00Z,2026-01-28T00:00:00Z,425581371,425927717,active,89,91,1665937,1657484611330,1005765,1000000000000,3294003346823768064,1571968,1563897563573,1005866,1000000000000,3294003346823768064,2,0,1,0,0,0,0,0,1,0,0,94070,93587047757,0,0,0,0,0,0,101,0,0,0,0,0,0,425755451,425755451
accepted_drip_market,0x8e58f0dea27f877db258ecbbe16e57c9bb3541448ac0d578ef08c5b93ea9b84b,404,2026-08-17,2026-08-17T00:00:00Z,2026-08-18T00:00:00Z,495303648,495647034,active,1941,1941,38019817,36645494640272,31990072,30671936271535,807590585584091687294,38019817,36645494640272,31990072,30671936271535,807590585584091687294,0,0,0,0,0,0,0,0,0,0,0,0,0,0,0,0,0,0,0,0,0,0,0,0,0,0,,
accepted_drip_market,0x989ddb4f5b09e6d02e7f5f2f8efb846fd2de1f3f3dfd96e1939455abe7dd5a48,0,2025-07-09,2025-07-09T13:00:00Z,2025-07-10T00:00:00Z,355887376,356045737,inactive_pre_first_scoped_event,0,0,0,0,0,0,0,0,0,0,0,0,0,0,0,0,0,0,0,0,0,0,0,0,0,0,0,0,0,0,0,0,0,0,0,0,0,0,,
accepted_drip_market,0x989ddb4f5b09e6d02e7f5f2f8efb846fd2de1f3f3dfd96e1939455abe7dd5a48,54,2025-09-01,2025-09-01T00:00:00Z,2025-09-02T00:00:00Z,374383983,374730012,inactive_pre_first_scoped_event,0,0,0,0,0,0,0,0,0,0,0,0,0,0,0,0,0,0,0,0,0,0,0,0,0,0,0,0,0,0,0,0,0,0,0,0,0,0,,
accepted_drip_market,0x989ddb4f5b09e6d02e7f5f2f8efb846fd2de1f3f3dfd96e1939455abe7dd5a48,55,2025-09-02,2025-09-02T00:00:00Z,2025-09-03T00:00:00Z,374730012,375075967,active,0,5,0,0,0,0,0,500000,500000000000,500000,500000000000,1000000000000000000,5,1,0,1,0,1,0,0,2,500000,500000000000,0,0,500000,500000000000,0,0,1000000000000000000,0,0,0,0,0,0,0,0,374975318,374975342
accepted_drip_market,0x989ddb4f5b09e6d02e7f5f2f8efb846fd2de1f3f3dfd96e1939455abe7dd5a48,202,2026-01-27,2026-01-27T00:00:00Z,2026-01-28T00:00:00Z,425581371,425927717,active,3992,4000,581821,557374179970,525193,500000000000,1000000000000000000,573144,548978433491,525282,500000000000,1000000000000000000,8,2,2,0,0,0,0,0,4,33261,31859649201,42027,40255395680,0,0,0,0,0,0,89,0,0,0,0,0,0,425789167,425916691
accepted_drip_market,0x989ddb4f5b09e6d02e7f5f2f8efb846fd2de1f3f3dfd96e1939455abe7dd5a48,404,2026-08-17,2026-08-17T00:00:00Z,2026-08-18T00:00:00Z,495303648,495647034,active,4040,4040,623506,596776505838,525744,500000000000,1000000000000000000,623506,596776505838,525744,500000000000,1000000000000000000,0,0,0,0,0,0,0,0,0,0,0,0,0,0,0,0,0,0,0,0,0,0,0,0,0,0,,
accepted_drip_market,0x9e90aec7d768403dacc9dd0d8320307fda3f980eed4df43e3e52168a1c667709,0,2025-07-09,2025-07-09T13:00:00Z,2025-07-10T00:00:00Z,355887376,356045737,inactive_pre_first_scoped_event,0,0,0,0,0,0,0,0,0,0,0,0,0,0,0,0,0,0,0,0,0,0,0,0,0,0,0,0,0,0,0,0,0,0,0,0,0,0,,
accepted_drip_market,0x9e90aec7d768403dacc9dd0d8320307fda3f980eed4df43e3e52168a1c667709,67,2025-09-14,2025-09-14T00:00:00Z,2025-09-15T00:00:00Z,378879826,379225098,inactive_pre_first_scoped_event,0,0,0,0,0,0,0,0,0,0,0,0,0,0,0,0,0,0,0,0,0,0,0,0,0,0,0,0,0,0,0,0,0,0,0,0,0,0,,
accepted_drip_market,0x9e90aec7d768403dacc9dd0d8320307fda3f980eed4df43e3e52168a1c667709,68,2025-09-15,2025-09-15T00:00:00Z,2025-09-16T00:00:00Z,379225098,379570726,active,0,5,0,0,0,0,0,801387,801387000000,721248,721248000000,812208,5,1,0,1,0,1,0,0,2,801387,801387000000,0,0,721248,721248000000,0,0,812208,0,0,0,0,0,0,0,0,379403297,379403333
accepted_drip_market,0x9e90aec7d768403dacc9dd0d8320307fda3f980eed4df43e3e52168a1c667709,202,2026-01-27,2026-01-27T00:00:00Z,2026-01-28T00:00:00Z,425581371,425927717,active,4310,4310,2567774995100,694476065444268947,2567774995100,693590878421054015,644314812208,2567774995100,694476065444268947,2567774995100,693590878421054015,644314812208,0,0,0,0,0,0,0,0,0,0,0,0,0,0,0,0,0,0,0,0,0,0,0,0,0,0,,
accepted_drip_market,0x9e90aec7d768403dacc9dd0d8320307fda3f980eed4df43e3e52168a1c667709,404,2026-08-17,2026-08-17T00:00:00Z,2026-08-18T00:00:00Z,495303648,495647034,active,4310,4310,2567774995100,694476065444268947,2567774995100,693590878421054015,644314812208,2567774995100,694476065444268947,2567774995100,693590878421054015,644314812208,0,0,0,0,0,0,0,0,0,0,0,0,0,0,0,0,0,0,0,0,0,0,0,0,0,0,,
accepted_drip_market,0xa35d91efb3e284a0ab7098e8c5a65caf58ea0451073e36a544a821fd8f350953,0,2025-07-09,2025-07-09T13:00:00Z,2025-07-10T00:00:00Z,355887376,356045737,inactive_pre_first_scoped_event,0,0,0,0,0,0,0,0,0,0,0,0,0,0,0,0,0,0,0,0,0,0,0,0,0,0,0,0,0,0,0,0,0,0,0,0,0,0,,
accepted_drip_market,0xa35d91efb3e284a0ab7098e8c5a65caf58ea0451073e36a544a821fd8f350953,90,2025-10-07,2025-10-07T00:00:00Z,2025-10-08T00:00:00Z,386837514,387184021,inactive_pre_first_scoped_event,0,0,0,0,0,0,0,0,0,0,0,0,0,0,0,0,0,0,0,0,0,0,0,0,0,0,0,0,0,0,0,0,0,0,0,0,0,0,,
accepted_drip_market,0xa35d91efb3e284a0ab7098e8c5a65caf58ea0451073e36a544a821fd8f350953,91,2025-10-08,2025-10-08T00:00:00Z,2025-10-09T00:00:00Z,387184021,387530359,active,0,5,0,0,0,0,0,790000,790000000000,650000,650000000000,550000000000000000,5,1,0,1,0,1,0,0,2,790000,790000000000,0,0,650000,650000000000,0,0,550000000000000000,0,0,0,0,0,0,0,0,387324849,387325684
accepted_drip_market,0xa35d91efb3e284a0ab7098e8c5a65caf58ea0451073e36a544a821fd8f350953,202,2026-01-27,2026-01-27T00:00:00Z,2026-01-28T00:00:00Z,425581371,425927717,active,2782,2810,137144994147,135360787513581889,123512266277,121669403261516771,225322165685959248695687,135245909839,133467846031575673,123990760308,122121912075053972,225900467141271483584923,28,5,6,1,1,1,1,0,13,9978538632,9847674892154971,11896708579,11740616374161187,860000000,847084673295176,400591608,394575859757975,1151941598576219939944,573640143263985050708,19085639,0,0,0,0,0,0,425753930,425916691
accepted_drip_market,0xa35d91efb3e284a0ab7098e8c5a65caf58ea0451073e36a544a821fd8f350953,404,2026-08-17,2026-08-17T00:00:00Z,2026-08-18T00:00:00Z,495303648,495647034,active,6898,6898,7230853807,6764607358093224,6165910845,5713675471209261,8086473520029098418581,7230853807,6764607358093224,6165910845,5713675471209261,8086473520029098418581,0,0,0,0,0,0,0,0,0,0,0,0,0,0,0,0,0,0,0,0,0,0,0,0,0,0,,
accepted_drip_market,0xac6a118134cc4208a22534b041a83f4ac5ca42e2ab9ea732ee53c44b7deebc62,0,2025-07-09,2025-07-09T13:00:00Z,2025-07-10T00:00:00Z,355887376,356045737,inactive_pre_first_scoped_event,0,0,0,0,0,0,0,0,0,0,0,0,0,0,0,0,0,0,0,0,0,0,0,0,0,0,0,0,0,0,0,0,0,0,0,0,0,0,,
accepted_drip_market,0xac6a118134cc4208a22534b041a83f4ac5ca42e2ab9ea732ee53c44b7deebc62,8,2025-07-17,2025-07-17T00:00:00Z,2025-07-18T00:00:00Z,358466906,358813157,inactive_pre_first_scoped_event,0,0,0,0,0,0,0,0,0,0,0,0,0,0,0,0,0,0,0,0,0,0,0,0,0,0,0,0,0,0,0,0,0,0,0,0,0,0,,
accepted_drip_market,0xac6a118134cc4208a22534b041a83f4ac5ca42e2ab9ea732ee53c44b7deebc62,9,2025-07-18,2025-07-18T00:00:00Z,2025-07-19T00:00:00Z,358813157,359159396,active,0,5,0,0,0,0,0,1000000,1000000000000,1000000,1000000000000,800000000000000,5,1,0,1,0,1,0,0,2,1000000,1000000000000,0,0,1000000,1000000000000,0,0,800000000000000,0,0,0,0,0,0,0,0,358880591,358880621
accepted_drip_market,0xac6a118134cc4208a22534b041a83f4ac5ca42e2ab9ea732ee53c44b7deebc62,202,2026-01-27,2026-01-27T00:00:00Z,2026-01-28T00:00:00Z,425581371,425927717,active,2967,2993,272359087019,259124645877735223,230245937000,217883448183326731,186650147514512438533,252830835819,240532217838388672,220453015276,208602687182129058,181150147514512438533,26,5,7,1,2,0,1,0,10,70565,67134118585,19542989136,18592495173465136,200000000,189255226102919,10007589095,9470016227300592,0,5500000000000000000,14667371,0,0,0,0,0,0,425609034,425796650
accepted_drip_market,0xac6a118134cc4208a22534b041a83f4ac5ca42e2ab9ea732ee53c44b7deebc62,404,2026-08-17,2026-08-17T00:00:00Z,2026-08-18T00:00:00Z,495303648,495647034,active,7627,7644,674349570184,631220823746703365,572360179528,531669992672632587,519948431455033911107,674388365673,631220823746703365,573897975014,533062331490296953,521448431455033911107,17,0,0,3,3,3,2,0,6,0,0,0,0,1502210387,1395320802810851,3210390,2981985146485,1501383626822280265,1383626822280265,38795489,0,0,0,0,0,0,495518188,495570098
accepted_drip_market,0xadc6897d644a005149d1aa42de72bcb1ff1c9f7c4a8b00db3e2356752995f80e,0,2025-07-09,2025-07-09T13:00:00Z,2025-07-10T00:00:00Z,355887376,356045737,inactive_pre_first_scoped_event,0,0,0,0,0,0,0,0,0,0,0,0,0,0,0,0,0,0,0,0,0,0,0,0,0,0,0,0,0,0,0,0,0,0,0,0,0,0,,
accepted_drip_market,0xadc6897d644a005149d1aa42de72bcb1ff1c9f7c4a8b00db3e2356752995f80e,176,2026-01-01,2026-01-01T00:00:00Z,2026-01-02T00:00:00Z,416593974,416939526,inactive_pre_first_scoped_event,0,0,0,0,0,0,0,0,0,0,0,0,0,0,0,0,0,0,0,0,0,0,0,0,0,0,0,0,0,0,0,0,0,0,0,0,0,0,,
accepted_drip_market,0xadc6897d644a005149d1aa42de72bcb1ff1c9f7c4a8b00db3e2356752995f80e,177,2026-01-02,2026-01-02T00:00:00Z,2026-01-03T00:00:00Z,416939526,417285393,active,0,7,0,0,0,0,0,1001000,1001000000000,1000000,1000000000000,3550717778175115264,7,2,0,1,0,1,0,0,3,1001000,1001000000000,0,0,1000000,1000000000000,0,0,3550717778175115264,0,0,0,0,0,0,0,0,417161652,417161670
accepted_drip_market,0xadc6897d644a005149d1aa42de72bcb1ff1c9f7c4a8b00db3e2356752995f80e,202,2026-01-27,2026-01-27T00:00:00Z,2026-01-28T00:00:00Z,425581371,425927717,active,272,277,3971067789233,3955439867579932880,3473292976043,3457653711916375513,3812850231480093511572252,4864567041039,4844881123233313088,3729540996603,3712244494231374706,4062850231480093511572252,5,1,0,1,0,1,0,0,2,893028231246,889441255653380208,0,0,255777000000,254590782314999193,0,0,250000000000000000000000,0,471020560,0,0,0,0,0,0,425755451,425913930
accepted_drip_market,0xadc6897d644a005149d1aa42de72bcb1ff1c9f7c4a8b00db3e2356752995f80e,404,2026-08-17,2026-08-17T00:00:00Z,2026-08-18T00:00:00Z,495303648,495647034,active,690,690,8010018,7938595464424,7042867,6970762235138,13560717778175115264,8010018,7938595464424,7042867,6970762235138,13560717778175115264,0,0,0,0,0,0,0,0,0,0,0,0,0,0,0,0,0,0,0,0,0,0,0,0,0,0,,
accepted_drip_market,0xb7b5729ad332f57a02f4d9f87aa50910ee955d859e2b2ad9b0b8e15ca44d8b7f,0,2025-07-09,2025-07-09T13:00:00Z,2025-07-10T00:00:00Z,355887376,356045737,inactive_pre_first_scoped_event,0,0,0,0,0,0,0,0,0,0,0,0,0,0,0,0,0,0,0,0,0,0,0,0,0,0,0,0,0,0,0,0,0,0,0,0,0,0,,
accepted_drip_market,0xb7b5729ad332f57a02f4d9f87aa50910ee955d859e2b2ad9b0b8e15ca44d8b7f,53,2025-08-31,2025-08-31T00:00:00Z,2025-09-01T00:00:00Z,374038160,374383983,inactive_pre_first_scoped_event,0,0,0,0,0,0,0,0,0,0,0,0,0,0,0,0,0,0,0,0,0,0,0,0,0,0,0,0,0,0,0,0,0,0,0,0,0,0,,
accepted_drip_market,0xb7b5729ad332f57a02f4d9f87aa50910ee955d859e2b2ad9b0b8e15ca44d8b7f,54,2025-09-01,2025-09-01T00:00:00Z,2025-09-02T00:00:00Z,374383983,374730012,active,0,7,0,0,0,0,0,1166604,1166600889063,1000004,1000000000000,304007046467386,7,1,1,1,0,1,0,0,3,1500000,1500000000000,333400,333399110937,1000000,1000000000000,0,0,304007046467386,0,4,0,0,0,0,0,0,374541913,374561289
accepted_drip_market,0xb7b5729ad332f57a02f4d9f87aa50910ee955d859e2b2ad9b0b8e15ca44d8b7f,202,2026-01-27,2026-01-27T00:00:00Z,2026-01-28T00:00:00Z,425581371,425927717,active,66,66,1170823,1167600889063,9481,9451607588,52101494480577,1170823,1167600889063,9481,9451607588,52101494480577,0,0,0,0,0,0,0,0,0,0,0,0,0,0,0,0,0,0,0,0,0,0,0,0,0,0,,
accepted_drip_market,0xb7b5729ad332f57a02f4d9f87aa50910ee955d859e2b2ad9b0b8e15ca44d8b7f,404,2026-08-17,2026-08-17T00:00:00Z,2026-08-18T00:00:00Z,495303648,495647034,active,66,66,1170823,1167600889063,9481,9451607588,52101494480577,1170823,1167600889063,9481,9451607588,52101494480577,0,0,0,0,0,0,0,0,0,0,0,0,0,0,0,0,0,0,0,0,0,0,0,0,0,0,,
accepted_drip_market,0xc7670063349ac19dfa324ead7bd7da2985ae931e1b09fb0e31b62c6486b730bd,0,2025-07-09,2025-07-09T13:00:00Z,2025-07-10T00:00:00Z,355887376,356045737,inactive_pre_first_scoped_event,0,0,0,0,0,0,0,0,0,0,0,0,0,0,0,0,0,0,0,0,0,0,0,0,0,0,0,0,0,0,0,0,0,0,0,0,0,0,,
accepted_drip_market,0xc7670063349ac19dfa324ead7bd7da2985ae931e1b09fb0e31b62c6486b730bd,134,2025-11-20,2025-11-20T00:00:00Z,2025-11-21T00:00:00Z,402060763,402406626,inactive_pre_first_scoped_event,0,0,0,0,0,0,0,0,0,0,0,0,0,0,0,0,0,0,0,0,0,0,0,0,0,0,0,0,0,0,0,0,0,0,0,0,0,0,,
accepted_drip_market,0xc7670063349ac19dfa324ead7bd7da2985ae931e1b09fb0e31b62c6486b730bd,135,2025-11-21,2025-11-21T00:00:00Z,2025-11-22T00:00:00Z,402406626,402752730,active,0,7,0,0,0,0,0,1001003,1001000000000,1000002,1000000000000,1500000000000000000,7,2,0,1,0,1,0,0,3,1001001,1001000000000,0,0,1000000,1000000000000,0,0,1500000000000000000,0,2,0,0,0,0,0,0,402664722,402667093
accepted_drip_market,0xc7670063349ac19dfa324ead7bd7da2985ae931e1b09fb0e31b62c6486b730bd,202,2026-01-27,2026-01-27T00:00:00Z,2026-01-28T00:00:00Z,425581371,425927717,active,5569,5901,3414175713388,3365855789840584050,2640712555598,2598448529911854479,2580220024005548731000000,2561964562434,2525166864965566933,2341960566660,2303931318873267753,2274802553296548731000000,332,93,63,1,6,0,6,0,163,1059825896840,1044720360712309058,1912618654779,1885409285587326175,5900000000,5805418424300598,305233595923,300322629462887324,0,305417470709000000000000,581606985,0,0,0,0,0,0,425589763,425925373
accepted_drip_market,0xc7670063349ac19dfa324ead7bd7da2985ae931e1b09fb0e31b62c6486b730bd,404,2026-08-17,2026-08-17T00:00:00Z,2026-08-18T00:00:00Z,495303648,495647034,active,11498,11498,155600627290,72542870500075326,155600627290,72326010556960379,68899818028599991386687,155600627290,72542870500075326,155600627290,72326010556960379,68899818028599991386687,0,0,0,0,0,0,0,0,0,0,0,0,0,0,0,0,0,0,0,0,0,0,0,0,0,0,,
early_shared_usdc,0xd09404e9512e1341321c8ae3bd663fab7087582142ac61486635a6c072c2af12,0,2025-07-09,2025-07-09T13:00:00Z,2025-07-10T00:00:00Z,355887376,356045737,inactive_pre_first_scoped_event,0,0,0,0,0,0,0,0,0,0,0,0,0,0,0,0,0,0,0,0,0,0,0,0,0,0,0,0,0,0,0,0,0,0,0,0,0,0,,
early_shared_usdc,0xd09404e9512e1341321c8ae3bd663fab7087582142ac61486635a6c072c2af12,8,2025-07-17,2025-07-17T00:00:00Z,2025-07-18T00:00:00Z,358466906,358813157,inactive_pre_first_scoped_event,0,0,0,0,0,0,0,0,0,0,0,0,0,0,0,0,0,0,0,0,0,0,0,0,0,0,0,0,0,0,0,0,0,0,0,0,0,0,,
early_shared_usdc,0xd09404e9512e1341321c8ae3bd663fab7087582142ac61486635a6c072c2af12,9,2025-07-18,2025-07-18T00:00:00Z,2025-07-19T00:00:00Z,358813157,359159396,active,0,5,0,0,0,0,0,1000000,1000000000000,1000000,1000000000000,800000000000000,5,1,0,1,0,1,0,0,2,1000000,1000000000000,0,0,1000000,1000000000000,0,0,800000000000000,0,0,0,0,0,0,0,0,358881054,358881083
early_shared_usdc,0xd09404e9512e1341321c8ae3bd663fab7087582142ac61486635a6c072c2af12,202,2026-01-27,2026-01-27T00:00:00Z,2026-01-28T00:00:00Z,425581371,425927717,active,21237,21284,881663345,816693372343898,809499278,744558042693128,538660146404921764,882715696,817590211417474,809584344,744558042693128,538660146404921764,47,5,6,0,0,0,0,0,36,25259297,23396869619693,24292012,22500030546117,0,0,0,0,0,0,85066,0,0,0,0,0,0,425582329,425914401
early_shared_usdc,0xd09404e9512e1341321c8ae3bd663fab7087582142ac61486635a6c072c2af12,404,2026-08-17,2026-08-17T00:00:00Z,2026-08-18T00:00:00Z,495303648,495647034,active,62158,62753,1738830977804,1576076647394978403,1412612404741,1267277013158563722,1089899748253057582038,1798251909464,1629766812905400500,1412787420771,1267277013158563722,1089899748253057582038,595,162,149,0,0,0,0,0,284,6738465775129,6107481613323945733,6679219859499,6053791447813523636,0,0,0,0,0,0,175016030,0,0,0,0,0,0,495304719,495645972
accepted_drip_market,0xd478de9c069f12759d3baed9ddd16fe8902128937821af3a3cf77eca1885c7fc,0,2025-07-09,2025-07-09T13:00:00Z,2025-07-10T00:00:00Z,355887376,356045737,inactive_pre_first_scoped_event,0,0,0,0,0,0,0,0,0,0,0,0,0,0,0,0,0,0,0,0,0,0,0,0,0,0,0,0,0,0,0,0,0,0,0,0,0,0,,
accepted_drip_market,0xd478de9c069f12759d3baed9ddd16fe8902128937821af3a3cf77eca1885c7fc,53,2025-08-31,2025-08-31T00:00:00Z,2025-09-01T00:00:00Z,374038160,374383983,inactive_pre_first_scoped_event,0,0,0,0,0,0,0,0,0,0,0,0,0,0,0,0,0,0,0,0,0,0,0,0,0,0,0,0,0,0,0,0,0,0,0,0,0,0,,
accepted_drip_market,0xd478de9c069f12759d3baed9ddd16fe8902128937821af3a3cf77eca1885c7fc,54,2025-09-01,2025-09-01T00:00:00Z,2025-09-02T00:00:00Z,374383983,374730012,active,0,7,0,0,0,0,0,1166605,1166601111328,1000005,1000000000000,304750218231787,7,1,1,1,0,1,0,0,3,1500000,1500000000000,333400,333398888672,1000000,1000000000000,0,0,304750218231787,0,5,0,0,0,0,0,0,374538645,374561450
accepted_drip_market,0xd478de9c069f12759d3baed9ddd16fe8902128937821af3a3cf77eca1885c7fc,202,2026-01-27,2026-01-27T00:00:00Z,2026-01-28T00:00:00Z,425581371,425927717,active,355,355,1195084,1167601111328,616966,600386737595,304550218231787,1195084,1167601111328,616966,600386737595,304550218231787,0,0,0,0,0,0,0,0,0,0,0,0,0,0,0,0,0,0,0,0,0,0,0,0,0,0,,
accepted_drip_market,0xd478de9c069f12759d3baed9ddd16fe8902128937821af3a3cf77eca1885c7fc,404,2026-08-17,2026-08-17T00:00:00Z,2026-08-18T00:00:00Z,495303648,495647034,active,357,357,1195744,1167601111328,7239,7037888532,7125664207465,1195744,1167601111328,7239,7037888532,7125664207465,0,0,0,0,0,0,0,0,0,0,0,0,0,0,0,0,0,0,0,0,0,0,0,0,0,0,,
accepted_drip_market,0xd91052003758145cc53615895c0ce2081c7080b661dbab5652c2b8433b248c2d,0,2025-07-09,2025-07-09T13:00:00Z,2025-07-10T00:00:00Z,355887376,356045737,inactive_pre_first_scoped_event,0,0,0,0,0,0,0,0,0,0,0,0,0,0,0,0,0,0,0,0,0,0,0,0,0,0,0,0,0,0,0,0,0,0,0,0,0,0,,
accepted_drip_market,0xd91052003758145cc53615895c0ce2081c7080b661dbab5652c2b8433b248c2d,190,2026-01-15,2026-01-15T00:00:00Z,2026-01-16T00:00:00Z,421434838,421780442,inactive_pre_first_scoped_event,0,0,0,0,0,0,0,0,0,0,0,0,0,0,0,0,0,0,0,0,0,0,0,0,0,0,0,0,0,0,0,0,0,0,0,0,0,0,,
accepted_drip_market,0xd91052003758145cc53615895c0ce2081c7080b661dbab5652c2b8433b248c2d,191,2026-01-16,2026-01-16T00:00:00Z,2026-01-17T00:00:00Z,421780442,422126026,active,0,7,0,0,0,0,0,1001000,1001000000000,1000000,1000000000000,3809361251086108160,7,2,0,1,0,1,0,0,3,1001000,1001000000000,0,0,1000000,1000000000000,0,0,3809361251086108160,0,0,0,0,0,0,0,0,422073679,422073700
accepted_drip_market,0xd91052003758145cc53615895c0ce2081c7080b661dbab5652c2b8433b248c2d,202,2026-01-27,2026-01-27T00:00:00Z,2026-01-28T00:00:00Z,425581371,425927717,active,47,52,13564001396,13526635574155897,7781810477,7758633539574006,8944803405251086108160,19414471466,19359577092223512,11782799635,11746369858915872,13696454994251086108160,5,1,0,1,0,1,0,0,2,5849480912,5832941518067615,0,0,4000000000,3987736319341866,0,0,4751651589000000000000,0,989158,0,0,0,0,0,0,425691733,425755451
accepted_drip_market,0xd91052003758145cc53615895c0ce2081c7080b661dbab5652c2b8433b248c2d,404,2026-08-17,2026-08-17T00:00:00Z,2026-08-18T00:00:00Z,495303648,495647034,active,1660,1660,831136814,797240261442478,831136814,792587503956872,1911769199674004704872,831136814,797240261442478,831136814,792587503956872,1911769199674004704872,0,0,0,0,0,0,0,0,0,0,0,0,0,0,0,0,0,0,0,0,0,0,0,0,0,0,,
accepted_drip_market,0xde895fd4a9d1ca693485fcfc2ee47d8c3b47f810bbce3c965c60d97b855d4ed2,0,2025-07-09,2025-07-09T13:00:00Z,2025-07-10T00:00:00Z,355887376,356045737,inactive_pre_first_scoped_event,0,0,0,0,0,0,0,0,0,0,0,0,0,0,0,0,0,0,0,0,0,0,0,0,0,0,0,0,0,0,0,0,0,0,0,0,0,0,,
accepted_drip_market,0xde895fd4a9d1ca693485fcfc2ee47d8c3b47f810bbce3c965c60d97b855d4ed2,160,2025-12-16,2025-12-16T00:00:00Z,2025-12-17T00:00:00Z,411058751,411405053,inactive_pre_first_scoped_event,0,0,0,0,0,0,0,0,0,0,0,0,0,0,0,0,0,0,0,0,0,0,0,0,0,0,0,0,0,0,0,0,0,0,0,0,0,0,,
accepted_drip_market,0xde895fd4a9d1ca693485fcfc2ee47d8c3b47f810bbce3c965c60d97b855d4ed2,161,2025-12-17,2025-12-17T00:00:00Z,2025-12-18T00:00:00Z,411405053,411751136,active,0,7,0,0,0,0,0,1001000,1001000000000,1000000,1000000000000,3693312344406035456,7,2,0,1,0,1,0,0,3,1001000,1001000000000,0,0,1000000,1000000000000,0,0,3693312344406035456,0,0,0,0,0,0,0,0,411561449,411561461
accepted_drip_market,0xde895fd4a9d1ca693485fcfc2ee47d8c3b47f810bbce3c965c60d97b855d4ed2,202,2026-01-27,2026-01-27T00:00:00Z,2026-01-28T00:00:00Z,425581371,425927717,active,258,263,398492784021,396855415357522138,358643506441,356929120896997869,357493506943147219687425,397452980581,395802439577082996,303661069151,302194711902443034,302193506943147219687425,5,0,1,0,1,0,1,0,2,0,0,1057366150,1052975780439142,0,0,55000000000,54734408994554835,0,55300000000000000000000,17562710,0,0,0,0,0,0,425755451,425758667
accepted_drip_market,0xde895fd4a9d1ca693485fcfc2ee47d8c3b47f810bbce3c965c60d97b855d4ed2,404,2026-08-17,2026-08-17T00:00:00Z,2026-08-18T00:00:00Z,495303648,495647034,active,8989,8991,177716104797,174287168626416369,150611360061,147305048383052922,164041326778027426382300,177810986099,174287168729335503,150706241258,147305048383052922,164041326778027426382300,2,1,0,0,0,0,0,0,1,105,102919134,0,0,0,0,0,0,0,0,94881197,0,0,0,0,0,0,495580923,495580923
accepted_drip_market,0xe0432ceb599fbe41defbd62fe8e914824af9d891a0a92c39de7063176c8e480b,0,2025-07-09,2025-07-09T13:00:00Z,2025-07-10T00:00:00Z,355887376,356045737,inactive_pre_first_scoped_event,0,0,0,0,0,0,0,0,0,0,0,0,0,0,0,0,0,0,0,0,0,0,0,0,0,0,0,0,0,0,0,0,0,0,0,0,0,0,,
accepted_drip_market,0xe0432ceb599fbe41defbd62fe8e914824af9d891a0a92c39de7063176c8e480b,174,2025-12-30,2025-12-30T00:00:00Z,2025-12-31T00:00:00Z,415901817,416247974,inactive_pre_first_scoped_event,0,0,0,0,0,0,0,0,0,0,0,0,0,0,0,0,0,0,0,0,0,0,0,0,0,0,0,0,0,0,0,0,0,0,0,0,0,0,,
accepted_drip_market,0xe0432ceb599fbe41defbd62fe8e914824af9d891a0a92c39de7063176c8e480b,175,2025-12-31,2025-12-31T00:00:00Z,2026-01-01T00:00:00Z,416247974,416593974,active,0,9,0,0,0,0,0,1001095,1001000000000,890095,890010448997,1241882141331918,9,2,0,1,1,1,0,0,4,1001000,1001000000000,0,0,1000000,1000000000000,110000,109989551003,1241882141331918,0,95,0,0,0,0,0,0,416405803,416481162
accepted_drip_market,0xe0432ceb599fbe41defbd62fe8e914824af9d891a0a92c39de7063176c8e480b,202,2026-01-27,2026-01-27T00:00:00Z,2026-01-28T00:00:00Z,425581371,425927717,active,123,125,1085467,1083290302727,892146,890010448997,1241882141331918,1046925,1044760141407,892214,890010448997,1241882141331918,2,0,1,0,0,0,0,0,1,0,0,38610,38530161320,0,0,0,0,0,0,68,0,0,0,0,0,0,425755451,425755451
accepted_drip_market,0xe0432ceb599fbe41defbd62fe8e914824af9d891a0a92c39de7063176c8e480b,404,2026-08-17,2026-08-17T00:00:00Z,2026-08-18T00:00:00Z,495303648,495647034,active,3114,3147,1850378218606,1816828584561229852,1567563887702,1535190007029772479,1208782452004493974686,2298627622728,2256763140954918110,1567721541176,1535190007029772479,1208782452004493974686,33,9,9,0,0,0,0,0,15,548390431154,538409838016876950,100298680506,98475281623188692,0,0,0,0,0,0,157653474,0,0,0,0,0,0,495309142,495643005
accepted_drip_market,0xe0de6b571ec913ada63d5327f70c8849ea2363d47f44a190e8fb489db07fee1e,0,2025-07-09,2025-07-09T13:00:00Z,2025-07-10T00:00:00Z,355887376,356045737,inactive_pre_first_scoped_event,0,0,0,0,0,0,0,0,0,0,0,0,0,0,0,0,0,0,0,0,0,0,0,0,0,0,0,0,0,0,0,0,0,0,0,0,0,0,,
accepted_drip_market,0xe0de6b571ec913ada63d5327f70c8849ea2363d47f44a190e8fb489db07fee1e,49,2025-08-27,2025-08-27T00:00:00Z,2025-08-28T00:00:00Z,372653657,372999830,inactive_pre_first_scoped_event,0,0,0,0,0,0,0,0,0,0,0,0,0,0,0,0,0,0,0,0,0,0,0,0,0,0,0,0,0,0,0,0,0,0,0,0,0,0,,
accepted_drip_market,0xe0de6b571ec913ada63d5327f70c8849ea2363d47f44a190e8fb489db07fee1e,50,2025-08-28,2025-08-28T00:00:00Z,2025-08-29T00:00:00Z,372999830,373346016,active,0,5,0,0,0,0,0,25000,25000000000,25000,25000000000,500000000000000000,5,1,0,1,0,1,0,0,2,25000,25000000000,0,0,25000,25000000000,0,0,500000000000000000,0,0,0,0,0,0,0,0,373175746,373175800
accepted_drip_market,0xe0de6b571ec913ada63d5327f70c8849ea2363d47f44a190e8fb489db07fee1e,202,2026-01-27,2026-01-27T00:00:00Z,2026-01-28T00:00:00Z,425581371,425927717,active,14202,14255,28367800,27757287774579,25843273,25222284845053,69268190110328819875,28158554,27549898423269,25846037,25222284845053,69268190110328819875,53,6,8,0,0,0,0,0,39,1082385,1059058622370,1294395,1266447973680,0,0,0,0,0,0,2764,0,0,0,0,0,0,425582329,425916691
accepted_drip_market,0xe0de6b571ec913ada63d5327f70c8849ea2363d47f44a190e8fb489db07fee1e,404,2026-08-17,2026-08-17T00:00:00Z,2026-08-18T00:00:00Z,495303648,495647034,active,15238,15238,24068175,23488245497594,11382584,11068507028877,40560479874469247037,24068175,23488245497594,11382584,11068507028877,40560479874469247037,0,0,0,0,0,0,0,0,0,0,0,0,0,0,0,0,0,0,0,0,0,0,0,0,0,0,,
accepted_drip_market,0xe23e15ddd552eb148045e3f4b74e71f4923bc6bea6e5bda0a4cf89a0cecd1a3b,0,2025-07-09,2025-07-09T13:00:00Z,2025-07-10T00:00:00Z,355887376,356045737,inactive_pre_first_scoped_event,0,0,0,0,0,0,0,0,0,0,0,0,0,0,0,0,0,0,0,0,0,0,0,0,0,0,0,0,0,0,0,0,0,0,0,0,0,0,,
accepted_drip_market,0xe23e15ddd552eb148045e3f4b74e71f4923bc6bea6e5bda0a4cf89a0cecd1a3b,190,2026-01-15,2026-01-15T00:00:00Z,2026-01-16T00:00:00Z,421434838,421780442,inactive_pre_first_scoped_event,0,0,0,0,0,0,0,0,0,0,0,0,0,0,0,0,0,0,0,0,0,0,0,0,0,0,0,0,0,0,0,0,0,0,0,0,0,0,,
accepted_drip_market,0xe23e15ddd552eb148045e3f4b74e71f4923bc6bea6e5bda0a4cf89a0cecd1a3b,191,2026-01-16,2026-01-16T00:00:00Z,2026-01-17T00:00:00Z,421780442,422126026,active,0,7,0,0,0,0,0,1001000,1001000000000,1000000,1000000000000,3809361251086108160,7,2,0,1,0,1,0,0,3,1001000,1001000000000,0,0,1000000,1000000000000,0,0,3809361251086108160,0,0,0,0,0,0,0,0,422074217,422074235
accepted_drip_market,0xe23e15ddd552eb148045e3f4b74e71f4923bc6bea6e5bda0a4cf89a0cecd1a3b,202,2026-01-27,2026-01-27T00:00:00Z,2026-01-28T00:00:00Z,425581371,425927717,active,267,289,1183959,1180585637868,1003063,1000000000000,3809361251086108160,1171234,1167791006352,1003187,1000000000000,3809361251086108160,22,4,7,0,0,0,0,0,11,309177,308289641131,322026,321084272647,0,0,0,0,0,0,124,0,0,0,0,0,0,425582329,425914401
accepted_drip_market,0xe23e15ddd552eb148045e3f4b74e71f4923bc6bea6e5bda0a4cf89a0cecd1a3b,404,2026-08-17,2026-08-17T00:00:00Z,2026-08-18T00:00:00Z,495303648,495647034,active,6347,6347,1358910,1001003209640,0,0,200000000,1358910,1001003209640,0,0,200000000,0,0,0,0,0,0,0,0,0,0,0,0,0,0,0,0,0,0,0,0,0,0,0,0,0,0,,
accepted_drip_market,0xed06d9e82d7c35ca80d3983194e15462a96202bd875800af18183321f4611868,0,2025-07-09,2025-07-09T13:00:00Z,2025-07-10T00:00:00Z,355887376,356045737,inactive_pre_first_scoped_event,0,0,0,0,0,0,0,0,0,0,0,0,0,0,0,0,0,0,0,0,0,0,0,0,0,0,0,0,0,0,0,0,0,0,0,0,0,0,,
accepted_drip_market,0xed06d9e82d7c35ca80d3983194e15462a96202bd875800af18183321f4611868,8,2025-07-17,2025-07-17T00:00:00Z,2025-07-18T00:00:00Z,358466906,358813157,inactive_pre_first_scoped_event,0,0,0,0,0,0,0,0,0,0,0,0,0,0,0,0,0,0,0,0,0,0,0,0,0,0,0,0,0,0,0,0,0,0,0,0,0,0,,
accepted_drip_market,0xed06d9e82d7c35ca80d3983194e15462a96202bd875800af18183321f4611868,9,2025-07-18,2025-07-18T00:00:00Z,2025-07-19T00:00:00Z,358813157,359159396,active,0,5,0,0,0,0,0,1000000,1000000000000,1000000,1000000000000,2000,5,1,0,1,0,1,0,0,2,1000000,1000000000000,0,0,1000000,1000000000000,0,0,2000,0,0,0,0,0,0,0,0,358879973,358879999
accepted_drip_market,0xed06d9e82d7c35ca80d3983194e15462a96202bd875800af18183321f4611868,202,2026-01-27,2026-01-27T00:00:00Z,2026-01-28T00:00:00Z,425581371,425927717,active,6848,6868,1846040160567,1739681767025787559,1532795373330,1435203995533874175,2705396701,1755104001437,1653888034496656075,1533817480718,1436060504965016400,2707460765,20,5,1,2,1,2,0,0,9,1123660,1058885792933,91044590178,85794791414924417,915000000,856696684257151,200000,187253114926,2064064,0,107307388,0,0,0,0,0,0,425623215,425797413
accepted_drip_market,0xed06d9e82d7c35ca80d3983194e15462a96202bd875800af18183321f4611868,404,2026-08-17,2026-08-17T00:00:00Z,2026-08-18T00:00:00Z,495303648,495647034,active,15101,15120,763830399816,708148352706937420,666992485337,613023628633088047,1967440328,763954013925,708149121978674561,669412791915,615134862464196986,1974780123,19,1,1,2,4,3,0,0,8,1017383,943066114504,187490,173794377363,2620000000,2407572641357839,322477638,296338810248900,7339795,0,122784216,0,0,0,0,0,0,495468276,495582509
accepted_drip_market,0xef62d07c7e29c3864feb6de8945edd82688a2ea558de5a44dc795ad1eb1d9853,0,2025-07-09,2025-07-09T13:00:00Z,2025-07-10T00:00:00Z,355887376,356045737,inactive_pre_first_scoped_event,0,0,0,0,0,0,0,0,0,0,0,0,0,0,0,0,0,0,0,0,0,0,0,0,0,0,0,0,0,0,0,0,0,0,0,0,0,0,,
accepted_drip_market,0xef62d07c7e29c3864feb6de8945edd82688a2ea558de5a44dc795ad1eb1d9853,179,2026-01-04,2026-01-04T00:00:00Z,2026-01-05T00:00:00Z,417630985,417976670,inactive_pre_first_scoped_event,0,0,0,0,0,0,0,0,0,0,0,0,0,0,0,0,0,0,0,0,0,0,0,0,0,0,0,0,0,0,0,0,0,0,0,0,0,0,,
accepted_drip_market,0xef62d07c7e29c3864feb6de8945edd82688a2ea558de5a44dc795ad1eb1d9853,180,2026-01-05,2026-01-05T00:00:00Z,2026-01-06T00:00:00Z,417976670,418322870,active,0,7,0,0,0,0,0,1001000,1001000000000,1000000,1000000000000,3810401857668561920,7,2,0,1,0,1,0,0,3,1001000,1001000000000,0,0,1000000,1000000000000,0,0,3810401857668561920,0,0,0,0,0,0,0,0,418109925,418109946
accepted_drip_market,0xef62d07c7e29c3864feb6de8945edd82688a2ea558de5a44dc795ad1eb1d9853,202,2026-01-27,2026-01-27T00:00:00Z,2026-01-28T00:00:00Z,425581371,425927717,active,132,134,1203969949690,1198554179200129706,830557377710,826413660378632162,897183955774648187765545,1146213861458,1140987543221224072,830631610684,826413660378632162,897183955774648187765545,2,0,1,0,0,0,0,0,1,0,0,57830321206,57566635978905634,0,0,0,0,0,0,74232974,0,0,0,0,0,0,425755451,425755451
accepted_drip_market,0xef62d07c7e29c3864feb6de8945edd82688a2ea558de5a44dc795ad1eb1d9853,404,2026-08-17,2026-08-17T00:00:00Z,2026-08-18T00:00:00Z,495303648,495647034,active,2358,2358,575666600495,563559139830253245,483124751449,471638900946815916,496957184256681034985824,575666600495,563559139830253245,483124751449,471638900946815916,496957184256681034985824,0,0,0,0,0,0,0,0,0,0,0,0,0,0,0,0,0,0,0,0,0,0,0,0,0,0,,
accepted_drip_market,0xf4ab212f6fcc943e2669cb6307fa4b608b0418ac5255c100e58394822157785c,0,2025-07-09,2025-07-09T13:00:00Z,2025-07-10T00:00:00Z,355887376,356045737,inactive_pre_first_scoped_event,0,0,0,0,0,0,0,0,0,0,0,0,0,0,0,0,0,0,0,0,0,0,0,0,0,0,0,0,0,0,0,0,0,0,0,0,0,0,,
accepted_drip_market,0xf4ab212f6fcc943e2669cb6307fa4b608b0418ac5255c100e58394822157785c,61,2025-09-08,2025-09-08T00:00:00Z,2025-09-09T00:00:00Z,376805343,377151398,inactive_pre_first_scoped_event,0,0,0,0,0,0,0,0,0,0,0,0,0,0,0,0,0,0,0,0,0,0,0,0,0,0,0,0,0,0,0,0,0,0,0,0,0,0,,
accepted_drip_market,0xf4ab212f6fcc943e2669cb6307fa4b608b0418ac5255c100e58394822157785c,62,2025-09-09,2025-09-09T00:00:00Z,2025-09-10T00:00:00Z,377151398,377497272,active,0,5,0,0,0,0,0,25000,25000000000,25000,25000000000,500000000000000000,5,1,0,1,0,1,0,0,2,25000,25000000000,0,0,25000,25000000000,0,0,500000000000000000,0,0,0,0,0,0,0,0,377370292,377370342
accepted_drip_market,0xf4ab212f6fcc943e2669cb6307fa4b608b0418ac5255c100e58394822157785c,202,2026-01-27,2026-01-27T00:00:00Z,2026-01-28T00:00:00Z,425581371,425927717,active,35786,36191,194538827584,188645586794066381,166447445638,160714874457046438,209514220351023144890735,182693044580,177139427835439912,166468586982,160714874457046438,209514220351023144890735,405,155,54,0,0,0,0,0,196,1775553826370,1721687548957150953,1787420750718,1733193707915777422,0,0,0,0,0,0,21141344,0,0,0,0,0,0,425583326,425924128
accepted_drip_market,0xf4ab212f6fcc943e2669cb6307fa4b608b0418ac5255c100e58394822157785c,404,2026-08-17,2026-08-17T00:00:00Z,2026-08-18T00:00:00Z,495303648,495647034,active,52338,52338,2420389411,2231115147856329,2230163723,2034274525649000,2722159887457298949217,2420389411,2231115147856329,2230163723,2034274525649000,2722159887457298949217,0,0,0,0,0,0,0,0,0,0,0,0,0,0,0,0,0,0,0,0,0,0,0,0,0,0,,
dedicated_syrupusdc,0xf86f3edd6f16cd8211f4d206866dc4ecd41be6211063ac11f8508e1b7112ef40,0,2025-07-09,2025-07-09T13:00:00Z,2025-07-10T00:00:00Z,355887376,356045737,inactive_pre_first_scoped_event,0,0,0,0,0,0,0,0,0,0,0,0,0,0,0,0,0,0,0,0,0,0,0,0,0,0,0,0,0,0,0,0,0,0,0,0,0,0,,
dedicated_syrupusdc,0xf86f3edd6f16cd8211f4d206866dc4ecd41be6211063ac11f8508e1b7112ef40,50,2025-08-28,2025-08-28T00:00:00Z,2025-08-29T00:00:00Z,372999830,373346016,inactive_pre_first_scoped_event,0,0,0,0,0,0,0,0,0,0,0,0,0,0,0,0,0,0,0,0,0,0,0,0,0,0,0,0,0,0,0,0,0,0,0,0,0,0,,
dedicated_syrupusdc,0xf86f3edd6f16cd8211f4d206866dc4ecd41be6211063ac11f8508e1b7112ef40,51,2025-08-29,2025-08-29T00:00:00Z,2025-08-30T00:00:00Z,373346016,373692235,active,0,5,0,0,0,0,0,1000000,1000000000000,1000000,1000000000000,3567459,5,1,0,1,0,1,0,0,2,1000000,1000000000000,0,0,1000000,1000000000000,0,0,3567459,0,0,0,0,0,0,0,0,373644710,373644722
dedicated_syrupusdc,0xf86f3edd6f16cd8211f4d206866dc4ecd41be6211063ac11f8508e1b7112ef40,202,2026-01-27,2026-01-27T00:00:00Z,2026-01-28T00:00:00Z,425581371,425927717,active,111078,111892,39818379951524,39088093826892099541,35228522461601,34504558041806229284,35076755656530,40222062012195,39480373192859178209,36717786178450,35959088772545987942,36277829944880,814,219,179,10,0,10,1,0,395,14596441462570,14327965015090419040,14196918328748,13935685649123340372,1485104790000,1454530730739758658,0,0,1401074288350,200000000000,4158926849,0,0,0,0,0,0,425582329,425926563
dedicated_syrupusdc,0xf86f3edd6f16cd8211f4d206866dc4ecd41be6211063ac11f8508e1b7112ef40,404,2026-08-17,2026-08-17T00:00:00Z,2026-08-18T00:00:00Z,495303648,495647034,active,182471,182549,46660201940,44944946773870574,43452097259,41641712820816773,48253219869,60761059311,58520538872801281,43457779513,41641712820816773,48253219869,78,20,18,0,0,0,0,0,40,121179560086,116712889363592048,107084384969,103137297264661341,0,0,0,0,0,0,5682254,0,0,0,0,0,0,495311688,495580901
accepted_drip_market,0xff608e5881ccba3859006b3c01e377314384c3d661d684c3e8b6354146e62155,0,2025-07-09,2025-07-09T13:00:00Z,2025-07-10T00:00:00Z,355887376,356045737,inactive_pre_first_scoped_event,0,0,0,0,0,0,0,0,0,0,0,0,0,0,0,0,0,0,0,0,0,0,0,0,0,0,0,0,0,0,0,0,0,0,0,0,0,0,,
accepted_drip_market,0xff608e5881ccba3859006b3c01e377314384c3d661d684c3e8b6354146e62155,166,2025-12-22,2025-12-22T00:00:00Z,2025-12-23T00:00:00Z,413134558,413480920,inactive_pre_first_scoped_event,0,0,0,0,0,0,0,0,0,0,0,0,0,0,0,0,0,0,0,0,0,0,0,0,0,0,0,0,0,0,0,0,0,0,0,0,0,0,,
accepted_drip_market,0xff608e5881ccba3859006b3c01e377314384c3d661d684c3e8b6354146e62155,167,2025-12-23,2025-12-23T00:00:00Z,2025-12-24T00:00:00Z,413480920,413827466,active,0,7,0,0,0,0,0,1001000,1001000000000,1000000,1000000000000,4021171,7,2,0,1,0,1,0,0,3,1001000,1001000000000,0,0,1000000,1000000000000,0,0,4021171,0,0,0,0,0,0,0,0,413589985,413589996
accepted_drip_market,0xff608e5881ccba3859006b3c01e377314384c3d661d684c3e8b6354146e62155,202,2026-01-27,2026-01-27T00:00:00Z,2026-01-28T00:00:00Z,425581371,425927717,active,131,133,1218883,1213947983215,1004622,1000000000000,4021171,1175894,1171060018915,1004698,1000000000000,4021171,2,0,1,0,0,0,0,0,1,0,0,43065,42887964300,0,0,0,0,0,0,76,0,0,0,0,0,0,425755451,425755451
accepted_drip_market,0xff608e5881ccba3859006b3c01e377314384c3d661d684c3e8b6354146e62155,404,2026-08-17,2026-08-17T00:00:00Z,2026-08-18T00:00:00Z,495303648,495647034,active,6803,6803,2659824,1004778121641,2649548,1000000000000,4021171,2659824,1004778121641,2649548,1000000000000,4021171,0,0,0,0,0,0,0,0,0,0,0,0,0,0,0,0,0,0,0,0,0,0,0,0,0,0,,
