boundary_utc,block_number
2025-07-09T13:00:00Z,355887376
2025-07-10T00:00:00Z,356045737
2025-07-11T00:00:00Z,356391637
2025-07-12T00:00:00Z,356737548
2025-07-13T00:00:00Z,357083239
2025-07-14T00:00:00Z,357428711
2025-07-15T00:00:00Z,357774563
2025-07-16T00:00:00Z,358120703
2025-07-17T00:00:00Z,358466906
2025-07-18T00:00:00Z,358813157
2025-07-19T00:00:00Z,359159396
2025-07-20T00:00:00Z,359505268
2025-07-21T00:00:00Z,359851362
2025-07-22T00:00:00Z,360197467
2025-07-23T00:00:00Z,360543613
2025-07-24T00:00:00Z,360889715
2025-07-25T00:00:00Z,361235913
2025-07-26T00:00:00Z,361582107
2025-07-27T00:00:00Z,361927936
2025-07-28T00:00:00Z,362273851
2025-07-29T00:00:00Z,362619997
2025-07-30T00:00:00Z,362966013
2025-07-31T00:00:00Z,363311991
2025-08-01T00:00:00Z,363657956
2025-08-02T00:00:00Z,364004153
2025-08-03T00:00:00Z,364349999
2025-08-04T00:00:00Z,364695729
2025-08-05T00:00:00Z,365041664
2025-08-06T00:00:00Z,365386229
2025-08-07T00:00:00Z,365731022
2025-08-08T00:00:00Z,366077343
2025-08-09T00:00:00Z,366423714
2025-08-10T00:00:00Z,366769921
2025-08-11T00:00:00Z,367116113
2025-08-12T00:00:00Z,367462279
2025-08-13T00:00:00Z,367808426
2025-08-14T00:00:00Z,368154693
2025-08-15T00:00:00Z,368500938
2025-08-16T00:00:00Z,368847079
2025-08-17T00:00:00Z,369192930
2025-08-18T00:00:00Z,369538759
2025-08-19T00:00:00Z,369884732
2025-08-20T00:00:00Z,370230808
2025-08-21T00:00:00Z,370576898
2025-08-22T00:00:00Z,370923014
2025-08-23T00:00:00Z,371269165
2025-08-24T00:00:00Z,371615100
2025-08-25T00:00:00Z,371961116
2025-08-26T00:00:00Z,372307422
2025-08-27T00:00:00Z,372653657
2025-08-28T00:00:00Z,372999830
2025-08-29T00:00:00Z,373346016
2025-08-30T00:00:00Z,373692235
2025-08-31T00:00:00Z,374038160
2025-09-01T00:00:00Z,374383983
2025-09-02T00:00:00Z,374730012
2025-09-03T00:00:00Z,375075967
2025-09-04T00:00:00Z,375421942
2025-09-05T00:00:00Z,375767966
2025-09-06T00:00:00Z,376113943
2025-09-07T00:00:00Z,376459500
2025-09-08T00:00:00Z,376805343
2025-09-09T00:00:00Z,377151398
2025-09-10T00:00:00Z,377497272
2025-09-11T00:00:00Z,377843094
2025-09-12T00:00:00Z,378188849
2025-09-13T00:00:00Z,378534625
2025-09-14T00:00:00Z,378879826
2025-09-15T00:00:00Z,379225098
2025-09-16T00:00:00Z,379570726
2025-09-17T00:00:00Z,379916165
2025-09-18T00:00:00Z,380261881
2025-09-19T00:00:00Z,380607651
2025-09-20T00:00:00Z,380953332
2025-09-21T00:00:00Z,381299134
2025-09-22T00:00:00Z,381644747
2025-09-23T00:00:00Z,381990792
2025-09-24T00:00:00Z,382337055
2025-09-25T00:00:00Z,382683506
2025-09-26T00:00:00Z,383030432
2025-09-27T00:00:00Z,383376865
2025-09-28T00:00:00Z,383723284
2025-09-29T00:00:00Z,384069217
2025-09-30T00:00:00Z,384415208
2025-10-01T00:00:00Z,384761330
2025-10-02T00:00:00Z,385107521
2025-10-03T00:00:00Z,385453505
2025-10-04T00:00:00Z,385799265
2025-10-05T00:00:00Z,386145223
2025-10-06T00:00:00Z,386491322
2025-10-07T00:00:00Z,386837514
2025-10-08T00:00:00Z,387184021
2025-10-09T00:00:00Z,387530359
2025-10-10T00:00:00Z,387876437
2025-10-11T00:00:00Z,388222719
2025-10-12T00:00:00Z,388569087
2025-10-13T00:00:00Z,388915310
2025-10-14T00:00:00Z,389261472
2025-10-15T00:00:00Z,389607741
2025-10-16T00:00:00Z,389953872
2025-10-17T00:00:00Z,390299843
2025-10-18T00:00:00Z,390645840
2025-10-19T00:00:00Z,390991280
2025-10-20T00:00:00Z,391336660
2025-10-21T00:00:00Z,391681911
2025-10-22T00:00:00Z,392027688
2025-10-23T00:00:00Z,392373715
2025-10-24T00:00:00Z,392719870
2025-10-25T00:00:00Z,393066003
2025-10-26T00:00:00Z,393411708
2025-10-27T00:00:00Z,393757548
2025-10-28T00:00:00Z,394103704
2025-10-29T00:00:00Z,394449851
2025-10-30T00:00:00Z,394795983
2025-10-31T00:00:00Z,395142187
2025-11-01T00:00:00Z,395488345
2025-11-02T00:00:00Z,395834395
2025-11-03T00:00:00Z,396180357
2025-11-04T00:00:00Z,396526517
2025-11-05T00:00:00Z,396872725
2025-11-06T00:00:00Z,397218821
2025-11-07T00:00:00Z,397564877
2025-11-08T00:00:00Z,397911035
2025-11-09T00:00:00Z,398257000
2025-11-10T00:00:00Z,398602845
2025-11-11T00:00:00Z,398949022
2025-11-12T00:00:00Z,399294999
2025-11-13T00:00:00Z,399640945
2025-11-14T00:00:00Z,399987060
2025-11-15T00:00:00Z,400333080
2025-11-16T00:00:00Z,400677953
2025-11-17T00:00:00Z,401023368
2025-11-18T00:00:00Z,401369178
2025-11-19T00:00:00Z,401714881
2025-11-20T00:00:00Z,402060763
2025-11-21T00:00:00Z,402406626
2025-11-22T00:00:00Z,402752730
2025-11-23T00:00:00Z,403097589
2025-11-24T00:00:00Z,403441737
2025-11-25T00:00:00Z,403787376
2025-11-26T00:00:00Z,404133629
2025-11-27T00:00:00Z,404479803
2025-11-28T00:00:00Z,404825905
2025-11-29T00:00:00Z,405171747
2025-11-30T00:00:00Z,405517394
2025-12-01T00:00:00Z,405863596
2025-12-02T00:00:00Z,406210383
2025-12-03T00:00:00Z,406557036
2025-12-04T00:00:00Z,406903362
2025-12-05T00:00:00Z,407249365
2025-12-06T00:00:00Z,407596119
2025-12-07T00:00:00Z,407942726
2025-12-08T00:00:00Z,408289245
2025-12-09T00:00:00Z,408635723
2025-12-10T00:00:00Z,408982122
2025-12-11T00:00:00Z,409328472
2025-12-12T00:00:00Z,409674990
2025-12-13T00:00:00Z,410021112
2025-12-14T00:00:00Z,410366999
2025-12-15T00:00:00Z,410712470
2025-12-16T00:00:00Z,411058751
2025-12-17T00:00:00Z,411405053
2025-12-18T00:00:00Z,411751136
2025-12-19T00:00:00Z,412097368
2025-12-20T00:00:00Z,412443223
2025-12-21T00:00:00Z,412788855
2025-12-22T00:00:00Z,413134558
2025-12-23T00:00:00Z,413480920
2025-12-24T00:00:00Z,413827466
2025-12-25T00:00:00Z,414173971
2025-12-26T00:00:00Z,414519424
2025-12-27T00:00:00Z,414865085
2025-12-28T00:00:00Z,415210433
2025-12-29T00:00:00Z,415555875
2025-12-30T00:00:00Z,415901817
2025-12-31T00:00:00Z,416247974
2026-01-01T00:00:00Z,416593974
2026-01-02T00:00:00Z,416939526
2026-01-03T00:00:00Z,417285393
2026-01-04T00:00:00Z,417630985
2026-01-05T00:00:00Z,417976670
2026-01-06T00:00:00Z,418322870
2026-01-07T00:00:00Z,418669016
2026-01-08T00:00:00Z,419015258
2026-01-09T00:00:00Z,419361458
2026-01-10T00:00:00Z,419707335
2026-01-11T00:00:00Z,420052429
2026-01-12T00:00:00Z,420397312
2026-01-13T00:00:00Z,420743229
2026-01-14T00:00:00Z,421089009
2026-01-15T00:00:00Z,421434838
2026-01-16T00:00:00Z,421780442
2026-01-17T00:00:00Z,422126026
2026-01-18T00:00:00Z,422471107
2026-01-19T00:00:00Z,422816136
2026-01-20T00:00:00Z,423161915
2026-01-21T00:00:00Z,423508095
2026-01-22T00:00:00Z,423854141
2026-01-23T00:00:00Z,424199653
2026-01-24T00:00:00Z,424545348
2026-01-25T00:00:00Z,424889463
2026-01-26T00:00:00Z,425234847
2026-01-27T00:00:00Z,425581371
2026-01-28T00:00:00Z,425927717
2026-01-29T00:00:00Z,426274077
2026-01-30T00:00:00Z,426620834
2026-01-31T00:00:00Z,426968127
2026-02-01T00:00:00Z,427315179
2026-02-02T00:00:00Z,427661757
2026-02-03T00:00:00Z,428008640
2026-02-04T00:00:00Z,428355962
2026-02-05T00:00:00Z,428703310
2026-02-06T00:00:00Z,429051413
2026-02-07T00:00:00Z,429398898
2026-02-08T00:00:00Z,429745590
2026-02-09T00:00:00Z,430092169
2026-02-10T00:00:00Z,430439004
2026-02-11T00:00:00Z,430785918
2026-02-12T00:00:00Z,431133059
2026-02-13T00:00:00Z,431480122
2026-02-14T00:00:00Z,431826895
2026-02-15T00:00:00Z,432173227
2026-02-16T00:00:00Z,432520059
2026-02-17T00:00:00Z,432866630
2026-02-18T00:00:00Z,433213243
2026-02-19T00:00:00Z,433559875
2026-02-20T00:00:00Z,433906537
2026-02-21T00:00:00Z,434253084
2026-02-22T00:00:00Z,434599360
2026-02-23T00:00:00Z,434945846
2026-02-24T00:00:00Z,435292650
2026-02-25T00:00:00Z,435639342
2026-02-26T00:00:00Z,435985793
2026-02-27T00:00:00Z,436332186
2026-02-28T00:00:00Z,436678613
2026-03-01T00:00:00Z,437025051
2026-03-02T00:00:00Z,437371243
2026-03-03T00:00:00Z,437717786
2026-03-04T00:00:00Z,438064201
2026-03-05T00:00:00Z,438410776
2026-03-06T00:00:00Z,438757407
2026-03-07T00:00:00Z,439103738
2026-03-08T00:00:00Z,439449716
2026-03-09T00:00:00Z,439795393
2026-03-10T00:00:00Z,440141426
2026-03-11T00:00:00Z,440486589
2026-03-12T00:00:00Z,440831475
2026-03-13T00:00:00Z,441177268
2026-03-14T00:00:00Z,441522239
2026-03-15T00:00:00Z,441867905
2026-03-16T00:00:00Z,442210972
2026-03-17T00:00:00Z,442556055
2026-03-18T00:00:00Z,442900168
2026-03-19T00:00:00Z,443246160
2026-03-20T00:00:00Z,443592316
2026-03-21T00:00:00Z,443938204
2026-03-22T00:00:00Z,444283789
2026-03-23T00:00:00Z,444629628
2026-03-24T00:00:00Z,444975138
2026-03-25T00:00:00Z,445321082
2026-03-26T00:00:00Z,445667142
2026-03-27T00:00:00Z,446013508
2026-03-28T00:00:00Z,446359390
2026-03-29T00:00:00Z,446704041
2026-03-30T00:00:00Z,447047561
2026-03-31T00:00:00Z,447391706
2026-04-01T00:00:00Z,447736931
2026-04-02T00:00:00Z,448082128
2026-04-03T00:00:00Z,448427182
2026-04-04T00:00:00Z,448772381
2026-04-05T00:00:00Z,449117140
2026-04-06T00:00:00Z,449462039
2026-04-07T00:00:00Z,449808090
2026-04-08T00:00:00Z,450154338
2026-04-09T00:00:00Z,450500254
2026-04-10T00:00:00Z,450845846
2026-04-11T00:00:00Z,451191255
2026-04-12T00:00:00Z,451536683
2026-04-13T00:00:00Z,451881922
2026-04-14T00:00:00Z,452226370
2026-04-15T00:00:00Z,452570617
2026-04-16T00:00:00Z,452915362
2026-04-17T00:00:00Z,453260214
2026-04-18T00:00:00Z,453604417
2026-04-19T00:00:00Z,453948905
2026-04-20T00:00:00Z,454293298
2026-04-21T00:00:00Z,454635278
2026-04-22T00:00:00Z,454979349
2026-04-23T00:00:00Z,455325277
2026-04-24T00:00:00Z,455671369
2026-04-25T00:00:00Z,456015519
2026-04-26T00:00:00Z,456359224
2026-04-27T00:00:00Z,456704759
2026-04-28T00:00:00Z,457050477
2026-04-29T00:00:00Z,457395098
2026-04-30T00:00:00Z,457740235
2026-05-01T00:00:00Z,458085624
2026-05-02T00:00:00Z,458429601
2026-05-03T00:00:00Z,458770937
2026-05-04T00:00:00Z,459112761
2026-05-05T00:00:00Z,459457683
2026-05-06T00:00:00Z,459802190
2026-05-07T00:00:00Z,460146890
2026-05-08T00:00:00Z,460491246
2026-05-09T00:00:00Z,460836219
2026-05-10T00:00:00Z,461180254
2026-05-11T00:00:00Z,461525318
2026-05-12T00:00:00Z,461870006
2026-05-13T00:00:00Z,462214505
2026-05-14T00:00:00Z,462559764
2026-05-15T00:00:00Z,462905416
2026-05-16T00:00:00Z,463250476
2026-05-17T00:00:00Z,463592946
2026-05-18T00:00:00Z,463936219
2026-05-19T00:00:00Z,464280526
2026-05-20T00:00:00Z,464624916
2026-05-21T00:00:00Z,464970032
2026-05-22T00:00:00Z,465314315
2026-05-23T00:00:00Z,465658301
2026-05-24T00:00:00Z,466001212
2026-05-25T00:00:00Z,466343167
2026-05-26T00:00:00Z,466684006
2026-05-27T00:00:00Z,467028024
2026-05-28T00:00:00Z,467372633
2026-05-29T00:00:00Z,467717657
2026-05-30T00:00:00Z,468062301
2026-05-31T00:00:00Z,468405531
2026-06-01T00:00:00Z,468748168
2026-06-02T00:00:00Z,469092994
2026-06-03T00:00:00Z,469438478
2026-06-04T00:00:00Z,469784140
2026-06-05T00:00:00Z,470130019
2026-06-06T00:00:00Z,470476605
2026-06-07T00:00:00Z,470820570
2026-06-08T00:00:00Z,471164229
2026-06-09T00:00:00Z,471507496
2026-06-10T00:00:00Z,471851532
2026-06-11T00:00:00Z,472195784
2026-06-12T00:00:00Z,472540119
2026-06-13T00:00:00Z,472884389
2026-06-14T00:00:00Z,473226963
2026-06-15T00:00:00Z,473569326
2026-06-16T00:00:00Z,473913087
2026-06-17T00:00:00Z,474255806
2026-06-18T00:00:00Z,474599715
2026-06-19T00:00:00Z,474943691
2026-06-20T00:00:00Z,475287460
2026-06-21T00:00:00Z,475631626
2026-06-22T00:00:00Z,475976013
2026-06-23T00:00:00Z,476321822
2026-06-24T00:00:00Z,476667348
2026-06-25T00:00:00Z,477013372
2026-06-26T00:00:00Z,477359617
2026-06-27T00:00:00Z,477705787
2026-06-28T00:00:00Z,478051586
2026-06-29T00:00:00Z,478397495
2026-06-30T00:00:00Z,478743697
2026-07-01T00:00:00Z,479089706
2026-07-02T00:00:00Z,479435767
2026-07-03T00:00:00Z,479781683
2026-07-04T00:00:00Z,480127362
2026-07-05T00:00:00Z,480472701
2026-07-06T00:00:00Z,480818318
2026-07-07T00:00:00Z,481164080
2026-07-08T00:00:00Z,481509782
2026-07-09T00:00:00Z,481855948
2026-07-10T00:00:00Z,482201971
2026-07-11T00:00:00Z,482548089
2026-07-12T00:00:00Z,482893718
2026-07-13T00:00:00Z,483239016
2026-07-14T00:00:00Z,483584976
2026-07-15T00:00:00Z,483931026
2026-07-16T00:00:00Z,484276814
2026-07-17T00:00:00Z,484622260
2026-07-18T00:00:00Z,484967778
2026-07-19T00:00:00Z,485312916
2026-07-20T00:00:00Z,485658080
2026-07-21T00:00:00Z,486003680
2026-07-22T00:00:00Z,486349201
2026-07-23T00:00:00Z,486694608
2026-07-24T00:00:00Z,487039641
2026-07-25T00:00:00Z,487384976
2026-07-26T00:00:00Z,487730158
2026-07-27T00:00:00Z,488075416
2026-07-28T00:00:00Z,488421110
2026-07-29T00:00:00Z,488766719
2026-07-30T00:00:00Z,489112137
2026-07-31T00:00:00Z,489457097
2026-08-01T00:00:00Z,489802914
2026-08-02T00:00:00Z,490148032
2026-08-03T00:00:00Z,490490942
2026-08-04T00:00:00Z,490835376
2026-08-05T00:00:00Z,491180384
2026-08-06T00:00:00Z,491525236
2026-08-07T00:00:00Z,491869872
2026-08-08T00:00:00Z,492214299
2026-08-09T00:00:00Z,492557226
2026-08-10T00:00:00Z,492899711
2026-08-11T00:00:00Z,493243760
2026-08-12T00:00:00Z,493587597
2026-08-13T00:00:00Z,493930788
2026-08-14T00:00:00Z,494274206
2026-08-15T00:00:00Z,494618478
2026-08-16T00:00:00Z,494961556
2026-08-17T00:00:00Z,495303648
2026-08-18T00:00:00Z,495647034
