metric_version,scope_type,scope_id,market_count,market_id,archetype,loan_symbol,loan_address,collateral_symbol,collateral_address,metric,unit_symbol,unit_address,unit_decimals,post_checkpoint,post_timestamp_utc,baseline_observation_count,baseline_sum_base_units,baseline_mean_base_units,baseline_mean_native,campaign_end_base_units,campaign_end_native,campaign_peak_base_units,campaign_peak_native,campaign_peak_timestamp_utc,post_value_base_units,post_value_native,campaign_end_uplift_base_units,campaign_end_uplift_native,post_uplift_base_units,post_uplift_native,primary_applicability,primary_retained_uplift,peak_applicability,peak_retained_uplift
v1.0,exact_asset_group,0xaf88d065e77c8cc2239327c5edb3a432268e5831,32,,,USDC,0xaf88d065e77c8cc2239327c5edb3a432268e5831,,,borrowed_assets,USDC,0xaf88d065e77c8cc2239327c5edb3a432268e5831,6,p30,2026-03-20T13:00:00Z,56,13664587045180,244010482949.642857142857,244010.482949642857,70647245378463,70647245.378463,180871350308110,180871350.30811,2025-10-22T13:00:00Z,48068435591953,48068435.591953,70403234895513.357142857143,70403234.895513357143,47824425109003.357142857143,47824425.109003357143,applicable,0.679293006635,applicable,0.264768473894
v1.0,exact_asset_group,0xaf88d065e77c8cc2239327c5edb3a432268e5831,32,,,USDC,0xaf88d065e77c8cc2239327c5edb3a432268e5831,,,borrowed_assets,USDC,0xaf88d065e77c8cc2239327c5edb3a432268e5831,6,p90,2026-05-19T13:00:00Z,56,13664587045180,244010482949.642857142857,244010.482949642857,70647245378463,70647245.378463,180871350308110,180871350.30811,2025-10-22T13:00:00Z,14172733907336,14172733.907336,70403234895513.357142857143,70403234.895513357143,13928723424386.357142857143,13928723.424386357143,applicable,0.197842094118,applicable,0.077113040794
v1.0,exact_asset_group,0xaf88d065e77c8cc2239327c5edb3a432268e5831,32,,,USDC,0xaf88d065e77c8cc2239327c5edb3a432268e5831,,,borrowed_assets,USDC,0xaf88d065e77c8cc2239327c5edb3a432268e5831,6,p180,2026-08-17T13:00:00Z,56,13664587045180,244010482949.642857142857,244010.482949642857,70647245378463,70647245.378463,180871350308110,180871350.30811,2025-10-22T13:00:00Z,5645592527445,5645592.527445,70403234895513.357142857143,70403234.895513357143,5401582044495.357142857143,5401582.044495357143,applicable,0.076723492216,applicable,0.02990456511
v1.0,exact_asset_group,0xaf88d065e77c8cc2239327c5edb3a432268e5831,32,,,USDC,0xaf88d065e77c8cc2239327c5edb3a432268e5831,,,supplied_assets,USDC,0xaf88d065e77c8cc2239327c5edb3a432268e5831,6,p30,2026-03-20T13:00:00Z,56,38411730492929,685923758802.303571428571,685923.758802303571,83524538252938,83524538.252938,212289500440993,212289500.440993,2025-10-22T13:00:00Z,59501972926497,59501972.926497,82838614494135.696428571429,82838614.494135696429,58816049167694.696428571429,58816049.167694696429,applicable,0.710007639877,applicable,0.277953946195
v1.0,exact_asset_group,0xaf88d065e77c8cc2239327c5edb3a432268e5831,32,,,USDC,0xaf88d065e77c8cc2239327c5edb3a432268e5831,,,supplied_assets,USDC,0xaf88d065e77c8cc2239327c5edb3a432268e5831,6,p90,2026-05-19T13:00:00Z,56,38411730492929,685923758802.303571428571,685923.758802303571,83524538252938,83524538.252938,212289500440993,212289500.440993,2025-10-22T13:00:00Z,15869281127907,15869281.127907,82838614494135.696428571429,82838614.494135696429,15183357369104.696428571429,15183357.369104696429,applicable,0.183288403142,applicable,0.071753784162
v1.0,exact_asset_group,0xaf88d065e77c8cc2239327c5edb3a432268e5831,32,,,USDC,0xaf88d065e77c8cc2239327c5edb3a432268e5831,,,supplied_assets,USDC,0xaf88d065e77c8cc2239327c5edb3a432268e5831,6,p180,2026-08-17T13:00:00Z,56,38411730492929,685923758802.303571428571,685923.758802303571,83524538252938,83524538.252938,212289500440993,212289500.440993,2025-10-22T13:00:00Z,6155697743418,6155697.743418,82838614494135.696428571429,82838614.494135696429,5469773984615.696428571429,5469773.984615696429,applicable,0.066029278954,applicable,0.025849156571
v1.0,exact_asset_group,0xfd086bc7cd5c481dcc9c85ebe478a1c0b69fcbb9,13,,,USD₮0,0xfd086bc7cd5c481dcc9c85ebe478a1c0b69fcbb9,,,borrowed_assets,USD₮0,0xfd086bc7cd5c481dcc9c85ebe478a1c0b69fcbb9,6,p30,2026-03-20T13:00:00Z,56,934914557,16694902.803571428571,16.694902803571,36750499253479,36750499.253479,59368918000304,59368918.000304,2026-01-31T13:00:00Z,37113025937306,37113025.937306,36750482558576.196428571429,36750482.558576196429,37113009242403.196428571429,37113009.242403196429,applicable,1.009864542139,applicable,0.625125417961
v1.0,exact_asset_group,0xfd086bc7cd5c481dcc9c85ebe478a1c0b69fcbb9,13,,,USD₮0,0xfd086bc7cd5c481dcc9c85ebe478a1c0b69fcbb9,,,borrowed_assets,USD₮0,0xfd086bc7cd5c481dcc9c85ebe478a1c0b69fcbb9,6,p90,2026-05-19T13:00:00Z,56,934914557,16694902.803571428571,16.694902803571,36750499253479,36750499.253479,59368918000304,59368918.000304,2026-01-31T13:00:00Z,14081478694084,14081478.694084,36750482558576.196428571429,36750482.558576196429,14081461999181.196428571429,14081461.999181196429,applicable,0.383164002724,applicable,0.237185827758
v1.0,exact_asset_group,0xfd086bc7cd5c481dcc9c85ebe478a1c0b69fcbb9,13,,,USD₮0,0xfd086bc7cd5c481dcc9c85ebe478a1c0b69fcbb9,,,borrowed_assets,USD₮0,0xfd086bc7cd5c481dcc9c85ebe478a1c0b69fcbb9,6,p180,2026-08-17T13:00:00Z,56,934914557,16694902.803571428571,16.694902803571,36750499253479,36750499.253479,59368918000304,59368918.000304,2026-01-31T13:00:00Z,4135334073899,4135334.073899,36750482558576.196428571429,36750482.558576196429,4135317378996.196428571429,4135317.378996196429,applicable,0.112524165428,applicable,0.069654605156
v1.0,exact_asset_group,0xfd086bc7cd5c481dcc9c85ebe478a1c0b69fcbb9,13,,,USD₮0,0xfd086bc7cd5c481dcc9c85ebe478a1c0b69fcbb9,,,supplied_assets,USD₮0,0xfd086bc7cd5c481dcc9c85ebe478a1c0b69fcbb9,6,p30,2026-03-20T13:00:00Z,56,2447315652,43702065.214285714286,43.702065214286,39702544458991,39702544.458991,65151567422592,65151567.422592,2026-01-31T13:00:00Z,46346126823820,46346126.82382,39702500756925.785714285714,39702500.756925785714,46346083121754.785714285714,46346083.121754785714,applicable,1.167334103348,applicable,0.711358391564
v1.0,exact_asset_group,0xfd086bc7cd5c481dcc9c85ebe478a1c0b69fcbb9,13,,,USD₮0,0xfd086bc7cd5c481dcc9c85ebe478a1c0b69fcbb9,,,supplied_assets,USD₮0,0xfd086bc7cd5c481dcc9c85ebe478a1c0b69fcbb9,6,p90,2026-05-19T13:00:00Z,56,2447315652,43702065.214285714286,43.702065214286,39702544458991,39702544.458991,65151567422592,65151567.422592,2026-01-31T13:00:00Z,16078297321101,16078297.321101,39702500756925.785714285714,39702500.756925785714,16078253619035.785714285714,16078253.619035785714,applicable,0.404968284428,applicable,0.246782464951
v1.0,exact_asset_group,0xfd086bc7cd5c481dcc9c85ebe478a1c0b69fcbb9,13,,,USD₮0,0xfd086bc7cd5c481dcc9c85ebe478a1c0b69fcbb9,,,supplied_assets,USD₮0,0xfd086bc7cd5c481dcc9c85ebe478a1c0b69fcbb9,6,p180,2026-08-17T13:00:00Z,56,2447315652,43702065.214285714286,43.702065214286,39702544458991,39702544.458991,65151567422592,65151567.422592,2026-01-31T13:00:00Z,4851264503661,4851264.503661,39702500756925.785714285714,39702500.756925785714,4851220801595.785714285714,4851220.801595785714,applicable,0.122189300651,applicable,0.074460588557
v1.0,exact_asset_group,0x0b2b2b2076d95dda7817e785989fe353fe955ef9,1,,,,,sUSDai,0x0b2b2b2076d95dda7817e785989fe353fe955ef9,collateral_assets,sUSDai,0x0b2b2b2076d95dda7817e785989fe353fe955ef9,18,p30,2026-03-20T13:00:00Z,56,21592165645285188,385574386522949.785714285714,0.000385574387,230062219943005328014122,230062.219943005328,6993332761024052423116770,6993332.761024052423,2025-12-03T13:00:00Z,67628096487881678090024,67628.096487881678,230062219557430941491172.214285714286,230062.219557430941,67628096102307291567074.214285714286,67628.096102307292,applicable,0.293955679609,applicable,0.009670367251
v1.0,exact_asset_group,0x0b2b2b2076d95dda7817e785989fe353fe955ef9,1,,,,,sUSDai,0x0b2b2b2076d95dda7817e785989fe353fe955ef9,collateral_assets,sUSDai,0x0b2b2b2076d95dda7817e785989fe353fe955ef9,18,p90,2026-05-19T13:00:00Z,56,21592165645285188,385574386522949.785714285714,0.000385574387,230062219943005328014122,230062.219943005328,6993332761024052423116770,6993332.761024052423,2025-12-03T13:00:00Z,77749169967331616215305,77749.169967331616,230062219557430941491172.214285714286,230062.219557430941,77749169581757229692355.214285714286,77749.16958175723,applicable,0.337948445996,applicable,0.011117613339
v1.0,exact_asset_group,0x0b2b2b2076d95dda7817e785989fe353fe955ef9,1,,,,,sUSDai,0x0b2b2b2076d95dda7817e785989fe353fe955ef9,collateral_assets,sUSDai,0x0b2b2b2076d95dda7817e785989fe353fe955ef9,18,p180,2026-08-17T13:00:00Z,56,21592165645285188,385574386522949.785714285714,0.000385574387,230062219943005328014122,230062.219943005328,6993332761024052423116770,6993332.761024052423,2025-12-03T13:00:00Z,145540587015243253438529,145540.587015243253,230062219557430941491172.214285714286,230062.219557430941,145540586629668866915579.214285714286,145540.586629668867,applicable,0.632614024631,applicable,0.020811334397
v1.0,exact_asset_group,0x1bf1311fcf914a69dd5805c9b06b72f80539cb3f,2,,,,,PT-sUSDai-19FEB2026,0x1bf1311fcf914a69dd5805c9b06b72f80539cb3f,collateral_assets,PT-sUSDai-19FEB2026,0x1bf1311fcf914a69dd5805c9b06b72f80539cb3f,18,p30,2026-03-20T13:00:00Z,56,0,0,0,12055305229967657199657646,12055305.2299676572,19355045950898265436255310,19355045.950898265436,2026-02-02T13:00:00Z,3765020893590702685639,3765.020893590703,12055305229967657199657646,12055305.2299676572,3765020893590702685639,3765.020893590703,applicable,0.000312312366,applicable,0.000194523997
v1.0,exact_asset_group,0x1bf1311fcf914a69dd5805c9b06b72f80539cb3f,2,,,,,PT-sUSDai-19FEB2026,0x1bf1311fcf914a69dd5805c9b06b72f80539cb3f,collateral_assets,PT-sUSDai-19FEB2026,0x1bf1311fcf914a69dd5805c9b06b72f80539cb3f,18,p90,2026-05-19T13:00:00Z,56,0,0,0,12055305229967657199657646,12055305.2299676572,19355045950898265436255310,19355045.950898265436,2026-02-02T13:00:00Z,58343424339518736846,58.343424339519,12055305229967657199657646,12055305.2299676572,58343424339518736846,58.343424339519,applicable,0.000004839647,applicable,0.000003014378
v1.0,exact_asset_group,0x1bf1311fcf914a69dd5805c9b06b72f80539cb3f,2,,,,,PT-sUSDai-19FEB2026,0x1bf1311fcf914a69dd5805c9b06b72f80539cb3f,collateral_assets,PT-sUSDai-19FEB2026,0x1bf1311fcf914a69dd5805c9b06b72f80539cb3f,18,p180,2026-08-17T13:00:00Z,56,0,0,0,12055305229967657199657646,12055305.2299676572,19355045950898265436255310,19355045.950898265436,2026-02-02T13:00:00Z,30474398637769321977,30.474398637769,12055305229967657199657646,12055305.2299676572,30474398637769321977,30.474398637769,applicable,0.000002527883,applicable,0.000001574494
v1.0,exact_asset_group,0x1ef58a7af39883cc95c59a2c106b726c64c2ecc6,2,,,,,PT-syrupUSDC-29JAN2026,0x1ef58a7af39883cc95c59a2c106b726c64c2ecc6,collateral_assets,PT-syrupUSDC-29JAN2026,0x1ef58a7af39883cc95c59a2c106b726c64c2ecc6,6,p30,2026-03-20T13:00:00Z,56,0,0,0,8110607,8.110607,12355537880,12355.53788,2025-12-23T13:00:00Z,8110607,8.110607,8110607,8.110607,8110607,8.110607,applicable,1,applicable,0.000656434959
v1.0,exact_asset_group,0x1ef58a7af39883cc95c59a2c106b726c64c2ecc6,2,,,,,PT-syrupUSDC-29JAN2026,0x1ef58a7af39883cc95c59a2c106b726c64c2ecc6,collateral_assets,PT-syrupUSDC-29JAN2026,0x1ef58a7af39883cc95c59a2c106b726c64c2ecc6,6,p90,2026-05-19T13:00:00Z,56,0,0,0,8110607,8.110607,12355537880,12355.53788,2025-12-23T13:00:00Z,8110607,8.110607,8110607,8.110607,8110607,8.110607,applicable,1,applicable,0.000656434959
v1.0,exact_asset_group,0x1ef58a7af39883cc95c59a2c106b726c64c2ecc6,2,,,,,PT-syrupUSDC-29JAN2026,0x1ef58a7af39883cc95c59a2c106b726c64c2ecc6,collateral_assets,PT-syrupUSDC-29JAN2026,0x1ef58a7af39883cc95c59a2c106b726c64c2ecc6,6,p180,2026-08-17T13:00:00Z,56,0,0,0,8110607,8.110607,12355537880,12355.53788,2025-12-23T13:00:00Z,8110607,8.110607,8110607,8.110607,8110607,8.110607,applicable,1,applicable,0.000656434959
v1.0,exact_asset_group,0x211cc4dd073734da055fbf44a2b4667d5e5fe5d2,2,,,,,sUSDe,0x211cc4dd073734da055fbf44a2b4667d5e5fe5d2,collateral_assets,sUSDe,0x211cc4dd073734da055fbf44a2b4667d5e5fe5d2,18,p30,2026-03-20T13:00:00Z,56,24023293550993481470,428987384839169311.964285714286,0.428987384839,24190315344740745198678,24190.315344740745,59522919072298280973113,59522.919072298281,2025-10-19T13:00:00Z,24143155624683414576804,24143.155624683415,24189886357355906029366.035714285714,24189.886357355906,24142726637298575407492.035714285714,24142.726637298575,applicable,0.998050436477,applicable,0.40560679842
v1.0,exact_asset_group,0x211cc4dd073734da055fbf44a2b4667d5e5fe5d2,2,,,,,sUSDe,0x211cc4dd073734da055fbf44a2b4667d5e5fe5d2,collateral_assets,sUSDe,0x211cc4dd073734da055fbf44a2b4667d5e5fe5d2,18,p90,2026-05-19T13:00:00Z,56,24023293550993481470,428987384839169311.964285714286,0.428987384839,24190315344740745198678,24190.315344740745,59522919072298280973113,59522.919072298281,2025-10-19T13:00:00Z,24102809528575094334317,24102.809528575094,24189886357355906029366.035714285714,24189.886357355906,24102380541190255165005.035714285714,24102.380541190255,applicable,0.99638254538,applicable,0.40492896898
v1.0,exact_asset_group,0x211cc4dd073734da055fbf44a2b4667d5e5fe5d2,2,,,,,sUSDe,0x211cc4dd073734da055fbf44a2b4667d5e5fe5d2,collateral_assets,sUSDe,0x211cc4dd073734da055fbf44a2b4667d5e5fe5d2,18,p180,2026-08-17T13:00:00Z,56,24023293550993481470,428987384839169311.964285714286,0.428987384839,24190315344740745198678,24190.315344740745,59522919072298280973113,59522.919072298281,2025-10-19T13:00:00Z,24874009068573714377437,24874.009068573714,24189886357355906029366.035714285714,24189.886357355906,24873580081188875208125.035714285714,24873.580081188875,applicable,1.028263618677,applicable,0.417885408452
v1.0,exact_asset_group,0x2416092f143378750bb29b79ed961ab195cceea5,1,,,,,ezETH,0x2416092f143378750bb29b79ed961ab195cceea5,collateral_assets,ezETH,0x2416092f143378750bb29b79ed961ab195cceea5,18,p30,2026-03-20T13:00:00Z,56,912021139402158,16286091775038.535714285714,0.000016286092,52101494480577,0.000052101494,2200052101494480577,2.200052101494,2025-11-14T13:00:00Z,52101494480577,0.000052101494,35815402705538.464285714286,0.000035815403,35815402705538.464285714286,0.000035815403,applicable,1,applicable,0.000016279463
v1.0,exact_asset_group,0x2416092f143378750bb29b79ed961ab195cceea5,1,,,,,ezETH,0x2416092f143378750bb29b79ed961ab195cceea5,collateral_assets,ezETH,0x2416092f143378750bb29b79ed961ab195cceea5,18,p90,2026-05-19T13:00:00Z,56,912021139402158,16286091775038.535714285714,0.000016286092,52101494480577,0.000052101494,2200052101494480577,2.200052101494,2025-11-14T13:00:00Z,52101494480577,0.000052101494,35815402705538.464285714286,0.000035815403,35815402705538.464285714286,0.000035815403,applicable,1,applicable,0.000016279463
v1.0,exact_asset_group,0x2416092f143378750bb29b79ed961ab195cceea5,1,,,,,ezETH,0x2416092f143378750bb29b79ed961ab195cceea5,collateral_assets,ezETH,0x2416092f143378750bb29b79ed961ab195cceea5,18,p180,2026-08-17T13:00:00Z,56,912021139402158,16286091775038.535714285714,0.000016286092,52101494480577,0.000052101494,2200052101494480577,2.200052101494,2025-11-14T13:00:00Z,52101494480577,0.000052101494,35815402705538.464285714286,0.000035815403,35815402705538.464285714286,0.000035815403,applicable,1,applicable,0.000016279463
v1.0,exact_asset_group,0x2f2a2543b76a4166549f7aab2e75bef0aefc5b0f,1,,,,,WBTC,0x2f2a2543b76a4166549f7aab2e75bef0aefc5b0f,collateral_assets,WBTC,0x2f2a2543b76a4166549f7aab2e75bef0aefc5b0f,8,p30,2026-03-20T13:00:00Z,56,1736725,31012.946428571429,0.000310129464,2809369190,28.0936919,6600653907,66.00653907,2026-01-14T13:00:00Z,2751852868,27.51852868,2809338177.053571428571,28.093381770536,2751821855.053571428571,27.518218550536,applicable,0.979526736058,applicable,0.416903358853
v1.0,exact_asset_group,0x2f2a2543b76a4166549f7aab2e75bef0aefc5b0f,1,,,,,WBTC,0x2f2a2543b76a4166549f7aab2e75bef0aefc5b0f,collateral_assets,WBTC,0x2f2a2543b76a4166549f7aab2e75bef0aefc5b0f,8,p90,2026-05-19T13:00:00Z,56,1736725,31012.946428571429,0.000310129464,2809369190,28.0936919,6600653907,66.00653907,2026-01-14T13:00:00Z,4288303208,42.88303208,2809338177.053571428571,28.093381770536,4288272195.053571428571,42.882721950536,applicable,1.526435026612,applicable,0.649676896239
v1.0,exact_asset_group,0x2f2a2543b76a4166549f7aab2e75bef0aefc5b0f,1,,,,,WBTC,0x2f2a2543b76a4166549f7aab2e75bef0aefc5b0f,collateral_assets,WBTC,0x2f2a2543b76a4166549f7aab2e75bef0aefc5b0f,8,p180,2026-08-17T13:00:00Z,56,1736725,31012.946428571429,0.000310129464,2809369190,28.0936919,6600653907,66.00653907,2026-01-14T13:00:00Z,1967635444,19.67635444,2809338177.053571428571,28.093381770536,1967604431.053571428571,19.676044310536,applicable,0.700380056458,applicable,0.298093750035
v1.0,exact_asset_group,0x35751007a407ca6feffe80b3cb397736d2cf4dbe,2,,,,,weETH,0x35751007a407ca6feffe80b3cb397736d2cf4dbe,collateral_assets,weETH,0x35751007a407ca6feffe80b3cb397736d2cf4dbe,18,p30,2026-03-20T13:00:00Z,56,3802353858820588908,67899176050367659.071428571429,0.06789917605,179513542755551778898,179.513542755552,309621695527336216279,309.621695527336,2025-09-05T13:00:00Z,179518248793202965043,179.518248793203,179445643579501411238.928571428571,179.445643579501,179450349617152597383.928571428571,179.450349617153,applicable,1.000026225422,applicable,0.579706505726
v1.0,exact_asset_group,0x35751007a407ca6feffe80b3cb397736d2cf4dbe,2,,,,,weETH,0x35751007a407ca6feffe80b3cb397736d2cf4dbe,collateral_assets,weETH,0x35751007a407ca6feffe80b3cb397736d2cf4dbe,18,p90,2026-05-19T13:00:00Z,56,3802353858820588908,67899176050367659.071428571429,0.06789917605,179513542755551778898,179.513542755552,309621695527336216279,309.621695527336,2025-09-05T13:00:00Z,2483674341313830339590,2483.67434131383,179445643579501411238.928571428571,179.445643579501,2483606442137779971930.928571428571,2483.60644213778,applicable,13.840438767952,applicable,8.02318198456
v1.0,exact_asset_group,0x35751007a407ca6feffe80b3cb397736d2cf4dbe,2,,,,,weETH,0x35751007a407ca6feffe80b3cb397736d2cf4dbe,collateral_assets,weETH,0x35751007a407ca6feffe80b3cb397736d2cf4dbe,18,p180,2026-08-17T13:00:00Z,56,3802353858820588908,67899176050367659.071428571429,0.06789917605,179513542755551778898,179.513542755552,309621695527336216279,309.621695527336,2025-09-05T13:00:00Z,2298682200257551556724,2298.682200257552,179445643579501411238.928571428571,179.445643579501,2298614301081501189064.928571428571,2298.614301081501,applicable,12.809529700637,applicable,7.425572963974
v1.0,exact_asset_group,0x35e5db674d8e93a03d814fa0ada70731efe8a4b9,2,,,,,RLP,0x35e5db674d8e93a03d814fa0ada70731efe8a4b9,collateral_assets,RLP,0x35e5db674d8e93a03d814fa0ada70731efe8a4b9,18,p30,2026-03-20T13:00:00Z,56,0,0,0,137644240285912161786788,137644.240285912162,3115498084924852467074639,3115498.084924852467,2026-01-20T13:00:00Z,17203079000203533929085,17203.079000203534,137644240285912161786788,137644.240285912162,17203079000203533929085,17203.079000203534,applicable,0.124982192967,applicable,0.00552177486
v1.0,exact_asset_group,0x35e5db674d8e93a03d814fa0ada70731efe8a4b9,2,,,,,RLP,0x35e5db674d8e93a03d814fa0ada70731efe8a4b9,collateral_assets,RLP,0x35e5db674d8e93a03d814fa0ada70731efe8a4b9,18,p90,2026-05-19T13:00:00Z,56,0,0,0,137644240285912161786788,137644.240285912162,3115498084924852467074639,3115498.084924852467,2026-01-20T13:00:00Z,68903676446668317481326,68903.676446668317,137644240285912161786788,137644.240285912162,68903676446668317481326,68903.676446668317,applicable,0.500592515194,applicable,0.022116423945
v1.0,exact_asset_group,0x35e5db674d8e93a03d814fa0ada70731efe8a4b9,2,,,,,RLP,0x35e5db674d8e93a03d814fa0ada70731efe8a4b9,collateral_assets,RLP,0x35e5db674d8e93a03d814fa0ada70731efe8a4b9,18,p180,2026-08-17T13:00:00Z,56,0,0,0,137644240285912161786788,137644.240285912162,3115498084924852467074639,3115498.084924852467,2026-01-20T13:00:00Z,68903676446668317481326,68903.676446668317,137644240285912161786788,137644.240285912162,68903676446668317481326,68903.676446668317,applicable,0.500592515194,applicable,0.022116423945
v1.0,exact_asset_group,0x40461291347e1ecbb09499f3371d3f17f10d7159,1,,,,,XAUt0,0x40461291347e1ecbb09499f3371d3f17f10d7159,collateral_assets,XAUt0,0x40461291347e1ecbb09499f3371d3f17f10d7159,6,p30,2026-03-20T13:00:00Z,56,0,0,0,1224,0.001224,101224,0.101224,2026-02-09T13:00:00Z,3390093,3.390093,1224,0.001224,3390093,3.390093,applicable,2769.683823529412,applicable,33.491000158065
v1.0,exact_asset_group,0x40461291347e1ecbb09499f3371d3f17f10d7159,1,,,,,XAUt0,0x40461291347e1ecbb09499f3371d3f17f10d7159,collateral_assets,XAUt0,0x40461291347e1ecbb09499f3371d3f17f10d7159,6,p90,2026-05-19T13:00:00Z,56,0,0,0,1224,0.001224,101224,0.101224,2026-02-09T13:00:00Z,9215478,9.215478,1224,0.001224,9215478,9.215478,applicable,7528.985294117647,applicable,91.040444953766
v1.0,exact_asset_group,0x40461291347e1ecbb09499f3371d3f17f10d7159,1,,,,,XAUt0,0x40461291347e1ecbb09499f3371d3f17f10d7159,collateral_assets,XAUt0,0x40461291347e1ecbb09499f3371d3f17f10d7159,6,p180,2026-08-17T13:00:00Z,56,0,0,0,1224,0.001224,101224,0.101224,2026-02-09T13:00:00Z,8085816,8.085816,1224,0.001224,8085816,8.085816,applicable,6606.058823529412,applicable,79.880423614953
v1.0,exact_asset_group,0x4186bfc76e2e237523cbc30fd220fe055156b41f,1,,,,,rsETH,0x4186bfc76e2e237523cbc30fd220fe055156b41f,collateral_assets,rsETH,0x4186bfc76e2e237523cbc30fd220fe055156b41f,18,p30,2026-03-20T13:00:00Z,56,914250654695361,16325904548131.446428571429,0.000016325905,7125664207465,0.000007125664,50139480591936760073,50.139480591937,2025-10-02T13:00:00Z,7125664207465,0.000007125664,-9200240340666.446428571429,-0.00000920024,-9200240340666.446428571429,-0.00000920024,not_applicable_no_positive_end_uplift,,applicable,-0.000000183493
v1.0,exact_asset_group,0x4186bfc76e2e237523cbc30fd220fe055156b41f,1,,,,,rsETH,0x4186bfc76e2e237523cbc30fd220fe055156b41f,collateral_assets,rsETH,0x4186bfc76e2e237523cbc30fd220fe055156b41f,18,p90,2026-05-19T13:00:00Z,56,914250654695361,16325904548131.446428571429,0.000016325905,7125664207465,0.000007125664,50139480591936760073,50.139480591937,2025-10-02T13:00:00Z,7125664207465,0.000007125664,-9200240340666.446428571429,-0.00000920024,-9200240340666.446428571429,-0.00000920024,not_applicable_no_positive_end_uplift,,applicable,-0.000000183493
v1.0,exact_asset_group,0x4186bfc76e2e237523cbc30fd220fe055156b41f,1,,,,,rsETH,0x4186bfc76e2e237523cbc30fd220fe055156b41f,collateral_assets,rsETH,0x4186bfc76e2e237523cbc30fd220fe055156b41f,18,p180,2026-08-17T13:00:00Z,56,914250654695361,16325904548131.446428571429,0.000016325905,7125664207465,0.000007125664,50139480591936760073,50.139480591937,2025-10-02T13:00:00Z,7125664207465,0.000007125664,-9200240340666.446428571429,-0.00000920024,-9200240340666.446428571429,-0.00000920024,not_applicable_no_positive_end_uplift,,applicable,-0.000000183493
v1.0,exact_asset_group,0x41ca7586cc1311807b4605fbb748a3b8862b42b5,2,,,,,syrupUSDC,0x41ca7586cc1311807b4605fbb748a3b8862b42b5,collateral_assets,syrupUSDC,0x41ca7586cc1311807b4605fbb748a3b8862b42b5,6,p30,2026-03-20T13:00:00Z,56,17837295,318523.125,0.318523125,26938753956364,26938753.956364,79001845222939,79001845.222939,2025-10-25T13:00:00Z,51568110912156,51568110.912156,26938753637840.875,26938753.637840875,51568110593632.875,51568110.593632875,applicable,1.914272326289,applicable,0.652745649877
v1.0,exact_asset_group,0x41ca7586cc1311807b4605fbb748a3b8862b42b5,2,,,,,syrupUSDC,0x41ca7586cc1311807b4605fbb748a3b8862b42b5,collateral_assets,syrupUSDC,0x41ca7586cc1311807b4605fbb748a3b8862b42b5,6,p90,2026-05-19T13:00:00Z,56,17837295,318523.125,0.318523125,26938753956364,26938753.956364,79001845222939,79001845.222939,2025-10-25T13:00:00Z,2781723878598,2781723.878598,26938753637840.875,26938753.637840875,2781723560074.875,2781723.560074875,applicable,0.103261034177,applicable,0.035210868347
v1.0,exact_asset_group,0x41ca7586cc1311807b4605fbb748a3b8862b42b5,2,,,,,syrupUSDC,0x41ca7586cc1311807b4605fbb748a3b8862b42b5,collateral_assets,syrupUSDC,0x41ca7586cc1311807b4605fbb748a3b8862b42b5,6,p180,2026-08-17T13:00:00Z,56,17837295,318523.125,0.318523125,26938753956364,26938753.956364,79001845222939,79001845.222939,2025-10-25T13:00:00Z,90760073982,90760.073982,26938753637840.875,26938753.637840875,90759755458.875,90759.755458875,applicable,0.00336911487,applicable,0.001148830835
v1.0,exact_asset_group,0x4809010926aec940b550d34a46a52739f996d75d,2,,,,,wsrUSD,0x4809010926aec940b550d34a46a52739f996d75d,collateral_assets,wsrUSD,0x4809010926aec940b550d34a46a52739f996d75d,18,p30,2026-03-20T13:00:00Z,56,0,0,0,1264840438861854886397070,1264840.438861854886,3165376368055715337123840,3165376.368055715337,2026-01-29T13:00:00Z,10859103348414202642,10.859103348414,1264840438861854886397070,1264840.438861854886,10859103348414202642,10.859103348414,applicable,0.000008585354,applicable,0.000003430588
v1.0,exact_asset_group,0x4809010926aec940b550d34a46a52739f996d75d,2,,,,,wsrUSD,0x4809010926aec940b550d34a46a52739f996d75d,collateral_assets,wsrUSD,0x4809010926aec940b550d34a46a52739f996d75d,18,p90,2026-05-19T13:00:00Z,56,0,0,0,1264840438861854886397070,1264840.438861854886,3165376368055715337123840,3165376.368055715337,2026-01-29T13:00:00Z,1542086401545976814607426,1542086.401545976815,1264840438861854886397070,1264840.438861854886,1542086401545976814607426,1542086.401545976815,applicable,1.219194417071,applicable,0.487173158019
v1.0,exact_asset_group,0x4809010926aec940b550d34a46a52739f996d75d,2,,,,,wsrUSD,0x4809010926aec940b550d34a46a52739f996d75d,collateral_assets,wsrUSD,0x4809010926aec940b550d34a46a52739f996d75d,18,p180,2026-08-17T13:00:00Z,56,0,0,0,1264840438861854886397070,1264840.438861854886,3165376368055715337123840,3165376.368055715337,2026-01-29T13:00:00Z,496957293978319736179379,496957.293978319736,1264840438861854886397070,1264840.438861854886,496957293978319736179379,496957.293978319736,applicable,0.392901174496,applicable,0.156997853081
v1.0,exact_asset_group,0x51b0f6aed4a421f09d28a5ede1dcf460bcb54d30,2,,,,,siUSD,0x51b0f6aed4a421f09d28a5ede1dcf460bcb54d30,collateral_assets,siUSD,0x51b0f6aed4a421f09d28a5ede1dcf460bcb54d30,18,p30,2026-03-20T13:00:00Z,56,0,0,0,28266134035502172216320,28266.134035502172,28266134035502172216320,28266.134035502172,2026-02-07T13:00:00Z,47507876348502172216320,47507.876348502172,28266134035502172216320,28266.134035502172,47507876348502172216320,47507.876348502172,applicable,1.680734842934,applicable,1.680734842934
v1.0,exact_asset_group,0x51b0f6aed4a421f09d28a5ede1dcf460bcb54d30,2,,,,,siUSD,0x51b0f6aed4a421f09d28a5ede1dcf460bcb54d30,collateral_assets,siUSD,0x51b0f6aed4a421f09d28a5ede1dcf460bcb54d30,18,p90,2026-05-19T13:00:00Z,56,0,0,0,28266134035502172216320,28266.134035502172,28266134035502172216320,28266.134035502172,2026-02-07T13:00:00Z,119418196858502372216320,119418.196858502372,28266134035502172216320,28266.134035502172,119418196858502372216320,119418.196858502372,applicable,4.224779968443,applicable,4.224779968443
v1.0,exact_asset_group,0x51b0f6aed4a421f09d28a5ede1dcf460bcb54d30,2,,,,,siUSD,0x51b0f6aed4a421f09d28a5ede1dcf460bcb54d30,collateral_assets,siUSD,0x51b0f6aed4a421f09d28a5ede1dcf460bcb54d30,18,p180,2026-08-17T13:00:00Z,56,0,0,0,28266134035502172216320,28266.134035502172,28266134035502172216320,28266.134035502172,2026-02-07T13:00:00Z,1911769199674204704872,1911.769199674205,28266134035502172216320,28266.134035502172,1911769199674204704872,1911.769199674205,applicable,0.067634618773,applicable,0.067634618773
v1.0,exact_asset_group,0x528a5bac7e746c9a509a1f4f6df58a03d44279f9,1,,,,,GLV [WETH-USDC],0x528a5bac7e746c9a509a1f4f6df58a03d44279f9,collateral_assets,GLV [WETH-USDC],0x528a5bac7e746c9a509a1f4f6df58a03d44279f9,18,p30,2026-03-20T13:00:00Z,56,0,0,0,579903176566716016077807,579903.176566716016,1303964284703496252299562,1303964.284703496252,2025-10-22T13:00:00Z,166241750839820274542129,166241.750839820275,579903176566716016077807,579903.176566716016,166241750839820274542129,166241.750839820275,applicable,0.286671564422,applicable,0.127489497059
v1.0,exact_asset_group,0x528a5bac7e746c9a509a1f4f6df58a03d44279f9,1,,,,,GLV [WETH-USDC],0x528a5bac7e746c9a509a1f4f6df58a03d44279f9,collateral_assets,GLV [WETH-USDC],0x528a5bac7e746c9a509a1f4f6df58a03d44279f9,18,p90,2026-05-19T13:00:00Z,56,0,0,0,579903176566716016077807,579903.176566716016,1303964284703496252299562,1303964.284703496252,2025-10-22T13:00:00Z,38655182246922050925682,38655.182246922051,579903176566716016077807,579903.176566716016,38655182246922050925682,38655.182246922051,applicable,0.066657993625,applicable,0.029644356598
v1.0,exact_asset_group,0x528a5bac7e746c9a509a1f4f6df58a03d44279f9,1,,,,,GLV [WETH-USDC],0x528a5bac7e746c9a509a1f4f6df58a03d44279f9,collateral_assets,GLV [WETH-USDC],0x528a5bac7e746c9a509a1f4f6df58a03d44279f9,18,p180,2026-08-17T13:00:00Z,56,0,0,0,579903176566716016077807,579903.176566716016,1303964284703496252299562,1303964.284703496252,2025-10-22T13:00:00Z,28948623726511810148792,28948.62372651181,579903176566716016077807,579903.176566716016,28948623726511810148792,28948.62372651181,applicable,0.04991975367,applicable,0.02220047287
v1.0,exact_asset_group,0x5979d7b546e38e414f7e9822514be443a4800529,2,,,,,wstETH,0x5979d7b546e38e414f7e9822514be443a4800529,collateral_assets,wstETH,0x5979d7b546e38e414f7e9822514be443a4800529,18,p30,2026-03-20T13:00:00Z,56,4755141544657203913918,84913241868878641319.964285714286,84.913241868879,5927215195241547890693,5927.215195241548,7608761716038519443574,7608.761716038519,2026-01-12T13:00:00Z,7063941695574719026183,7063.941695574719,5842301953372669249373.035714285714,5842.301953372669,6979028453705840384863.035714285714,6979.02845370584,applicable,1.194568255699,applicable,0.927587587345
v1.0,exact_asset_group,0x5979d7b546e38e414f7e9822514be443a4800529,2,,,,,wstETH,0x5979d7b546e38e414f7e9822514be443a4800529,collateral_assets,wstETH,0x5979d7b546e38e414f7e9822514be443a4800529,18,p90,2026-05-19T13:00:00Z,56,4755141544657203913918,84913241868878641319.964285714286,84.913241868879,5927215195241547890693,5927.215195241548,7608761716038519443574,7608.761716038519,2026-01-12T13:00:00Z,5167502169216817189524,5167.502169216817,5842301953372669249373.035714285714,5842.301953372669,5082588927347938548204.035714285714,5082.588927347939,applicable,0.869963409614,applicable,0.675530474171
v1.0,exact_asset_group,0x5979d7b546e38e414f7e9822514be443a4800529,2,,,,,wstETH,0x5979d7b546e38e414f7e9822514be443a4800529,collateral_assets,wstETH,0x5979d7b546e38e414f7e9822514be443a4800529,18,p180,2026-08-17T13:00:00Z,56,4755141544657203913918,84913241868878641319.964285714286,84.913241868879,5927215195241547890693,5927.215195241548,7608761716038519443574,7608.761716038519,2026-01-12T13:00:00Z,1515827025414995820978,1515.827025414996,5842301953372669249373.035714285714,5842.301953372669,1430913783546117179658.035714285714,1430.913783546117,applicable,0.244922942184,applicable,0.190183758812
v1.0,exact_asset_group,0x5a791652f3b140d357df072d355a98ab754877d1,1,,,,,PT-thBILL-27NOV2025,0x5a791652f3b140d357df072d355a98ab754877d1,collateral_assets,PT-thBILL-27NOV2025,0x5a791652f3b140d357df072d355a98ab754877d1,6,p30,2026-03-20T13:00:00Z,56,0,0,0,16086807080,16086.80708,5187695555632,5187695.555632,2025-11-04T13:00:00Z,16086621071,16086.621071,16086807080,16086.80708,16086621071,16086.621071,applicable,0.999988437171,applicable,0.00310091849
v1.0,exact_asset_group,0x5a791652f3b140d357df072d355a98ab754877d1,1,,,,,PT-thBILL-27NOV2025,0x5a791652f3b140d357df072d355a98ab754877d1,collateral_assets,PT-thBILL-27NOV2025,0x5a791652f3b140d357df072d355a98ab754877d1,6,p90,2026-05-19T13:00:00Z,56,0,0,0,16086807080,16086.80708,5187695555632,5187695.555632,2025-11-04T13:00:00Z,15294474,15.294474,16086807080,16086.80708,15294474,15.294474,applicable,0.000950746405,applicable,0.000002948221
v1.0,exact_asset_group,0x5a791652f3b140d357df072d355a98ab754877d1,1,,,,,PT-thBILL-27NOV2025,0x5a791652f3b140d357df072d355a98ab754877d1,collateral_assets,PT-thBILL-27NOV2025,0x5a791652f3b140d357df072d355a98ab754877d1,6,p180,2026-08-17T13:00:00Z,56,0,0,0,16086807080,16086.80708,5187695555632,5187695.555632,2025-11-04T13:00:00Z,15294474,15.294474,16086807080,16086.80708,15294474,15.294474,applicable,0.000950746405,applicable,0.000002948221
v1.0,exact_asset_group,0x5b2c615e22272234aacf187632a0531ca1243279,3,,,,,PT-USDai-19FEB2026,0x5b2c615e22272234aacf187632a0531ca1243279,collateral_assets,PT-USDai-19FEB2026,0x5b2c615e22272234aacf187632a0531ca1243279,18,p30,2026-03-20T13:00:00Z,56,0,0,0,53058866227784604662011932,53058866.227784604662,54119715631523031799809504,54119715.6315230318,2026-02-15T13:00:00Z,10367128936050096046233,10367.128936050096,53058866227784604662011932,53058866.227784604662,10367128936050096046233,10367.128936050096,applicable,0.000195389191,applicable,0.000191559191
v1.0,exact_asset_group,0x5b2c615e22272234aacf187632a0531ca1243279,3,,,,,PT-USDai-19FEB2026,0x5b2c615e22272234aacf187632a0531ca1243279,collateral_assets,PT-USDai-19FEB2026,0x5b2c615e22272234aacf187632a0531ca1243279,18,p90,2026-05-19T13:00:00Z,56,0,0,0,53058866227784604662011932,53058866.227784604662,54119715631523031799809504,54119715.6315230318,2026-02-15T13:00:00Z,41489536336892917529,41.489536336893,53058866227784604662011932,53058866.227784604662,41489536336892917529,41.489536336893,applicable,0.000000781953,applicable,0.000000766625
v1.0,exact_asset_group,0x5b2c615e22272234aacf187632a0531ca1243279,3,,,,,PT-USDai-19FEB2026,0x5b2c615e22272234aacf187632a0531ca1243279,collateral_assets,PT-USDai-19FEB2026,0x5b2c615e22272234aacf187632a0531ca1243279,18,p180,2026-08-17T13:00:00Z,56,0,0,0,53058866227784604662011932,53058866.227784604662,54119715631523031799809504,54119715.6315230318,2026-02-15T13:00:00Z,21352597715398494710,21.352597715398,53058866227784604662011932,53058866.227784604662,21352597715398494710,21.352597715398,applicable,0.000000402432,applicable,0.000000394544
v1.0,exact_asset_group,0x5d3a1ff2b6bab83b63cd9ad0787074081a52ef34,1,,,,,USDe,0x5d3a1ff2b6bab83b63cd9ad0787074081a52ef34,collateral_assets,USDe,0x5d3a1ff2b6bab83b63cd9ad0787074081a52ef34,18,p30,2026-03-20T13:00:00Z,56,21054857674454582912,375979601329546123.428571428571,0.37597960133,40560479874469247037,40.560479874469,15045394352147931683071,15045.394352147932,2025-10-12T13:00:00Z,40560479874469247037,40.560479874469,40184500273139700913.571428571429,40.18450027314,40184500273139700913.571428571429,40.18450027314,applicable,1,applicable,0.002670950562
v1.0,exact_asset_group,0x5d3a1ff2b6bab83b63cd9ad0787074081a52ef34,1,,,,,USDe,0x5d3a1ff2b6bab83b63cd9ad0787074081a52ef34,collateral_assets,USDe,0x5d3a1ff2b6bab83b63cd9ad0787074081a52ef34,18,p90,2026-05-19T13:00:00Z,56,21054857674454582912,375979601329546123.428571428571,0.37597960133,40560479874469247037,40.560479874469,15045394352147931683071,15045.394352147932,2025-10-12T13:00:00Z,40560479874469247037,40.560479874469,40184500273139700913.571428571429,40.18450027314,40184500273139700913.571428571429,40.18450027314,applicable,1,applicable,0.002670950562
v1.0,exact_asset_group,0x5d3a1ff2b6bab83b63cd9ad0787074081a52ef34,1,,,,,USDe,0x5d3a1ff2b6bab83b63cd9ad0787074081a52ef34,collateral_assets,USDe,0x5d3a1ff2b6bab83b63cd9ad0787074081a52ef34,18,p180,2026-08-17T13:00:00Z,56,21054857674454582912,375979601329546123.428571428571,0.37597960133,40560479874469247037,40.560479874469,15045394352147931683071,15045.394352147932,2025-10-12T13:00:00Z,40560479874469247037,40.560479874469,40184500273139700913.571428571429,40.18450027314,40184500273139700913.571428571429,40.18450027314,applicable,1,applicable,0.002670950562
v1.0,exact_asset_group,0x66cfbd79257dc5217903a36293120282548e2254,3,,,,,wstUSR,0x66cfbd79257dc5217903a36293120282548e2254,collateral_assets,wstUSR,0x66cfbd79257dc5217903a36293120282548e2254,18,p30,2026-03-20T13:00:00Z,56,2500000000000000000,44642857142857142.857142857143,0.044642857143,502492919669114047556797,502492.919669114048,6239349751770871578747120,6239349.751770871579,2026-01-19T13:00:00Z,140664649320761555077,140.664649320762,502492875026256904699654.142857142857,502492.875026256905,140620006463618697934.142857142857,140.620006463619,applicable,0.000279844777,applicable,0.000022537606
v1.0,exact_asset_group,0x66cfbd79257dc5217903a36293120282548e2254,3,,,,,wstUSR,0x66cfbd79257dc5217903a36293120282548e2254,collateral_assets,wstUSR,0x66cfbd79257dc5217903a36293120282548e2254,18,p90,2026-05-19T13:00:00Z,56,2500000000000000000,44642857142857142.857142857143,0.044642857143,502492919669114047556797,502492.919669114048,6239349751770871578747120,6239349.751770871579,2026-01-19T13:00:00Z,268572473331965664057,268.572473331966,502492875026256904699654.142857142857,502492.875026256905,268527830474822806914.142857142857,268.527830474823,applicable,0.000534391319,applicable,0.000043037791
v1.0,exact_asset_group,0x66cfbd79257dc5217903a36293120282548e2254,3,,,,,wstUSR,0x66cfbd79257dc5217903a36293120282548e2254,collateral_assets,wstUSR,0x66cfbd79257dc5217903a36293120282548e2254,18,p180,2026-08-17T13:00:00Z,56,2500000000000000000,44642857142857142.857142857143,0.044642857143,502492919669114047556797,502492.919669114048,6239349751770871578747120,6239349.751770871579,2026-01-19T13:00:00Z,266131149460756962041,266.131149460757,502492875026256904699654.142857142857,502492.875026256905,266086506603614104898.142857142857,266.086506603614,applicable,0.000529532895,applicable,0.000042646513
v1.0,exact_asset_group,0x6eaf19b2fc24552925db245f9ff613157a7dbb4c,1,,,,,xUSD,0x6eaf19b2fc24552925db245f9ff613157a7dbb4c,collateral_assets,xUSD,0x6eaf19b2fc24552925db245f9ff613157a7dbb4c,6,p30,2026-03-20T13:00:00Z,56,0,0,0,644314812208,644314.812208,22833292849329,22833292.849329,2025-10-20T13:00:00Z,644314812208,644314.812208,644314812208,644314.812208,644314812208,644314.812208,applicable,1,applicable,0.02821821699
v1.0,exact_asset_group,0x6eaf19b2fc24552925db245f9ff613157a7dbb4c,1,,,,,xUSD,0x6eaf19b2fc24552925db245f9ff613157a7dbb4c,collateral_assets,xUSD,0x6eaf19b2fc24552925db245f9ff613157a7dbb4c,6,p90,2026-05-19T13:00:00Z,56,0,0,0,644314812208,644314.812208,22833292849329,22833292.849329,2025-10-20T13:00:00Z,644314812208,644314.812208,644314812208,644314.812208,644314812208,644314.812208,applicable,1,applicable,0.02821821699
v1.0,exact_asset_group,0x6eaf19b2fc24552925db245f9ff613157a7dbb4c,1,,,,,xUSD,0x6eaf19b2fc24552925db245f9ff613157a7dbb4c,collateral_assets,xUSD,0x6eaf19b2fc24552925db245f9ff613157a7dbb4c,6,p180,2026-08-17T13:00:00Z,56,0,0,0,644314812208,644314.812208,22833292849329,22833292.849329,2025-10-20T13:00:00Z,644314812208,644314.812208,644314812208,644314.812208,644314812208,644314.812208,applicable,1,applicable,0.02821821699
v1.0,exact_asset_group,0x70d95587d40a2caf56bd97485ab3eec10bee6336,1,,,,,GM,0x70d95587d40a2caf56bd97485ab3eec10bee6336,collateral_assets,GM,0x70d95587d40a2caf56bd97485ab3eec10bee6336,18,p30,2026-03-20T13:00:00Z,56,2000000000000000000,35714285714285714.285714285714,0.035714285714,113431617658814511683478,113431.617658814512,222098720708808199701943,222098.7207088082,2025-09-28T13:00:00Z,135075168500975196125850,135075.168500975196,113431581944528797397763.714285714286,113431.581944528797,135075132786689481840135.714285714286,135075.132786689482,applicable,1.190807096852,applicable,0.608176193344
v1.0,exact_asset_group,0x70d95587d40a2caf56bd97485ab3eec10bee6336,1,,,,,GM,0x70d95587d40a2caf56bd97485ab3eec10bee6336,collateral_assets,GM,0x70d95587d40a2caf56bd97485ab3eec10bee6336,18,p90,2026-05-19T13:00:00Z,56,2000000000000000000,35714285714285714.285714285714,0.035714285714,113431617658814511683478,113431.617658814512,222098720708808199701943,222098.7207088082,2025-09-28T13:00:00Z,17817025261637345517743,17817.025261637346,113431581944528797397763.714285714286,113431.581944528797,17816989547351631232028.714285714286,17816.989547351631,applicable,0.15707256517,applicable,0.08022104925
v1.0,exact_asset_group,0x70d95587d40a2caf56bd97485ab3eec10bee6336,1,,,,,GM,0x70d95587d40a2caf56bd97485ab3eec10bee6336,collateral_assets,GM,0x70d95587d40a2caf56bd97485ab3eec10bee6336,18,p180,2026-08-17T13:00:00Z,56,2000000000000000000,35714285714285714.285714285714,0.035714285714,113431617658814511683478,113431.617658814512,222098720708808199701943,222098.7207088082,2025-09-28T13:00:00Z,12249690678194015252073,12249.690678194015,113431581944528797397763.714285714286,113431.581944528797,12249654963908300966358.714285714286,12249.654963908301,applicable,0.107991573016,applicable,0.055154108473
v1.0,exact_asset_group,0x82af49447d8a07e3bd95bd0d56f35241523fbab1,1,,,,,WETH,0x82af49447d8a07e3bd95bd0d56f35241523fbab1,collateral_assets,WETH,0x82af49447d8a07e3bd95bd0d56f35241523fbab1,18,p30,2026-03-20T13:00:00Z,56,354336570231634780,6327438754136335.357142857143,0.006327438754,84038588280279821428,84.03858828028,230930830699236681093,230.930830699237,2025-12-26T13:00:00Z,87230767705607250044,87.230767705607,84032260841525685092.642857142857,84.032260841526,87224440266853113708.642857142857,87.224440266853,applicable,1.037987546608,applicable,0.377718427604
v1.0,exact_asset_group,0x82af49447d8a07e3bd95bd0d56f35241523fbab1,1,,,,,WETH,0x82af49447d8a07e3bd95bd0d56f35241523fbab1,collateral_assets,WETH,0x82af49447d8a07e3bd95bd0d56f35241523fbab1,18,p90,2026-05-19T13:00:00Z,56,354336570231634780,6327438754136335.357142857143,0.006327438754,84038588280279821428,84.03858828028,230930830699236681093,230.930830699237,2025-12-26T13:00:00Z,643105228628269945444,643.10522862827,84032260841525685092.642857142857,84.032260841526,643098901189515809108.642857142857,643.098901189516,applicable,7.653000106737,applicable,2.784888100264
v1.0,exact_asset_group,0x82af49447d8a07e3bd95bd0d56f35241523fbab1,1,,,,,WETH,0x82af49447d8a07e3bd95bd0d56f35241523fbab1,collateral_assets,WETH,0x82af49447d8a07e3bd95bd0d56f35241523fbab1,18,p180,2026-08-17T13:00:00Z,56,354336570231634780,6327438754136335.357142857143,0.006327438754,84038588280279821428,84.03858828028,230930830699236681093,230.930830699237,2025-12-26T13:00:00Z,519948431455033911107,519.948431455034,84032260841525685092.642857142857,84.032260841526,519942104016279774771.642857142857,519.94210401628,applicable,6.187410630268,applicable,2.251567489266
v1.0,exact_asset_group,0x8b4ca42bb3b1d789859f106222cf7dc5eed48ccb,1,,,,,PT-USDai-20NOV2025,0x8b4ca42bb3b1d789859f106222cf7dc5eed48ccb,collateral_assets,PT-USDai-20NOV2025,0x8b4ca42bb3b1d789859f106222cf7dc5eed48ccb,18,p30,2026-03-20T13:00:00Z,56,0,0,0,209514220351023144890735,209514.220351023145,29259162902057237458949067,29259162.902057237459,2025-11-10T13:00:00Z,202615155402621611309432,202615.155402621611,209514220351023144890735,209514.220351023145,202615155402621611309432,202615.155402621611,applicable,0.967071137525,applicable,0.006924844572
v1.0,exact_asset_group,0x8b4ca42bb3b1d789859f106222cf7dc5eed48ccb,1,,,,,PT-USDai-20NOV2025,0x8b4ca42bb3b1d789859f106222cf7dc5eed48ccb,collateral_assets,PT-USDai-20NOV2025,0x8b4ca42bb3b1d789859f106222cf7dc5eed48ccb,18,p90,2026-05-19T13:00:00Z,56,0,0,0,209514220351023144890735,209514.220351023145,29259162902057237458949067,29259162.902057237459,2025-11-10T13:00:00Z,202615155402621611309432,202615.155402621611,209514220351023144890735,209514.220351023145,202615155402621611309432,202615.155402621611,applicable,0.967071137525,applicable,0.006924844572
v1.0,exact_asset_group,0x8b4ca42bb3b1d789859f106222cf7dc5eed48ccb,1,,,,,PT-USDai-20NOV2025,0x8b4ca42bb3b1d789859f106222cf7dc5eed48ccb,collateral_assets,PT-USDai-20NOV2025,0x8b4ca42bb3b1d789859f106222cf7dc5eed48ccb,18,p180,2026-08-17T13:00:00Z,56,0,0,0,209514220351023144890735,209514.220351023145,29259162902057237458949067,29259162.902057237459,2025-11-10T13:00:00Z,2722159887457298949217,2722.159887457299,209514220351023144890735,209514.220351023145,2722159887457298949217,2722.159887457299,applicable,0.012992721367,applicable,0.000093036151
v1.0,exact_asset_group,0x936f210d277bf489a3211cef9ab4bc47a7b69c96,2,,,,,PT-sUSDai-20NOV2025,0x936f210d277bf489a3211cef9ab4bc47a7b69c96,collateral_assets,PT-sUSDai-20NOV2025,0x936f210d277bf489a3211cef9ab4bc47a7b69c96,18,p30,2026-03-20T13:00:00Z,56,0,0,0,951321573736285507638,951.321573736286,17292521091531083053809257,17292521.091531083054,2025-11-09T13:00:00Z,114037351753354375944,114.037351753354,951321573736285507638,951.321573736286,114037351753354375944,114.037351753354,applicable,0.119872559292,applicable,0.000006594605
v1.0,exact_asset_group,0x936f210d277bf489a3211cef9ab4bc47a7b69c96,2,,,,,PT-sUSDai-20NOV2025,0x936f210d277bf489a3211cef9ab4bc47a7b69c96,collateral_assets,PT-sUSDai-20NOV2025,0x936f210d277bf489a3211cef9ab4bc47a7b69c96,18,p90,2026-05-19T13:00:00Z,56,0,0,0,951321573736285507638,951.321573736286,17292521091531083053809257,17292521.091531083054,2025-11-09T13:00:00Z,114037351753354375944,114.037351753354,951321573736285507638,951.321573736286,114037351753354375944,114.037351753354,applicable,0.119872559292,applicable,0.000006594605
v1.0,exact_asset_group,0x936f210d277bf489a3211cef9ab4bc47a7b69c96,2,,,,,PT-sUSDai-20NOV2025,0x936f210d277bf489a3211cef9ab4bc47a7b69c96,collateral_assets,PT-sUSDai-20NOV2025,0x936f210d277bf489a3211cef9ab4bc47a7b69c96,18,p180,2026-08-17T13:00:00Z,56,0,0,0,951321573736285507638,951.321573736286,17292521091531083053809257,17292521.091531083054,2025-11-09T13:00:00Z,114037351753354375944,114.037351753354,951321573736285507638,951.321573736286,114037351753354375944,114.037351753354,applicable,0.119872559292,applicable,0.000006594605
v1.0,exact_asset_group,0x940098b108fb7d0a7e374f6eded7760787464609,1,,,,,sUSDC,0x940098b108fb7d0a7e374f6eded7760787464609,collateral_assets,sUSDC,0x940098b108fb7d0a7e374f6eded7760787464609,18,p30,2026-03-20T13:00:00Z,56,1000000000000000000,17857142857142857.142857142857,0.017857142857,1000000000000000000,1,25025506796000000000000,25025.506796,2025-12-10T13:00:00Z,1000000000000000000,1,982142857142857142.857142857143,0.982142857143,982142857142857142.857142857143,0.982142857143,applicable,1,applicable,0.000039245701
v1.0,exact_asset_group,0x940098b108fb7d0a7e374f6eded7760787464609,1,,,,,sUSDC,0x940098b108fb7d0a7e374f6eded7760787464609,collateral_assets,sUSDC,0x940098b108fb7d0a7e374f6eded7760787464609,18,p90,2026-05-19T13:00:00Z,56,1000000000000000000,17857142857142857.142857142857,0.017857142857,1000000000000000000,1,25025506796000000000000,25025.506796,2025-12-10T13:00:00Z,1000000000000000000,1,982142857142857142.857142857143,0.982142857143,982142857142857142.857142857143,0.982142857143,applicable,1,applicable,0.000039245701
v1.0,exact_asset_group,0x940098b108fb7d0a7e374f6eded7760787464609,1,,,,,sUSDC,0x940098b108fb7d0a7e374f6eded7760787464609,collateral_assets,sUSDC,0x940098b108fb7d0a7e374f6eded7760787464609,18,p180,2026-08-17T13:00:00Z,56,1000000000000000000,17857142857142857.142857142857,0.017857142857,1000000000000000000,1,25025506796000000000000,25025.506796,2025-12-10T13:00:00Z,1000000000000000000,1,982142857142857142.857142857143,0.982142857143,982142857142857142.857142857143,0.982142857143,applicable,1,applicable,0.000039245701
v1.0,exact_asset_group,0x9b3924f9652cabf3db48b7b4c92e474c571b3ab4,1,,,,,PT-thBILL-19FEB2026,0x9b3924f9652cabf3db48b7b4c92e474c571b3ab4,collateral_assets,PT-thBILL-19FEB2026,0x9b3924f9652cabf3db48b7b4c92e474c571b3ab4,6,p30,2026-03-20T13:00:00Z,56,0,0,0,5042442401519,5042442.401519,8649942915921,8649942.915921,2026-01-08T13:00:00Z,3000,0.003,5042442401519,5042442.401519,3000,0.003,applicable,0.000000000595,applicable,0.000000000347
v1.0,exact_asset_group,0x9b3924f9652cabf3db48b7b4c92e474c571b3ab4,1,,,,,PT-thBILL-19FEB2026,0x9b3924f9652cabf3db48b7b4c92e474c571b3ab4,collateral_assets,PT-thBILL-19FEB2026,0x9b3924f9652cabf3db48b7b4c92e474c571b3ab4,6,p90,2026-05-19T13:00:00Z,56,0,0,0,5042442401519,5042442.401519,8649942915921,8649942.915921,2026-01-08T13:00:00Z,3000,0.003,5042442401519,5042442.401519,3000,0.003,applicable,0.000000000595,applicable,0.000000000347
v1.0,exact_asset_group,0x9b3924f9652cabf3db48b7b4c92e474c571b3ab4,1,,,,,PT-thBILL-19FEB2026,0x9b3924f9652cabf3db48b7b4c92e474c571b3ab4,collateral_assets,PT-thBILL-19FEB2026,0x9b3924f9652cabf3db48b7b4c92e474c571b3ab4,6,p180,2026-08-17T13:00:00Z,56,0,0,0,5042442401519,5042442.401519,8649942915921,8649942.915921,2026-01-08T13:00:00Z,3000,0.003,5042442401519,5042442.401519,3000,0.003,applicable,0.000000000595,applicable,0.000000000347
v1.0,exact_asset_group,0xddb46999f8891663a8f2828d25298f70416d7610,2,,,,,sUSDS,0xddb46999f8891663a8f2828d25298f70416d7610,collateral_assets,sUSDS,0xddb46999f8891663a8f2828d25298f70416d7610,18,p30,2026-03-20T13:00:00Z,56,129782484000000000000,2317544357142857142.857142857143,2.317544357143,265908379057626635673112,265908.379057626636,21614540761874640341256912,21614540.761874640341,2025-12-12T13:00:00Z,13755284290899344368783821,13755284.290899344369,265906061513269492815969.142857142857,265906.061513269493,13755281973354987225926678.142857142857,13755281.973354987226,applicable,51.72985487835,applicable,0.636390270779
v1.0,exact_asset_group,0xddb46999f8891663a8f2828d25298f70416d7610,2,,,,,sUSDS,0xddb46999f8891663a8f2828d25298f70416d7610,collateral_assets,sUSDS,0xddb46999f8891663a8f2828d25298f70416d7610,18,p90,2026-05-19T13:00:00Z,56,129782484000000000000,2317544357142857142.857142857143,2.317544357143,265908379057626635673112,265908.379057626636,21614540761874640341256912,21614540.761874640341,2025-12-12T13:00:00Z,5391158026777777132652313,5391158.026777777133,265906061513269492815969.142857142857,265906.061513269493,5391155709233419989795170.142857142857,5391155.70923341999,applicable,20.274662708147,applicable,0.249422661655
v1.0,exact_asset_group,0xddb46999f8891663a8f2828d25298f70416d7610,2,,,,,sUSDS,0xddb46999f8891663a8f2828d25298f70416d7610,collateral_assets,sUSDS,0xddb46999f8891663a8f2828d25298f70416d7610,18,p180,2026-08-17T13:00:00Z,56,129782484000000000000,2317544357142857142.857142857143,2.317544357143,265908379057626635673112,265908.379057626636,21614540761874640341256912,21614540.761874640341,2025-12-12T13:00:00Z,248827862930132007611248,248827.862930132008,265906061513269492815969.142857142857,265906.061513269493,248825545385774864754105.142857142857,248825.545385774865,applicable,0.93576484857,applicable,0.011511952755
v1.0,exact_asset_group,0xdf03eed325b82bc1d4db8b49c30ecc9e05104b96,1,,,,,GLV [WBTC-USDC],0xdf03eed325b82bc1d4db8b49c30ecc9e05104b96,collateral_assets,GLV [WBTC-USDC],0xdf03eed325b82bc1d4db8b49c30ecc9e05104b96,18,p30,2026-03-20T13:00:00Z,56,0,0,0,231241944388215929821131,231241.94438821593,521788397154428074149396,521788.397154428074,2025-10-29T13:00:00Z,177781652670884736737496,177781.652670884737,231241944388215929821131,231241.94438821593,177781652670884736737496,177781.652670884737,applicable,0.7688123067,applicable,0.34071599453
v1.0,exact_asset_group,0xdf03eed325b82bc1d4db8b49c30ecc9e05104b96,1,,,,,GLV [WBTC-USDC],0xdf03eed325b82bc1d4db8b49c30ecc9e05104b96,collateral_assets,GLV [WBTC-USDC],0xdf03eed325b82bc1d4db8b49c30ecc9e05104b96,18,p90,2026-05-19T13:00:00Z,56,0,0,0,231241944388215929821131,231241.94438821593,521788397154428074149396,521788.397154428074,2025-10-29T13:00:00Z,13232967412351776109117,13232.967412351776,231241944388215929821131,231241.94438821593,13232967412351776109117,13232.967412351776,applicable,0.057225636324,applicable,0.025360792774
v1.0,exact_asset_group,0xdf03eed325b82bc1d4db8b49c30ecc9e05104b96,1,,,,,GLV [WBTC-USDC],0xdf03eed325b82bc1d4db8b49c30ecc9e05104b96,collateral_assets,GLV [WBTC-USDC],0xdf03eed325b82bc1d4db8b49c30ecc9e05104b96,18,p180,2026-08-17T13:00:00Z,56,0,0,0,231241944388215929821131,231241.94438821593,521788397154428074149396,521788.397154428074,2025-10-29T13:00:00Z,8086473520029098418581,8086.473520029098,231241944388215929821131,231241.94438821593,8086473520029098418581,8086.473520029098,applicable,0.034969752315,applicable,0.01549761084
v1.0,exact_asset_group,0xf9921bc1837a97b8f853c83521122c3fbf3f365f,1,,,,,PT-USDe-11DEC2025,0xf9921bc1837a97b8f853c83521122c3fbf3f365f,collateral_assets,PT-USDe-11DEC2025,0xf9921bc1837a97b8f853c83521122c3fbf3f365f,18,p30,2026-03-20T13:00:00Z,56,0,0,0,23445943690329401,0.02344594369,103674603199313401874399,103674.603199313402,2025-10-03T13:00:00Z,23445943690329401,0.02344594369,23445943690329401,0.02344594369,23445943690329401,0.02344594369,applicable,1,applicable,0.000000226149
v1.0,exact_asset_group,0xf9921bc1837a97b8f853c83521122c3fbf3f365f,1,,,,,PT-USDe-11DEC2025,0xf9921bc1837a97b8f853c83521122c3fbf3f365f,collateral_assets,PT-USDe-11DEC2025,0xf9921bc1837a97b8f853c83521122c3fbf3f365f,18,p90,2026-05-19T13:00:00Z,56,0,0,0,23445943690329401,0.02344594369,103674603199313401874399,103674.603199313402,2025-10-03T13:00:00Z,23445943690329401,0.02344594369,23445943690329401,0.02344594369,23445943690329401,0.02344594369,applicable,1,applicable,0.000000226149
v1.0,exact_asset_group,0xf9921bc1837a97b8f853c83521122c3fbf3f365f,1,,,,,PT-USDe-11DEC2025,0xf9921bc1837a97b8f853c83521122c3fbf3f365f,collateral_assets,PT-USDe-11DEC2025,0xf9921bc1837a97b8f853c83521122c3fbf3f365f,18,p180,2026-08-17T13:00:00Z,56,0,0,0,23445943690329401,0.02344594369,103674603199313401874399,103674.603199313402,2025-10-03T13:00:00Z,23445943690329401,0.02344594369,23445943690329401,0.02344594369,23445943690329401,0.02344594369,applicable,1,applicable,0.000000226149
v1.0,exact_asset_group,0xfdd22ce6d1f66bc0ec89b20bf16ccb6670f55a5a,1,,,,,thBILL,0xfdd22ce6d1f66bc0ec89b20bf16ccb6670f55a5a,collateral_assets,thBILL,0xfdd22ce6d1f66bc0ec89b20bf16ccb6670f55a5a,6,p30,2026-03-20T13:00:00Z,56,3500000,62500,0.0625,8828013905024,8828013.905024,92712471252930,92712471.25293,2025-10-08T13:00:00Z,2292855383352,2292855.383352,8828013842524,8828013.842524,2292855320852,2292855.320852,applicable,0.259724934935,applicable,0.02473081875
v1.0,exact_asset_group,0xfdd22ce6d1f66bc0ec89b20bf16ccb6670f55a5a,1,,,,,thBILL,0xfdd22ce6d1f66bc0ec89b20bf16ccb6670f55a5a,collateral_assets,thBILL,0xfdd22ce6d1f66bc0ec89b20bf16ccb6670f55a5a,6,p90,2026-05-19T13:00:00Z,56,3500000,62500,0.0625,8828013905024,8828013.905024,92712471252930,92712471.25293,2025-10-08T13:00:00Z,286173486103,286173.486103,8828013842524,8828013.842524,286173423603,286173.423603,applicable,0.032416512786,applicable,0.003086676689
v1.0,exact_asset_group,0xfdd22ce6d1f66bc0ec89b20bf16ccb6670f55a5a,1,,,,,thBILL,0xfdd22ce6d1f66bc0ec89b20bf16ccb6670f55a5a,collateral_assets,thBILL,0xfdd22ce6d1f66bc0ec89b20bf16ccb6670f55a5a,6,p180,2026-08-17T13:00:00Z,56,3500000,62500,0.0625,8828013905024,8828013.905024,92712471252930,92712471.25293,2025-10-08T13:00:00Z,24018179694,24018.179694,8828013842524,8828013.842524,24018117194,24018.117194,applicable,0.002720670541,applicable,0.000259060263
v1.0,fixed_program,45_markets,45,,,,,,,active_borrowers,wallets,,,p30,2026-03-20T13:00:00Z,56,1082,19.321428571429,19.321428571429,765,765,3132,3132,2025-11-05T13:00:00Z,578,578,745.678571428571,745.678571428571,558.678571428571,558.678571428571,applicable,0.74922170602,applicable,0.179484825885
v1.0,fixed_program,45_markets,45,,,,,,,active_borrowers,wallets,,,p90,2026-05-19T13:00:00Z,56,1082,19.321428571429,19.321428571429,765,765,3132,3132,2025-11-05T13:00:00Z,608,608,745.678571428571,745.678571428571,588.678571428571,588.678571428571,applicable,0.789453517889,applicable,0.189122827147
v1.0,fixed_program,45_markets,45,,,,,,,active_borrowers,wallets,,,p180,2026-08-17T13:00:00Z,56,1082,19.321428571429,19.321428571429,765,765,3132,3132,2025-11-05T13:00:00Z,495,495,745.678571428571,745.678571428571,475.678571428571,475.678571428571,applicable,0.637913693185,applicable,0.15281968906
v1.0,fixed_program,45_markets,45,,,,,,,active_borrowers_shares_only,wallets,,,p30,2026-03-20T13:00:00Z,56,1291,23.053571428571,23.053571428571,1416,1416,3762,3762,2025-11-05T13:00:00Z,1301,1301,1392.946428571429,1392.946428571429,1277.946428571429,1277.946428571429,applicable,0.917441189667,applicable,0.341793190404
v1.0,fixed_program,45_markets,45,,,,,,,active_borrowers_shares_only,wallets,,,p90,2026-05-19T13:00:00Z,56,1291,23.053571428571,23.053571428571,1416,1416,3762,3762,2025-11-05T13:00:00Z,1348,1348,1392.946428571429,1392.946428571429,1324.946428571429,1324.946428571429,applicable,0.951182616499,applicable,0.354363576447
v1.0,fixed_program,45_markets,45,,,,,,,active_borrowers_shares_only,wallets,,,p180,2026-08-17T13:00:00Z,56,1291,23.053571428571,23.053571428571,1416,1416,3762,3762,2025-11-05T13:00:00Z,1172,1172,1392.946428571429,1392.946428571429,1148.946428571429,1148.946428571429,applicable,0.824831741555,applicable,0.307291492542
